,Tour Name,Tour Type,Tour Duration,Tour Price,Price Per,Cancellation,Tour By,City,Country,Link
0,,16 places sorted by traveler favorites,,,,,Clear all filters,Al Ula,Saudi Arabia,https://www.tripadvisor.com/ClientLink?value=MHVaXy9BdHRyYWN0aW9ucy1nMTgwMjE4NC1BY3Rpdml0aWVzLWFfYWxsQXR0cmFjdGlvbnMudHJ1ZS1BbFVsYV9BbF9NYWRpbmFoX1Byb3ZpbmNlLmh0bWxfRmZw
1,Half day Hegra Experience,Bus Tours,2 hours,$35.00,per adult,,By Saudi Discovery,Al Ula,Saudi Arabia,https://www.tripadvisor.com/Attraction_Review-g293995-d23844054-Reviews-Saudi_Discovery-Riyadh_Riyadh_Province.html
2,The Cycle Trail AlUla,Mountain Bike Tours,2 hours,$50.00,per adult,,By Husaak Adventures,Al Ula,Saudi Arabia,https://www.tripadvisor.com/Attraction_Review-g1802184-d23367728-Reviews-Husaak_Adventures-AlUla_Al_Madinah_Province.html
3,Rock Art Trail in Hegra Tour,Bus Tours,1 hour,$25.00,per adult,Free cancellation,By Saudi Discovery,Al Ula,Saudi Arabia,https://www.tripadvisor.com/Attraction_Review-g293995-d23844054-Reviews-Saudi_Discovery-Riyadh_Riyadh_Province.html
4,Al Ula Stargazing or Moon Night Experience Tour,Bus Tours,5 hours,$121.00,per adult,Free cancellation,By Saudi Discovery,Al Ula,Saudi Arabia,https://www.tripadvisor.com/Attraction_Review-g293995-d23844054-Reviews-Saudi_Discovery-Riyadh_Riyadh_Province.html
5,Half day Dadan & Jabal Ikmah Tour,Bus Tours,2 hours,$29.00,per adult,,By Saudi Discovery,Al Ula,Saudi Arabia,https://www.tripadvisor.com/Attraction_Review-g293995-d23844054-Reviews-Saudi_Discovery-Riyadh_Riyadh_Province.html
6,Wadi Al Disah Full Day Tour with Hotel Pickup,Bus Tours,6+ hours,$147.00,per adult,Free cancellation,By Saudi Discovery,Al Ula,Saudi Arabia,https://www.tripadvisor.com/Attraction_Review-g293995-d23844054-Reviews-Saudi_Discovery-Riyadh_Riyadh_Province.html
7,Full-Day Tayma Tour from Al Ula,Bus Tours,6+ hours,$152.00,per adult,Free cancellation,By Saudi Discovery,Al Ula,Saudi Arabia,https://www.tripadvisor.com/Attraction_Review-g293995-d23844054-Reviews-Saudi_Discovery-Riyadh_Riyadh_Province.html
8,Morning Safari From Al Ula,Bus Tours,5 hours,$98.00,per adult,Free cancellation,By Saudi Discovery,Al Ula,Saudi Arabia,https://www.tripadvisor.com/Attraction_Review-g293995-d23844054-Reviews-Saudi_Discovery-Riyadh_Riyadh_Province.html
9,Al Ula Old Town Experience,Bus Tours,1 hour,$25.00,per adult,,By Saudi Discovery,Al Ula,Saudi Arabia,https://www.tripadvisor.com/Attraction_Review-g293995-d23844054-Reviews-Saudi_Discovery-Riyadh_Riyadh_Province.html
10,AlUla Day Tour,Skip-the-Line Tours,6–7 hours,$385.00,per adult,Free cancellation,By Neom Tours,Al Ula,Saudi Arabia,https://www.tripadvisor.com/Attraction_Review-g679581-d21508322-Reviews-Neom_Tours-Tabouk_Tabuk_Province.html
11,Elephant Rock Tour in Al Ula (Pick Up Option Offered),Bus Tours,2 hours,$22.00,per adult,,By Saudi Discovery,Al Ula,Saudi Arabia,https://www.tripadvisor.com/Attraction_Review-g293995-d23844054-Reviews-Saudi_Discovery-Riyadh_Riyadh_Province.html
12,4X4 Desert Safari Tour in Al Ula,Bus Tours,5 hours,$117.00,per adult,Free cancellation,By Saudi Discovery,Al Ula,Saudi Arabia,https://www.tripadvisor.com/Attraction_Review-g293995-d23844054-Reviews-Saudi_Discovery-Riyadh_Riyadh_Province.html
13,Hiking Adventure in The Hidden Valley AlUla,,2–3 hours,$85.00,per adult,,By Husaak Adventures,Al Ula,Saudi Arabia,https://www.tripadvisor.com/Attraction_Review-g1802184-d23367728-Reviews-Husaak_Adventures-AlUla_Al_Madinah_Province.html
14,3 Hour Al Ula Hiking Adventure,,3 hours,$80.00,per adult,Free cancellation,By جاده للمغامرات,Al Ula,Saudi Arabia,https://www.tripadvisor.com/Attraction_Review-g1802184-d21363156-Reviews-AlUla_Al_Madinah_Province.html
15,The Adventure Trail AlUla,,6 hours,$80.00,per adult,,By Husaak Adventures,Al Ula,Saudi Arabia,https://www.tripadvisor.com/Attraction_Review-g1802184-d23367728-Reviews-Husaak_Adventures-AlUla_Al_Madinah_Province.html
16,Horse Trail Guided Experience in Al Ula,Bus Tours,1 hour,$62.00,per adult,,By Saudi Discovery,Al Ula,Saudi Arabia,https://www.tripadvisor.com/Attraction_Review-g293995-d23844054-Reviews-Saudi_Discovery-Riyadh_Riyadh_Province.html
17,,Frequently Asked Questions about AlUla,Which experiences are best for tours in AlUla?,What are the best places for tours in AlUla?,,,,Al Ula,Saudi Arabia,
