WlYyy,cctrW,iPqaD,iPqaD href,FmrIP href,dugSS src,bUshh,cIVmB,iPqaD href 2,WlYyy 2,WlYyy 3,ySnDE,WlYyy 4,WlYyy 5,cctrW 2,ccVGl,WlYyy 6,ccVGl 2,WlYyy 7,WlYyy 8,dXxty
"1,000+ places sorted by traveler favorites","Tours, activities and experiences bookable on Tripadvisor, ranked using exclusive Tripadvisor data including reviews, ratings, photos, popularity, user preferences, price, and bookings made through Tripadvisor.",Clear all filters,https://www.tripadvisor.com/ClientLink?value=WjU0Xy9BdHRyYWN0aW9ucy1nMTg3NDk3LUFjdGl2aXRpZXMtYV9hbGxBdHRyYWN0aW9ucy50cnVlLUJhcmNlbG9uYV9DYXRhbG9uaWEuaHRtbF9NVmI%3D,,,,,,,,,,,,,,,,,
174,Not sure? You can cancel this reservation up to 24 hours in advance for a full refund.,By The Paella Club,https://www.tripadvisor.com/AttractionProductReview-g187497-d14986446-Paella_Cooking_Experience_with_Professional_Chef_Four_Course_Dinner-Barcelona_Cata.html#REVIEWS,https://www.tripadvisor.com/AttractionProductReview-g187497-d14986446-Paella_Cooking_Experience_with_Professional_Chef_Four_Course_Dinner-Barcelona_Cata.html,https://dynamic-media-cdn.tripadvisor.com/media/photo-o/1a/f9/2a/31/caption.jpg?w=500&h=400&s=1,Paella Cooking Experience with Professional Chef: Four Course Dinner,31.,https://www.tripadvisor.com/Attraction_Review-g187497-d13201643-Reviews-The_Paella_Club-Barcelona_Catalonia.html,Cooking Classes,2–3 hours,This 4-course workshop lasts approximately 2.5 hours and is a great introduction to the world of paella and Spanish cuisine…,Free cancellation,100% of travelers recommend this experience,This number is based on the percentage of all Tripadvisor reviews for this product that have a bubble rating of 4 or higher,from,$96.17,per adult,More info,,
69,Not sure? You can cancel this reservation up to 24 hours in advance for a full refund.,By Barcelona Y Day Trips,https://www.tripadvisor.com/AttractionProductReview-g187497-d16822150-France_Andorra_Spain_in_One_Day_Trip_From_Barcelona_Private_Tour_Pick_up-Barcelona.html#REVIEWS,https://www.tripadvisor.com/AttractionProductReview-g187497-d16822150-France_Andorra_Spain_in_One_Day_Trip_From_Barcelona_Private_Tour_Pick_up-Barcelona.html,https://dynamic-media-cdn.tripadvisor.com/media/photo-o/1a/54/42/bb/caption.jpg?w=500&h=400&s=1,"France, Andorra, Spain in One Day Trip From Barcelona (Private Tour + Pick-up)",32.,https://www.tripadvisor.com/Attraction_Review-g187497-d16802032-Reviews-Barcelona_Y_Day_Trips-Barcelona_Catalonia.html,Bus Tours,11–12 hours,"Get your passport ready to visit three countries in one day on this private whistle-stop tour of sites in Spain, Andorra…",Free cancellation,98% of travelers recommend this experience,This number is based on the percentage of all Tripadvisor reviews for this product that have a bubble rating of 4 or higher,from,$197.99,per adult,More info,LIKELY TO SELL OUT*,
198,Not sure? You can cancel this reservation up to 24 hours in advance for a full refund.,By Barcelona Segway Tour,https://www.tripadvisor.com/AttractionProductReview-g187497-d11453861-Barcelona_Segway_Tour-Barcelona_Catalonia.html#REVIEWS,https://www.tripadvisor.com/AttractionProductReview-g187497-d11453861-Barcelona_Segway_Tour-Barcelona_Catalonia.html,https://dynamic-media-cdn.tripadvisor.com/media/photo-o/1a/f4/91/86/caption.jpg?w=500&h=400&s=1,Barcelona Segway Tour,33.,https://www.tripadvisor.com/Attraction_Review-g187497-d1444032-Reviews-Barcelona_Segway_Tour-Barcelona_Catalonia.html,Segway Tours,2 hours,"Hop on an electric, self-balancing Segway and explore Barcelona’s Parc de la Ciutadella plus the historical harbor Port …",Free cancellation,98% of travelers recommend this experience,This number is based on the percentage of all Tripadvisor reviews for this product that have a bubble rating of 4 or higher,from,$55.44,per adult,More info,,
150,,By Barcelona y Flamenco,https://www.tripadvisor.com/AttractionProductReview-g187497-d11991298-Flamenco_Show_Ticket_at_Theatre_Barcelona_City_Hall-Barcelona_Catalonia.html#REVIEWS,https://www.tripadvisor.com/AttractionProductReview-g187497-d11991298-Flamenco_Show_Ticket_at_Theatre_Barcelona_City_Hall-Barcelona_Catalonia.html,https://dynamic-media-cdn.tripadvisor.com/media/photo-o/1a/60/3f/a2/caption.jpg?w=500&h=400&s=1,Flamenco Show Ticket at Theatre Barcelona City Hall,34.,https://www.tripadvisor.com/Attraction_Review-g187497-d3822487-Reviews-Barcelona_y_Flamenco-Barcelona_Catalonia.html,Theaters,1 hour,"Welcome to Barcelona City Hall to enjoy this traditional Spanish art form of Flamenco, which has been awarded UNESCO World…",,,,from,$20.36,per adult,More info,,Taking safety measures
121,Not sure? You can cancel this reservation up to 24 hours in advance for a full refund.,By Explore Catalunya,https://www.tripadvisor.com/AttractionProductReview-g187497-d11448523-Medieval_Three_Villages_Small_Group_Day_Trip_from_Barcelona-Barcelona_Catalonia.html#REVIEWS,https://www.tripadvisor.com/AttractionProductReview-g187497-d11448523-Medieval_Three_Villages_Small_Group_Day_Trip_from_Barcelona-Barcelona_Catalonia.html,https://dynamic-media-cdn.tripadvisor.com/media/photo-o/1c/44/6d/47/caption.jpg?w=500&h=400&s=1,Medieval Three Villages Small Group Day Trip from Barcelona,35.,https://www.tripadvisor.com/Attraction_Review-g187497-d1602326-Reviews-Explore_Catalunya-Barcelona_Catalonia.html,Car Tours,6+ hours,Leave Barcelona and travel back to ancient times on this small-group tour of Catalonia’s medieval villages. Visit the beautifully…,Free cancellation,96% of travelers recommend this experience,This number is based on the percentage of all Tripadvisor reviews for this product that have a bubble rating of 4 or higher,from,$102.47,per adult,More info,LIKELY TO SELL OUT*,
10,Not sure? You can cancel this reservation up to 24 hours in advance for a full refund.,By We Are Guides Barcelona,https://www.tripadvisor.com/AttractionProductReview-g187497-d13553005-Private_Barcelona_Tour_with_Licensed_Guide_Sagrada_Familia_Park_Guell_La_Pedrera-B.html#REVIEWS,https://www.tripadvisor.com/AttractionProductReview-g187497-d13553005-Private_Barcelona_Tour_with_Licensed_Guide_Sagrada_Familia_Park_Guell_La_Pedrera-B.html,https://dynamic-media-cdn.tripadvisor.com/media/photo-o/1d/8e/ac/97/caption.jpg?w=500&h=400&s=1,Private Barcelona Tour with Licensed Guide Sagrada Familia-Park Güell-La Pedrera,36.,https://www.tripadvisor.com/Attraction_Review-g187497-d13908805-Reviews-We_Are_Guides_Barcelona-Barcelona_Catalonia.html,Bus Tours,6+ hours,"On this private sightseeing tour, you will explore the best that this city has to offer - discover the rich history of the…",Free cancellation,90% of travelers recommend this experience,This number is based on the percentage of all Tripadvisor reviews for this product that have a bubble rating of 4 or higher,from,$452.54,per adult,More info,LIKELY TO SELL OUT*,
23,Not sure? You can cancel this reservation up to 24 hours in advance for a full refund.,By Sailing Experience Barcelona,https://www.tripadvisor.com/AttractionProductReview-g187497-d11470125-Private_Sailing_Experience_Barcelona_up_to_11_guests_2_3_4_hours-Barcelona_Catalon.html#REVIEWS,https://www.tripadvisor.com/AttractionProductReview-g187497-d11470125-Private_Sailing_Experience_Barcelona_up_to_11_guests_2_3_4_hours-Barcelona_Catalon.html,https://dynamic-media-cdn.tripadvisor.com/media/photo-o/1a/5c/96/88/caption.jpg?w=500&h=400&s=1,"Private Sailing Experience Barcelona up to 11 guests, 2/3/4 hours",37.,https://www.tripadvisor.com/Attraction_Review-g187497-d7942625-Reviews-Sailing_Experience_Barcelona-Barcelona_Catalonia.html,Sailing,2–4 hours,"Cruise along Barcelona's Mediterranean Coast on this private 2h, 3h or 4-hour sailing tour. Aboard a luxurious yacht, you…",Free cancellation,95% of travelers recommend this experience,This number is based on the percentage of all Tripadvisor reviews for this product that have a bubble rating of 4 or higher,from,$417.47,per group,More info,,
92,Not sure? You can cancel this reservation up to 24 hours in advance for a full refund.,By Local CoolTour Barcelona,https://www.tripadvisor.com/AttractionProductReview-g187497-d15754646-Sagrada_Familia_Gaudi_Private_Tour_Skip_the_Line_Tickets-Barcelona_Catalonia.html#REVIEWS,https://www.tripadvisor.com/AttractionProductReview-g187497-d15754646-Sagrada_Familia_Gaudi_Private_Tour_Skip_the_Line_Tickets-Barcelona_Catalonia.html,https://dynamic-media-cdn.tripadvisor.com/media/photo-o/1a/53/dd/27/caption.jpg?w=500&h=400&s=1,Sagrada Familia & Gaudí Private Tour - Skip the Line Tickets,38.,https://www.tripadvisor.com/Attraction_Review-g187497-d15635679-Reviews-Local_CoolTour_Barcelona-Barcelona_Catalonia.html,Public Transportation Tours,3 hours,"Barcelona and Gaudi are two concepts that go together. Barcelona is imbued by Gaudi’s work.

Learn all about the life of…",Free cancellation,,,from,$96.17,per adult,More info,,Taking safety measures
88,Not sure? You can cancel this reservation up to 24 hours in advance for a full refund.,By We Barcelona,https://www.tripadvisor.com/AttractionProductReview-g187497-d12577603-Montserrat_Monastery_Horse_Riding_Experience_from_Barcelona-Barcelona_Catalonia.html#REVIEWS,https://www.tripadvisor.com/AttractionProductReview-g187497-d12577603-Montserrat_Monastery_Horse_Riding_Experience_from_Barcelona-Barcelona_Catalonia.html,https://dynamic-media-cdn.tripadvisor.com/media/photo-o/1a/5a/b8/55/caption.jpg?w=500&h=400&s=1,Montserrat Monastery & Horse Riding Experience from Barcelona,39.,https://www.tripadvisor.com/Attraction_Review-g187497-d3366811-Reviews-We_Barcelona-Barcelona_Catalonia.html,Bus Tours,5–6 hours,"Topped by a Benedictine Monastery, Montserrat is an ideal half-day trip to spend a fun day in nature, just a few kilometers…",Free cancellation,93% of travelers recommend this experience,This number is based on the percentage of all Tripadvisor reviews for this product that have a bubble rating of 4 or higher,from,$113.12,per adult,More info,LIKELY TO SELL OUT*,
437,Not sure? You can cancel this reservation up to 24 hours in advance for a full refund.,By City Sightseeing Barcelona,https://www.tripadvisor.com/AttractionProductReview-g187497-d11448072-City_Sightseeing_Barcelona_Hop_On_Hop_Off_Bus_Tour-Barcelona_Catalonia.html#REVIEWS,https://www.tripadvisor.com/AttractionProductReview-g187497-d11448072-City_Sightseeing_Barcelona_Hop_On_Hop_Off_Bus_Tour-Barcelona_Catalonia.html,https://dynamic-media-cdn.tripadvisor.com/media/photo-o/1a/7a/f0/a1/caption.jpg?w=500&h=400&s=1,City Sightseeing Barcelona Hop-On Hop-Off Bus Tour,40.,https://www.tripadvisor.com/Attraction_Review-g187497-d2021238-Reviews-City_Sightseeing_Barcelona-Barcelona_Catalonia.html,Bus Tours,2 hours,Discover the very best of Barcelona with a 1 or 2 day hop-on hop-off bus pass. This double-decker bus tour takes you to …,Free cancellation,,,from,$33.94,per adult,More info,,Taking safety measures
188,Not sure? You can cancel this reservation up to 24 hours in advance for a full refund.,By Explore Catalunya,https://www.tripadvisor.com/AttractionProductReview-g187497-d11448527-Girona_and_Costa_Brava_Small_Group_Tour_from_Barcelona-Barcelona_Catalonia.html#REVIEWS,https://www.tripadvisor.com/AttractionProductReview-g187497-d11448527-Girona_and_Costa_Brava_Small_Group_Tour_from_Barcelona-Barcelona_Catalonia.html,https://dynamic-media-cdn.tripadvisor.com/media/photo-o/1c/44/6d/41/caption.jpg?w=500&h=400&s=1,Girona and Costa Brava Small Group Tour from Barcelona,41.,https://www.tripadvisor.com/Attraction_Review-g187497-d1602326-Reviews-Explore_Catalunya-Barcelona_Catalonia.html,Car Tours,6+ hours,"On this day trip from Barcelona, you will visit the city of Girona in the north east of Catalonia before continuing to the…",Free cancellation,93% of travelers recommend this experience,This number is based on the percentage of all Tripadvisor reviews for this product that have a bubble rating of 4 or higher,from,$102.47,per adult,More info,LIKELY TO SELL OUT*,
309,Not sure? You can cancel this reservation up to 24 hours in advance for a full refund.,By We Barcelona,https://www.tripadvisor.com/AttractionProductReview-g187497-d11454793-3600_Barcelona_E_Bike_Tour_Montjuic_Cable_Car_and_Boat_Cruise-Barcelona_Catalonia.html#REVIEWS,https://www.tripadvisor.com/AttractionProductReview-g187497-d11454793-3600_Barcelona_E_Bike_Tour_Montjuic_Cable_Car_and_Boat_Cruise-Barcelona_Catalonia.html,https://dynamic-media-cdn.tripadvisor.com/media/photo-o/1a/64/0d/83/caption.jpg?w=500&h=400&s=1,"360º Barcelona E-Bike Tour, Montjuic Cable Car and Boat Cruise",42.,https://www.tripadvisor.com/Attraction_Review-g187497-d3366811-Reviews-We_Barcelona-Barcelona_Catalonia.html,E-Bike Tours,3 hours,"*The Montuic Cable Car is inoperative from 28/02/22 to 03/03/22, instead, we will offer a visit to the Columbus Statue Viewer…",Free cancellation,96% of travelers recommend this experience,This number is based on the percentage of all Tripadvisor reviews for this product that have a bubble rating of 4 or higher,from,$67.87,per adult,More info,,
101,Not sure? You can cancel this reservation up to 24 hours in advance for a full refund.,By Explore Catalunya,https://www.tripadvisor.com/AttractionProductReview-g187497-d11448524-Salvador_Dali_Museum_Port_Lligat_and_Cadaques_Small_Group_tour_from_Barcelona-Barc.html#REVIEWS,https://www.tripadvisor.com/AttractionProductReview-g187497-d11448524-Salvador_Dali_Museum_Port_Lligat_and_Cadaques_Small_Group_tour_from_Barcelona-Barc.html,https://dynamic-media-cdn.tripadvisor.com/media/photo-o/1a/cc/37/00/caption.jpg?w=500&h=400&s=1,"Salvador Dali Museum, Port Lligat and Cadaques Small Group tour from Barcelona",43.,https://www.tripadvisor.com/Attraction_Review-g187497-d1602326-Reviews-Explore_Catalunya-Barcelona_Catalonia.html,Bus Tours,6+ hours,"This is without doubt, one of the most complete Salvador Dalí tours available. Spend the morning at the unique Dalí Museum…",Free cancellation,90% of travelers recommend this experience,This number is based on the percentage of all Tripadvisor reviews for this product that have a bubble rating of 4 or higher,from,$109.38,per adult,More info,,
47,Not sure? You can cancel this reservation up to 24 hours in advance for a full refund.,By Globubolg,https://www.tripadvisor.com/AttractionProductReview-g187497-d11469348-Hot_Air_Balloon_Flights_Around_Barcelona-Barcelona_Catalonia.html#REVIEWS,https://www.tripadvisor.com/AttractionProductReview-g187497-d11469348-Hot_Air_Balloon_Flights_Around_Barcelona-Barcelona_Catalonia.html,https://dynamic-media-cdn.tripadvisor.com/media/photo-o/21/52/66/a1/caption.jpg?w=500&h=400&s=1,Hot Air Balloon Flights Around Barcelona,44.,https://www.tripadvisor.com/Attraction_Review-g670666-d2218953-Reviews-Globubolg-Granollers_Catalonia.html,Adventure Tours,5 hours,"Fly like a bird over one of Catalonia's most beautiful landscapes, the Montseny Nature Reserve during this half-day excursion…",Free cancellation,95% of travelers recommend this experience,This number is based on the percentage of all Tripadvisor reviews for this product that have a bubble rating of 4 or higher,from,$196.49,per adult,More info,,
41,Not sure? You can cancel this reservation up to 24 hours in advance for a full refund.,By In Out Barcelona Tours,https://www.tripadvisor.com/AttractionProductReview-g187497-d11988185-Tarragona_and_Sitges_Tour_with_Small_Group_and_Hotel_Pick_Up-Barcelona_Catalonia.html#REVIEWS,https://www.tripadvisor.com/AttractionProductReview-g187497-d11988185-Tarragona_and_Sitges_Tour_with_Small_Group_and_Hotel_Pick_Up-Barcelona_Catalonia.html,https://dynamic-media-cdn.tripadvisor.com/media/photo-o/1a/65/6a/40/caption.jpg?w=500&h=400&s=1,Tarragona and Sitges Tour with Small Group and Hotel Pick Up,45.,https://www.tripadvisor.com/Attraction_Review-g187497-d7365281-Reviews-In_Out_Barcelona_Tours-Barcelona_Catalonia.html,Bus Tours,6+ hours,Travel back in time to the ancient capital of Hispania and enjoy the modern charm of Sitges. Live a day in the warmer shores…,Free cancellation,100% of travelers recommend this experience,This number is based on the percentage of all Tripadvisor reviews for this product that have a bubble rating of 4 or higher,from,$109.38,per adult,More info,LIKELY TO SELL OUT*,
15,Not sure? You can cancel this reservation up to 24 hours in advance for a full refund.,By Barcelona Local Experiences,https://www.tripadvisor.com/AttractionProductReview-g187497-d12005668-Montserrat_Half_Day_Experience_from_Barcelona-Barcelona_Catalonia.html#REVIEWS,https://www.tripadvisor.com/AttractionProductReview-g187497-d12005668-Montserrat_Half_Day_Experience_from_Barcelona-Barcelona_Catalonia.html,https://dynamic-media-cdn.tripadvisor.com/media/photo-o/1a/f6/5d/9b/caption.jpg?w=500&h=400&s=1,Montserrat Half Day Experience from Barcelona,46.,https://www.tripadvisor.com/Attraction_Review-g187497-d7763839-Reviews-Barcelona_Local_Experiences-Barcelona_Catalonia.html,Bus Tours,5 hours,"Join us for a half-dray trip to Montserrat in a small group guided tour. Board on our air-conditionated private coach, and…",Free cancellation,100% of travelers recommend this experience,This number is based on the percentage of all Tripadvisor reviews for this product that have a bubble rating of 4 or higher,from,$73.54,per adult,More info,,
28,Not sure? You can cancel this reservation up to 24 hours in advance for a full refund.,By BeBike Tours,https://www.tripadvisor.com/AttractionProductReview-g187497-d12576681-3_hour_Barcelona_Montjuic_Hill_and_Gothic_Quarter_E_Bike_Tour-Barcelona_Catalonia.html#REVIEWS,https://www.tripadvisor.com/AttractionProductReview-g187497-d12576681-3_hour_Barcelona_Montjuic_Hill_and_Gothic_Quarter_E_Bike_Tour-Barcelona_Catalonia.html,https://dynamic-media-cdn.tripadvisor.com/media/photo-o/1a/f6/14/76/caption.jpg?w=500&h=400&s=1,"3-hour Barcelona, Montjuic Hill, and Gothic Quarter E-Bike Tour",47.,https://www.tripadvisor.com/Attraction_Review-g187497-d12698722-Reviews-BeBike_Tours-Barcelona_Catalonia.html,E-Bike Tours,3 hours,Climb Montjuïc Mountain with the small-group (maximum 8 participants) in the city on this 3.5-hour private e-bike tour of…,Free cancellation,100% of travelers recommend this experience,This number is based on the percentage of all Tripadvisor reviews for this product that have a bubble rating of 4 or higher,from,$44.12,per adult,More info,,
31,Not sure? You can cancel this reservation up to 24 hours in advance for a full refund.,By Volarte Tours,https://www.tripadvisor.com/AttractionProductReview-g187497-d16647346-Gothic_Quarter_s_deepest_secrets_Sangria-Barcelona_Catalonia.html#REVIEWS,https://www.tripadvisor.com/AttractionProductReview-g187497-d16647346-Gothic_Quarter_s_deepest_secrets_Sangria-Barcelona_Catalonia.html,https://dynamic-media-cdn.tripadvisor.com/media/photo-o/1a/55/cc/25/caption.jpg?w=500&h=400&s=1,Gothic Quarter's deepest secrets & Sangria,48.,https://www.tripadvisor.com/Attraction_Review-g187497-d14015940-Reviews-Volarte_Tours-Barcelona_Catalonia.html,Walking Tours,3 hours,Introduce yourself to Barcelona with a fascinating walking tour through the historic City Center where you will learn everything…,Free cancellation,100% of travelers recommend this experience,This number is based on the percentage of all Tripadvisor reviews for this product that have a bubble rating of 4 or higher,from,$55.44,per adult,More info,,
201,Not sure? You can cancel this reservation up to 24 hours in advance for a full refund.,By We Barcelona,https://www.tripadvisor.com/AttractionProductReview-g187497-d11454794-Montserrat_Monastery_Visit_Natural_Park_Hiking_with_Railway_from_Barcelona-Barcelo.html#REVIEWS,https://www.tripadvisor.com/AttractionProductReview-g187497-d11454794-Montserrat_Monastery_Visit_Natural_Park_Hiking_with_Railway_from_Barcelona-Barcelo.html,https://dynamic-media-cdn.tripadvisor.com/media/photo-o/1a/64/03/47/caption.jpg?w=500&h=400&s=1,Montserrat Monastery Visit & Natural Park Hiking with Railway from Barcelona,49.,https://www.tripadvisor.com/Attraction_Review-g187497-d3366811-Reviews-We_Barcelona-Barcelona_Catalonia.html,Adventure Tours,5–6 hours,"The experience starts in the upper part of Passeig de Gràcia, before journeying to experience the natural splendor of Montserrat…",Free cancellation,97% of travelers recommend this experience,This number is based on the percentage of all Tripadvisor reviews for this product that have a bubble rating of 4 or higher,from,$64.48,per adult,More info,LIKELY TO SELL OUT*,
75,Not sure? You can cancel this reservation up to 24 hours in advance for a full refund.,By Sea Barcelona,https://www.tripadvisor.com/AttractionProductReview-g187497-d13979198-Barcelona_Sailing_Cruise_with_Light_Snacks_and_Open_Bar-Barcelona_Catalonia.html#REVIEWS,https://www.tripadvisor.com/AttractionProductReview-g187497-d13979198-Barcelona_Sailing_Cruise_with_Light_Snacks_and_Open_Bar-Barcelona_Catalonia.html,https://dynamic-media-cdn.tripadvisor.com/media/photo-o/21/64/a2/1a/caption.jpg?w=500&h=400&s=1,Barcelona Sailing Cruise with Light Snacks and Open Bar,50.,https://www.tripadvisor.com/Attraction_Review-g187497-d12187651-Reviews-Sea_Barcelona-Barcelona_Catalonia.html,Sailing,2 hours,"You will leave the land lubbers far behind and begin an exciting journey of new experiences and discoveries. 

The 2 hour…",Free cancellation,94% of travelers recommend this experience,This number is based on the percentage of all Tripadvisor reviews for this product that have a bubble rating of 4 or higher,from,$55.44,per adult,More info,,
62,Not sure? You can cancel this reservation up to 24 hours in advance for a full refund.,By Barcelona y Flamenco,https://www.tripadvisor.com/AttractionProductReview-g187497-d11453936-Gran_Gala_Flamenco_at_PALAU_DE_LA_MUSICA_or_POLIORAMA_THEATRE-Barcelona_Catalonia.html#REVIEWS,https://www.tripadvisor.com/AttractionProductReview-g187497-d11453936-Gran_Gala_Flamenco_at_PALAU_DE_LA_MUSICA_or_POLIORAMA_THEATRE-Barcelona_Catalonia.html,https://dynamic-media-cdn.tripadvisor.com/media/photo-o/1a/7e/cb/9b/caption.jpg?w=500&h=400&s=1,"""Gran Gala Flamenco"" at: PALAU DE LA MÚSICA or POLIORAMA THEATRE",51.,https://www.tripadvisor.com/Attraction_Review-g187497-d2352770-Reviews-Barcelona_y_Flamenco-Barcelona_Catalonia.html,Shows,1–2 hours,See the acclaimed ‘Gran Gala Flamenco’ show at Barcelona’s Palau de la Música Catalana! Featuring accomplished Catalan flamenco…,Free cancellation,,,from,$40.73,per adult,More info,,Taking safety measures
26,Not sure? You can cancel this reservation up to 24 hours in advance for a full refund.,By In Out Barcelona Tours,https://www.tripadvisor.com/AttractionProductReview-g187497-d11988242-Montserrat_and_Vineyard_with_Wine_Tasting_Small_Group_Tour_with_Hotel_pick_up-Barc.html#REVIEWS,https://www.tripadvisor.com/AttractionProductReview-g187497-d11988242-Montserrat_and_Vineyard_with_Wine_Tasting_Small_Group_Tour_with_Hotel_pick_up-Barc.html,https://dynamic-media-cdn.tripadvisor.com/media/photo-o/1a/65/69/1b/caption.jpg?w=500&h=400&s=1,Montserrat and Vineyard with Wine Tasting Small Group Tour with Hotel pick-up,52.,https://www.tripadvisor.com/Attraction_Review-g187497-d7365281-Reviews-In_Out_Barcelona_Tours-Barcelona_Catalonia.html,Wine Tours,6+ hours,"In a comfortable Small Group tour of a maximum 8 people delve into Catalan traditions, visiting the mythical mountain of…",Free cancellation,,,from,$109.38,per adult,More info,LIKELY TO SELL OUT*,Taking safety measures
33,Not sure? You can cancel this reservation up to 24 hours in advance for a full refund.,By The Barcelona Taste,https://www.tripadvisor.com/AttractionProductReview-g187497-d17587703-Gothic_Quarter_Evening_Tapas_Tour_with_The_Barcelona_Taste-Barcelona_Catalonia.html#REVIEWS,https://www.tripadvisor.com/AttractionProductReview-g187497-d17587703-Gothic_Quarter_Evening_Tapas_Tour_with_The_Barcelona_Taste-Barcelona_Catalonia.html,https://dynamic-media-cdn.tripadvisor.com/media/photo-o/1a/ab/23/2f/caption.jpg?w=500&h=400&s=1,Gothic Quarter Evening Tapas Tour with The Barcelona Taste,53.,https://www.tripadvisor.com/Attraction_Review-g187497-d1785703-Reviews-The_Barcelona_Taste-Barcelona_Catalonia.html,Private and Luxury,3 hours,"This 3 hour food tour takes you through Barcelona’s famous Ciutat Vella (old city) – past Roman walls, alongside cathedrals…",Free cancellation,96% of travelers recommend this experience,This number is based on the percentage of all Tripadvisor reviews for this product that have a bubble rating of 4 or higher,from,$135.75,per adult,More info,,
32,Not sure? You can cancel this reservation up to 24 hours in advance for a full refund.,By Walks,https://www.tripadvisor.com/AttractionProductReview-g187497-d13376959-Complete_Gaudi_Tour_Casa_Batllo_Park_Guell_Sagrada_Familia-Barcelona_Catalonia.html#REVIEWS,https://www.tripadvisor.com/AttractionProductReview-g187497-d13376959-Complete_Gaudi_Tour_Casa_Batllo_Park_Guell_Sagrada_Familia-Barcelona_Catalonia.html,https://dynamic-media-cdn.tripadvisor.com/media/photo-o/1a/be/d0/62/caption.jpg?w=500&h=400&s=1,"Complete Gaudí Tour: Casa Batlló, Park Guell & Sagrada Família",54.,https://www.tripadvisor.com/Attraction_Review-g187497-d13459436-Reviews-Walks-Barcelona_Catalonia.html,Adventure Tours,5 hours,This is the ideal tour for travelers looking for a comprehensive Gaudi experience. Save hours researching where to find …,Free cancellation,96% of travelers recommend this experience,This number is based on the percentage of all Tripadvisor reviews for this product that have a bubble rating of 4 or higher,from,$168.57,per adult,More info,,
115,Not sure? You can cancel this reservation up to 24 hours in advance for a full refund.,By Globus Kon-Tiki,https://www.tripadvisor.com/AttractionProductReview-g187497-d12027449-Barcelona_Hot_Air_Balloon_Ride-Barcelona_Catalonia.html#REVIEWS,https://www.tripadvisor.com/AttractionProductReview-g187497-d12027449-Barcelona_Hot_Air_Balloon_Ride-Barcelona_Catalonia.html,https://dynamic-media-cdn.tripadvisor.com/media/photo-o/1a/65/07/33/caption.jpg?w=500&h=400&s=1,Barcelona Hot-Air Balloon Ride,55.,https://www.tripadvisor.com/Attraction_Review-g187497-d2507618-Reviews-Globus_Kon_Tiki-Barcelona_Catalonia.html,Half-day Tours,3 hours,Soar above the beautiful views of Barcelona province on this 3-hour hot air balloon tour. You will discover Barcelona's …,Free cancellation,98% of travelers recommend this experience,This number is based on the percentage of all Tripadvisor reviews for this product that have a bubble rating of 4 or higher,from,$192.33,per adult,More info,,
7,Not sure? You can cancel this reservation up to 24 hours in advance for a full refund.,By In Out Barcelona Tours,https://www.tripadvisor.com/AttractionProductReview-g187497-d13377050-Private_Barcelona_Tour_Park_Guell_Sagrada_Familia_with_Hotel_pick_up-Barcelona_Cat.html#REVIEWS,https://www.tripadvisor.com/AttractionProductReview-g187497-d13377050-Private_Barcelona_Tour_Park_Guell_Sagrada_Familia_with_Hotel_pick_up-Barcelona_Cat.html,https://dynamic-media-cdn.tripadvisor.com/media/photo-o/1b/8e/d2/91/caption.jpg?w=500&h=400&s=1,Private Barcelona Tour: Park Güell & Sagrada Familia with Hotel pick-up,56.,https://www.tripadvisor.com/Attraction_Review-g187497-d7365281-Reviews-In_Out_Barcelona_Tours-Barcelona_Catalonia.html,Bus Tours,6+ hours,"Enjoy this exclusive day tour of the colorful and full of secrets city of Barcelona, including skip-the-line access to Gaudi…",Free cancellation,,,from,$282.08,per adult,More info,,Taking safety measures
115,Not sure? You can cancel this reservation up to 24 hours in advance for a full refund.,By Buena Vista Tours,https://www.tripadvisor.com/AttractionProductReview-g187497-d16872860-Pedal_Your_Way_Into_Barcelona_History_Bike_Tour-Barcelona_Catalonia.html#REVIEWS,https://www.tripadvisor.com/AttractionProductReview-g187497-d16872860-Pedal_Your_Way_Into_Barcelona_History_Bike_Tour-Barcelona_Catalonia.html,https://dynamic-media-cdn.tripadvisor.com/media/photo-o/1c/0d/9f/02/caption.jpg?w=500&h=400&s=1,Pedal Your Way Into Barcelona History Bike Tour,57.,https://www.tripadvisor.com/Attraction_Review-g187497-d16824003-Reviews-Buena_Vista_Tours-Barcelona_Catalonia.html,Bike Tours,3 hours,"A fun, laid-back bike tour that gives you a great overview of Barcelona’s amazing architecture, history and street culture…",Free cancellation,98% of travelers recommend this experience,This number is based on the percentage of all Tripadvisor reviews for this product that have a bubble rating of 4 or higher,from,$28.27,per adult,More info,LIKELY TO SELL OUT*,
746,,By Casa Batllo,https://www.tripadvisor.com/AttractionProductReview-g187497-d11990550-Casa_Batllo_Admission_Ticket_with_Intelligent_Audio_Guide-Barcelona_Catalonia.html#REVIEWS,https://www.tripadvisor.com/AttractionProductReview-g187497-d11990550-Casa_Batllo_Admission_Ticket_with_Intelligent_Audio_Guide-Barcelona_Catalonia.html,https://dynamic-media-cdn.tripadvisor.com/media/photo-o/1a/63/a9/42/caption.jpg?w=500&h=400&s=1,Casa Batlló Admission Ticket with Intelligent Audio Guide,58.,https://www.tripadvisor.com/Attraction_Review-g187497-d191052-Reviews-Casa_Batllo-Barcelona_Catalonia.html,Attractions & Museums,1–2 hours,Step inside Antoni Gaudi’s Casa Batlló in Barcelona with this entrance ticket and explore this incredible museum with an…,,,,from,$39.60,per adult,More info,,Taking safety measures
202,Not sure? You can cancel this reservation up to 24 hours in advance for a full refund.,By Barcelona Day Tours,https://www.tripadvisor.com/AttractionProductReview-g187497-d11452447-Barcelona_Highlights_Montserrat_with_Skip_the_Line_Tickets_and_Hotel_Pick_Up-Barce.html#REVIEWS,https://www.tripadvisor.com/AttractionProductReview-g187497-d11452447-Barcelona_Highlights_Montserrat_with_Skip_the_Line_Tickets_and_Hotel_Pick_Up-Barce.html,https://dynamic-media-cdn.tripadvisor.com/media/photo-o/1a/64/d2/6a/caption.jpg?w=500&h=400&s=1,Barcelona Highlights & Montserrat with Skip the Line Tickets and Hotel Pick Up,59.,https://www.tripadvisor.com/Attraction_Review-g187497-d1603406-Reviews-Barcelona_Day_Tours-Barcelona_Catalonia.html,Bus Tours,6+ hours,Combine city sightseeing in Barcelona with a trip to the multi-peaked mountain of Montserrat on this full-day excursion!  …,Free cancellation,99% of travelers recommend this experience,This number is based on the percentage of all Tripadvisor reviews for this product that have a bubble rating of 4 or higher,from,$121.28,per adult,More info,,
167,Not sure? You can cancel this reservation up to 24 hours in advance for a full refund.,By Barcelona Segway Glides,https://www.tripadvisor.com/AttractionProductReview-g187497-d11482450-Live_Guided_Barcelona_Segway_Tour-Barcelona_Catalonia.html#REVIEWS,https://www.tripadvisor.com/AttractionProductReview-g187497-d11482450-Live_Guided_Barcelona_Segway_Tour-Barcelona_Catalonia.html,https://dynamic-media-cdn.tripadvisor.com/media/photo-o/1a/5e/1a/18/caption.jpg?w=500&h=400&s=1,Live-Guided ❤️Barcelona Segway Tour❤️,60.,https://www.tripadvisor.com/Attraction_Review-g187497-d1489599-Reviews-Barcelona_Segway_Glides-Barcelona_Catalonia.html,Segway Tours,2–3 hours,Along on this segway tour you will cover a broad area that starts off from the Roman Barcelona in the Gothic quarter and…,Free cancellation,99% of travelers recommend this experience,This number is based on the percentage of all Tripadvisor reviews for this product that have a bubble rating of 4 or higher,from,$54.31,per adult,More info,,
1,,,,,,,,,2,3,,,,,,,,,,
"1,000+ places sorted by traveler favorites","Tours, activities and experiences bookable on Tripadvisor, ranked using exclusive Tripadvisor data including reviews, ratings, photos, popularity, user preferences, price, and bookings made through Tripadvisor.",Clear all filters,https://www.tripadvisor.com/ClientLink?value=UVp4Xy9BdHRyYWN0aW9ucy1nMTg3NDk3LUFjdGl2aXRpZXMtYV9hbGxBdHRyYWN0aW9ucy50cnVlLUJhcmNlbG9uYV9DYXRhbG9uaWEuaHRtbF9MajM%3D,,,,,,,,,,,,,,,,,
133,Not sure? You can cancel this reservation up to 24 hours in advance for a full refund.,By Julia Travel,https://www.tripadvisor.com/AttractionProductReview-g187497-d11446554-Skip_the_Line_Ticket_Flamenco_Night_at_Tablao_Cordobes_Barcelona-Barcelona_Catalon.html#REVIEWS,https://www.tripadvisor.com/AttractionProductReview-g187497-d11446554-Skip_the_Line_Ticket_Flamenco_Night_at_Tablao_Cordobes_Barcelona-Barcelona_Catalon.html,https://dynamic-media-cdn.tripadvisor.com/media/photo-o/1a/79/b0/6a/caption.jpg?w=500&h=400&s=1,"Skip the Line Ticket: Flamenco Night at Tablao Cordobes, Barcelona",61.,https://www.tripadvisor.com/Attraction_Review-g187497-d2026532-Reviews-Julia_Travel-Barcelona_Catalonia.html,Family-friendly Shows,1 hour,"Feel the passion of the flamenco at Barcelona's legendary Tablao Cordobes, where some of the greatest names in flamenco …",Free cancellation,,,from,$49.78,per adult,More info,,Taking safety measures
22,Not sure? You can cancel this reservation up to 24 hours in advance for a full refund.,By Barcelona Local Experiences,https://www.tripadvisor.com/AttractionProductReview-g187497-d12650303-Food_Wine_and_History_Tour_with_La_Boqueria_Market-Barcelona_Catalonia.html#REVIEWS,https://www.tripadvisor.com/AttractionProductReview-g187497-d12650303-Food_Wine_and_History_Tour_with_La_Boqueria_Market-Barcelona_Catalonia.html,https://dynamic-media-cdn.tripadvisor.com/media/photo-o/1a/8a/57/0e/caption.jpg?w=500&h=400&s=1,"Food, Wine and History Tour with La Boqueria Market",62.,https://www.tripadvisor.com/Attraction_Review-g187497-d7763839-Reviews-Barcelona_Local_Experiences-Barcelona_Catalonia.html,Wine Tours,3 hours,"Taste the best of Catalonia’s culture and gourmet cuisine on this half-day, small-group, walking tour of Barcelona. On this…",Free cancellation,100% of travelers recommend this experience,This number is based on the percentage of all Tripadvisor reviews for this product that have a bubble rating of 4 or higher,from,$90.51,per adult,More info,,
33,Not sure? You can cancel this reservation up to 24 hours in advance for a full refund.,By In Out Barcelona Tours,https://www.tripadvisor.com/AttractionProductReview-g187497-d13395489-Besalu_4_Medieval_Towns_Tour_from_Barcelona_with_Hotel_Pick_Up_in_Small_Group-Barc.html#REVIEWS,https://www.tripadvisor.com/AttractionProductReview-g187497-d13395489-Besalu_4_Medieval_Towns_Tour_from_Barcelona_with_Hotel_Pick_Up_in_Small_Group-Barc.html,https://dynamic-media-cdn.tripadvisor.com/media/photo-o/1b/8e/72/b5/caption.jpg?w=500&h=400&s=1,Besalú & 4 Medieval Towns Tour from Barcelona with Hotel Pick-Up in Small Group,63.,https://www.tripadvisor.com/Attraction_Review-g187497-d7365281-Reviews-In_Out_Barcelona_Tours-Barcelona_Catalonia.html,Bus Tours,6+ hours,Travel back in time to discover Besalú and several other medieval towns during this exciting guided tour! Our knowledgeable…,Free cancellation,96% of travelers recommend this experience,This number is based on the percentage of all Tripadvisor reviews for this product that have a bubble rating of 4 or higher,from,$109.38,per adult,More info,,
5,Not sure? You can cancel this reservation up to 24 hours in advance for a full refund.,By Sailing Experience Barcelona,https://www.tripadvisor.com/AttractionProductReview-g187497-d13560157-Helicopter_Flight_and_Sailing_Experience_Barcelona_Unique_Package-Barcelona_Catalo.html#REVIEWS,https://www.tripadvisor.com/AttractionProductReview-g187497-d13560157-Helicopter_Flight_and_Sailing_Experience_Barcelona_Unique_Package-Barcelona_Catalo.html,https://dynamic-media-cdn.tripadvisor.com/media/photo-o/1a/57/be/e6/caption.jpg?w=500&h=400&s=1,Helicopter Flight and Sailing Experience Barcelona Unique Package,64.,https://www.tripadvisor.com/Attraction_Review-g187497-d7942625-Reviews-Sailing_Experience_Barcelona-Barcelona_Catalonia.html,Adventure Tours,2 hours,"Watch this unique view of Barcelona from the sky, a sight like never before. Now, thanks to the Fly & Sail pack, enjoy this…",Free cancellation,,,from,$145.95,per adult,More info,LIKELY TO SELL OUT*,Taking safety measures
112,Not sure? You can cancel this reservation up to 24 hours in advance for a full refund.,By Catamaran Orsom,https://www.tripadvisor.com/AttractionProductReview-g187497-d13200886-Sunset_Jazz_Cruise_in_Barcelona-Barcelona_Catalonia.html#REVIEWS,https://www.tripadvisor.com/AttractionProductReview-g187497-d13200886-Sunset_Jazz_Cruise_in_Barcelona-Barcelona_Catalonia.html,https://dynamic-media-cdn.tripadvisor.com/media/photo-o/21/53/e4/0f/caption.jpg?w=500&h=400&s=1,Sunset Jazz Cruise in Barcelona,65.,https://www.tripadvisor.com/Attraction_Review-g187497-d1804912-Reviews-Catamaran_Orsom-Barcelona_Catalonia.html,Catamaran Cruises,1–2 hours,Experience the best way to see the Sunset over Barcelona from the sea while listening to live Jazz and Chill Out music. …,Free cancellation,92% of travelers recommend this experience,This number is based on the percentage of all Tripadvisor reviews for this product that have a bubble rating of 4 or higher,from,$24.75,per adult,More info,LIKELY TO SELL OUT*,
153,Not sure? You can cancel this reservation up to 24 hours in advance for a full refund.,By Devour Barcelona Food Tours,https://www.tripadvisor.com/AttractionProductReview-g187497-d11903974-Tastes_and_Traditions_of_Barcelona_Day_Food_Tour-Barcelona_Catalonia.html#REVIEWS,https://www.tripadvisor.com/AttractionProductReview-g187497-d11903974-Tastes_and_Traditions_of_Barcelona_Day_Food_Tour-Barcelona_Catalonia.html,https://dynamic-media-cdn.tripadvisor.com/media/photo-o/1a/f5/22/f4/caption.jpg?w=500&h=400&s=1,Tastes and Traditions of Barcelona Day Food Tour,66.,https://www.tripadvisor.com/Attraction_Review-g187497-d7102064-Reviews-Devour_Barcelona_Food_Tours-Barcelona_Catalonia.html,Walking Tours,3–4 hours,"More than many cities in Spain, Barcelona is a melting pot. Influenced over the years by cultures from within Spain and …",Free cancellation,98% of travelers recommend this experience,This number is based on the percentage of all Tripadvisor reviews for this product that have a bubble rating of 4 or higher,from,$112.00,per adult,More info,LIKELY TO SELL OUT*,
36,Not sure? You can cancel this reservation up to 24 hours in advance for a full refund.,By In Out Barcelona Tours,https://www.tripadvisor.com/AttractionProductReview-g187497-d11989200-Best_of_Barcelona_Private_Tour_Sagrada_Familia_and_Old_Town_with_Hotel_Pick_up-Bar.html#REVIEWS,https://www.tripadvisor.com/AttractionProductReview-g187497-d11989200-Best_of_Barcelona_Private_Tour_Sagrada_Familia_and_Old_Town_with_Hotel_Pick_up-Bar.html,https://dynamic-media-cdn.tripadvisor.com/media/photo-o/1a/88/05/e5/caption.jpg?w=500&h=400&s=1,Best of Barcelona Private Tour: Sagrada Familia and Old Town with Hotel Pick-up,67.,https://www.tripadvisor.com/Attraction_Review-g187497-d7365281-Reviews-In_Out_Barcelona_Tours-Barcelona_Catalonia.html,Bus Tours,6+ hours,"Round-trip hotel pick-up & drop-off included.

For a VIP sightseeing experience in Barcelona, book this private tour that…",Free cancellation,97% of travelers recommend this experience,This number is based on the percentage of all Tripadvisor reviews for this product that have a bubble rating of 4 or higher,from,$266.53,per adult,More info,,
198,Not sure? You can cancel this reservation up to 24 hours in advance for a full refund.,By Devour Barcelona Food Tours,https://www.tripadvisor.com/AttractionProductReview-g187497-d11903976-Gourmet_Tapas_Wine_Tasting_Tour-Barcelona_Catalonia.html#REVIEWS,https://www.tripadvisor.com/AttractionProductReview-g187497-d11903976-Gourmet_Tapas_Wine_Tasting_Tour-Barcelona_Catalonia.html,https://dynamic-media-cdn.tripadvisor.com/media/photo-o/1b/6d/2a/c4/caption.jpg?w=500&h=400&s=1,Gourmet Tapas & Wine Tasting Tour,68.,https://www.tripadvisor.com/Attraction_Review-g187497-d7102064-Reviews-Devour_Barcelona_Food_Tours-Barcelona_Catalonia.html,Wine Tours,3 hours,"Join us for an evening of great food and interesting wines in Barcelona's historic Born neighborhood. Tonight, we're leaving…",Free cancellation,100% of travelers recommend this experience,This number is based on the percentage of all Tripadvisor reviews for this product that have a bubble rating of 4 or higher,from,$145.95,per adult,More info,LIKELY TO SELL OUT*,
78,Not sure? You can cancel this reservation up to 24 hours in advance for a full refund.,By El Tablao de Carmen,https://www.tripadvisor.com/AttractionProductReview-g187497-d11463383-Flamenco_Experience_at_Tablao_de_Carmen_with_Dinner_or_Drink-Barcelona_Catalonia.html#REVIEWS,https://www.tripadvisor.com/AttractionProductReview-g187497-d11463383-Flamenco_Experience_at_Tablao_de_Carmen_with_Dinner_or_Drink-Barcelona_Catalonia.html,https://dynamic-media-cdn.tripadvisor.com/media/photo-o/21/bb/87/76/caption.jpg?w=500&h=400&s=1,Flamenco Experience at Tablao de Carmen with Dinner or Drink,69.,https://www.tripadvisor.com/Attraction_Review-g187497-d244874-Reviews-El_Tablao_de_Carmen-Barcelona_Catalonia.html,Theaters,2 hours,"Enjoy an evening of entertainment in Barcelona with a traditional flamenco show in the Tablao de Carmen. 

Created as a …",Free cancellation,,,from,$50.91,per adult,More info,,Taking safety measures
16,Not sure? You can cancel this reservation up to 24 hours in advance for a full refund.,By Euro Segway Barcelona,https://www.tripadvisor.com/AttractionProductReview-g187497-d11991228-Sightseeing_Segway_Tour_in_Barcelona-Barcelona_Catalonia.html#REVIEWS,https://www.tripadvisor.com/AttractionProductReview-g187497-d11991228-Sightseeing_Segway_Tour_in_Barcelona-Barcelona_Catalonia.html,https://dynamic-media-cdn.tripadvisor.com/media/photo-o/1a/5a/58/73/caption.jpg?w=500&h=400&s=1,Sightseeing Segway Tour in Barcelona,70.,https://www.tripadvisor.com/Attraction_Review-g187497-d5489420-Reviews-Euro_Segway_Barcelona-Barcelona_Catalonia.html,Segway Tours,1 hour,Segway the modern bike paths of Barcelona during a 60 minutes sightseeing tour and glide through the beautiful avenues of…,Free cancellation,,,from,$32.81,per adult,More info,,Taking safety measures
11,Not sure? You can cancel this reservation up to 24 hours in advance for a full refund.,By In Out Barcelona Tours,https://www.tripadvisor.com/AttractionProductReview-g187497-d11988154-Night_Tapas_Walking_Tour_in_Barcelona_Old_Town_Flamenco_Show_with_Small_Group-Barc.html#REVIEWS,https://www.tripadvisor.com/AttractionProductReview-g187497-d11988154-Night_Tapas_Walking_Tour_in_Barcelona_Old_Town_Flamenco_Show_with_Small_Group-Barc.html,https://dynamic-media-cdn.tripadvisor.com/media/photo-o/1a/bb/82/c6/caption.jpg?w=500&h=400&s=1,Night Tapas Walking Tour in Barcelona Old Town & Flamenco Show with Small Group,71.,https://www.tripadvisor.com/Attraction_Review-g187497-d7365281-Reviews-In_Out_Barcelona_Tours-Barcelona_Catalonia.html,Family-friendly Shows,3 hours,"Immerse yourself in the culture, flavors, and sounds of Barcelona on this 3-hour culinary walking tour combined with a visit…",Free cancellation,100% of travelers recommend this experience,This number is based on the percentage of all Tripadvisor reviews for this product that have a bubble rating of 4 or higher,from,$64.49,per adult,More info,LIKELY TO SELL OUT*,
283,Not sure? You can cancel this reservation up to 24 hours in advance for a full refund.,By Casa Milà - La Pedrera,https://www.tripadvisor.com/AttractionProductReview-g187497-d11963906-La_Pedrera_Casa_Mila_Skip_the_Line_Admission_Ticket_with_Audioguide-Barcelona_Cata.html#REVIEWS,https://www.tripadvisor.com/AttractionProductReview-g187497-d11963906-La_Pedrera_Casa_Mila_Skip_the_Line_Admission_Ticket_with_Audioguide-Barcelona_Cata.html,https://dynamic-media-cdn.tripadvisor.com/media/photo-o/1a/bd/e1/34/caption.jpg?w=500&h=400&s=1,La Pedrera-Casa Milà Skip the Line Admission Ticket with Audioguide,72.,https://www.tripadvisor.com/Attraction_Review-g187497-d190629-Reviews-Casa_Mila_La_Pedrera-Barcelona_Catalonia.html,Skip-the-Line Tours,1–2 hours,"Explore La Pedrera — otherwise known as Casa Milà — one of Gaudi’s most iconic Barcelona buildings, on this 1.5-hour skip…",Free cancellation,,,from,$28.28,per adult,More info,,Taking safety measures
175,Not sure? You can cancel this reservation up to 24 hours in advance for a full refund.,By We Barcelona,https://www.tripadvisor.com/AttractionProductReview-g187497-d16808268-Montserrat_Monastery_Visit_and_Lunch_at_Farmhouse_from_Barcelona-Barcelona_Catalon.html#REVIEWS,https://www.tripadvisor.com/AttractionProductReview-g187497-d16808268-Montserrat_Monastery_Visit_and_Lunch_at_Farmhouse_from_Barcelona-Barcelona_Catalon.html,https://dynamic-media-cdn.tripadvisor.com/media/photo-o/1a/5a/b9/cd/caption.jpg?w=500&h=400&s=1,Montserrat Monastery Visit and Lunch at Farmhouse from Barcelona,73.,https://www.tripadvisor.com/Attraction_Review-g187497-d3366811-Reviews-We_Barcelona-Barcelona_Catalonia.html,Full-day Tours,7–8 hours,"Enjoy a memorable day out in Montserrat and escape the hustle and bustle of Barcelona, you can appreciate a complete experience…",Free cancellation,95% of travelers recommend this experience,This number is based on the percentage of all Tripadvisor reviews for this product that have a bubble rating of 4 or higher,from,$79.18,per adult,More info,,
6,Not sure? You can cancel this reservation up to 24 hours in advance for a full refund.,By Explore Catalunya,https://www.tripadvisor.com/AttractionProductReview-g187497-d11448521-Three_Vineyard_Winery_Small_Group_tour_in_Penedes_Region_from_Barcelona-Barcelona_.html#REVIEWS,https://www.tripadvisor.com/AttractionProductReview-g187497-d11448521-Three_Vineyard_Winery_Small_Group_tour_in_Penedes_Region_from_Barcelona-Barcelona_.html,https://dynamic-media-cdn.tripadvisor.com/media/photo-o/1b/bc/a4/9a/caption.jpg?w=500&h=400&s=1,Three Vineyard Winery Small Group tour in Penedes Region from Barcelona,74.,https://www.tripadvisor.com/Attraction_Review-g187497-d1602326-Reviews-Explore_Catalunya-Barcelona_Catalonia.html,Bus Tours,6+ hours,Enjoy a relaxing day in the Spanish countryside while sampling some of Spain’s best wines and cava (Spanish sparkling wine…,Free cancellation,,,from,$143.92,per adult,More info,,Taking safety measures
3,Not sure? You can cancel this reservation up to 24 hours in advance for a full refund.,By Tour Travel & More,https://www.tripadvisor.com/AttractionProductReview-g187497-d13608397-6_Hr_Private_tour_of_Girona_GAME_OF_THRONES_from_Barcelona_with_private_pick_up-Ba.html#REVIEWS,https://www.tripadvisor.com/AttractionProductReview-g187497-d13608397-6_Hr_Private_tour_of_Girona_GAME_OF_THRONES_from_Barcelona_with_private_pick_up-Ba.html,https://dynamic-media-cdn.tripadvisor.com/media/photo-o/1a/c4/18/0a/caption.jpg?w=500&h=400&s=1,6-Hr Private tour of Girona: GAME OF THRONES from Barcelona with private pick up,75.,https://www.tripadvisor.com/Attraction_Review-g187497-d7812618-Reviews-Tour_Travel_More-Barcelona_Catalonia.html,Bus Tours,6 hours,"Your driver will pick you up in your private car from your hotel in Barcelona and drive to Girona, where you will meet with…",Free cancellation,,,from,$432.18,per adult,More info,,Taking safety measures
171,Not sure? You can cancel this reservation up to 24 hours in advance for a full refund.,By Barcelona eBikes,https://www.tripadvisor.com/AttractionProductReview-g187497-d11453216-Barcelona_Electric_Bike_Small_Group_Tour_with_Tapas_and_Wine_Tasting-Barcelona_Cat.html#REVIEWS,https://www.tripadvisor.com/AttractionProductReview-g187497-d11453216-Barcelona_Electric_Bike_Small_Group_Tour_with_Tapas_and_Wine_Tasting-Barcelona_Cat.html,https://dynamic-media-cdn.tripadvisor.com/media/photo-o/1b/82/f7/b4/caption.jpg?w=500&h=400&s=1,Barcelona Electric Bike Small Group Tour with Tapas and Wine Tasting,76.,https://www.tripadvisor.com/Attraction_Review-g187497-d3569337-Reviews-Barcelona_eBikes-Barcelona_Catalonia.html,E-Bike Tours,3–4 hours,"Combine Barcelona sightseeing by electric bike with tapas and drinks on a 3.5-hour city tour, led by a local guide! Fun …",Free cancellation,98% of travelers recommend this experience,This number is based on the percentage of all Tripadvisor reviews for this product that have a bubble rating of 4 or higher,from,$66.75,per adult,More info,,
49,Not sure? You can cancel this reservation up to 24 hours in advance for a full refund.,By Local CoolTour Barcelona,https://www.tripadvisor.com/AttractionProductReview-g187497-d15746490-Private_tour_to_Montserrat_The_most_complete_tour_Cable_car_meal_included-Barcelon.html#REVIEWS,https://www.tripadvisor.com/AttractionProductReview-g187497-d15746490-Private_tour_to_Montserrat_The_most_complete_tour_Cable_car_meal_included-Barcelon.html,https://dynamic-media-cdn.tripadvisor.com/media/photo-o/1b/13/3f/30/caption.jpg?w=500&h=400&s=1,"Private tour to Montserrat. The most complete tour, Cable car & meal included",77.,https://www.tripadvisor.com/Attraction_Review-g187497-d15635679-Reviews-Local_CoolTour_Barcelona-Barcelona_Catalonia.html,Cable Car Tours,6 hours,Looking for one day out of Barcelona? Let’s get out of the city!!! Enjoy this Private Day Trip to Montserrat in the nature…,Free cancellation,95% of travelers recommend this experience,This number is based on the percentage of all Tripadvisor reviews for this product that have a bubble rating of 4 or higher,from,$153.87,per adult,More info,,
3,Not sure? You can cancel this reservation up to 24 hours in advance for a full refund.,By Paella Cooking Experience,https://www.tripadvisor.com/AttractionProductReview-g187497-d15045125-Food_Tasting_Tapas_and_Wine_Tour-Barcelona_Catalonia.html#REVIEWS,https://www.tripadvisor.com/AttractionProductReview-g187497-d15045125-Food_Tasting_Tapas_and_Wine_Tour-Barcelona_Catalonia.html,https://dynamic-media-cdn.tripadvisor.com/media/photo-o/1a/c1/4f/4b/caption.jpg?w=500&h=400&s=1,Food Tasting Tapas and Wine Tour,78.,https://www.tripadvisor.com/Attraction_Review-g187497-d3757398-Reviews-Paella_Cooking_Experience-Barcelona_Catalonia.html,Walking Tours,3 hours,"Delicious food, local wines and an incredible experience. 

If you are a foodie, wine lover, food critic, vacationer or …",Free cancellation,,,from,$56.42,per adult,More info,,Taking safety measures
60,Not sure? You can cancel this reservation up to 24 hours in advance for a full refund.,By In Out Barcelona Tours,https://www.tripadvisor.com/AttractionProductReview-g187497-d11988163-Barcelona_Old_Town_and_Gothic_Quarter_Walking_Tour-Barcelona_Catalonia.html#REVIEWS,https://www.tripadvisor.com/AttractionProductReview-g187497-d11988163-Barcelona_Old_Town_and_Gothic_Quarter_Walking_Tour-Barcelona_Catalonia.html,https://dynamic-media-cdn.tripadvisor.com/media/photo-o/1c/0e/78/b2/caption.jpg?w=500&h=400&s=1,Barcelona Old Town and Gothic Quarter Walking Tour,79.,https://www.tripadvisor.com/Attraction_Review-g187497-d7365281-Reviews-In_Out_Barcelona_Tours-Barcelona_Catalonia.html,City Tours,2–3 hours,Stroll through historic Barcelona on this 2-hour guided walking tour of the Old Town and Gothic Quarter. Trace the footsteps…,Free cancellation,98% of travelers recommend this experience,This number is based on the percentage of all Tripadvisor reviews for this product that have a bubble rating of 4 or higher,from,$18.43,per adult,More info,LIKELY TO SELL OUT*,
95,Not sure? You can cancel this reservation up to 24 hours in advance for a full refund.,By Pura Vida Rickshaw Tours,https://www.tripadvisor.com/AttractionProductReview-g187497-d17182711-Barcelona_Rickshaw_Tour-Barcelona_Catalonia.html#REVIEWS,https://www.tripadvisor.com/AttractionProductReview-g187497-d17182711-Barcelona_Rickshaw_Tour-Barcelona_Catalonia.html,https://dynamic-media-cdn.tripadvisor.com/media/photo-o/1d/2a/29/2e/caption.jpg?w=500&h=400&s=1,Barcelona Rickshaw Tour,80.,https://www.tripadvisor.com/Attraction_Review-g187497-d12365300-Reviews-Pura_Vida_Rickshaw_Tours-Barcelona_Catalonia.html,Pedicab Tours,1–2 hours,Sit back and relax while your rickshaw driver and guide takes you for a ride in Barcelona’s slow lane. On the way you will…,Free cancellation,100% of travelers recommend this experience,This number is based on the percentage of all Tripadvisor reviews for this product that have a bubble rating of 4 or higher,from,$33.38,per adult,More info,,
78,Not sure? You can cancel this reservation up to 24 hours in advance for a full refund.,By Sailing Experience Barcelona,https://www.tripadvisor.com/AttractionProductReview-g187497-d11455860-Vermut_Sailing_Experience_Barcelona_with_Drinks_and_Snacks-Barcelona_Catalonia.html#REVIEWS,https://www.tripadvisor.com/AttractionProductReview-g187497-d11455860-Vermut_Sailing_Experience_Barcelona_with_Drinks_and_Snacks-Barcelona_Catalonia.html,https://dynamic-media-cdn.tripadvisor.com/media/photo-o/1a/5c/37/fc/caption.jpg?w=500&h=400&s=1,Vermut & Sailing Experience Barcelona with Drinks and Snacks,81.,https://www.tripadvisor.com/Attraction_Review-g187497-d7942625-Reviews-Sailing_Experience_Barcelona-Barcelona_Catalonia.html,Sailing,1–2 hours,"Experience spectacular views of Barcelona from the Sea. Sail from the renovated Port Olimpic, which includes an aperitif…",Free cancellation,97% of travelers recommend this experience,This number is based on the percentage of all Tripadvisor reviews for this product that have a bubble rating of 4 or higher,from,$49.78,per adult,More info,,
68,Not sure? You can cancel this reservation up to 24 hours in advance for a full refund.,By Sailing Experience Barcelona,https://www.tripadvisor.com/AttractionProductReview-g187497-d11455861-Unique_Sunset_Sailing_Experience_in_Barcelona-Barcelona_Catalonia.html#REVIEWS,https://www.tripadvisor.com/AttractionProductReview-g187497-d11455861-Unique_Sunset_Sailing_Experience_in_Barcelona-Barcelona_Catalonia.html,https://dynamic-media-cdn.tripadvisor.com/media/photo-o/1a/5b/37/ac/caption.jpg?w=500&h=400&s=1,Unique Sunset Sailing Experience in Barcelona,82.,https://www.tripadvisor.com/Attraction_Review-g187497-d7942625-Reviews-Sailing_Experience_Barcelona-Barcelona_Catalonia.html,Sunset Cruises,2 hours,"Enjoy the best Sunset Sailing Experience in Barcelona starting from Port Olimpic. This tour is great for couples, friends…",Free cancellation,,,from,$78.06,per adult,More info,,Taking safety measures
3,Not sure? You can cancel this reservation up to 24 hours in advance for a full refund.,By We Barcelona,https://www.tripadvisor.com/AttractionProductReview-g187497-d14174099-Barcelona_s_Coastline_Helicopter_Flight_with_Optional_Pick_up_and_Drop_off-Barcelo.html#REVIEWS,https://www.tripadvisor.com/AttractionProductReview-g187497-d14174099-Barcelona_s_Coastline_Helicopter_Flight_with_Optional_Pick_up_and_Drop_off-Barcelo.html,https://dynamic-media-cdn.tripadvisor.com/media/photo-o/1a/ef/2b/a2/caption.jpg?w=500&h=400&s=1,Barcelona's Coastline Helicopter Flight with Optional Pick-up and Drop-off,83.,https://www.tripadvisor.com/Attraction_Review-g187497-d3366811-Reviews-We_Barcelona-Barcelona_Catalonia.html,Helicopter Tours,1–4 hours,Take the experience of your life and bring thrilling memories from your journey to Barcelona. Enjoy a memorable helicopter…,Free cancellation,,,from,$100.69,per adult,More info,,Taking safety measures
62,Not sure? You can cancel this reservation up to 24 hours in advance for a full refund.,By Amigo Tours Barcelona,https://www.tripadvisor.com/AttractionProductReview-g187497-d11764124-Sagrada_Familia_Guided_Tour_with_Towers_Access-Barcelona_Catalonia.html#REVIEWS,https://www.tripadvisor.com/AttractionProductReview-g187497-d11764124-Sagrada_Familia_Guided_Tour_with_Towers_Access-Barcelona_Catalonia.html,https://dynamic-media-cdn.tripadvisor.com/media/photo-o/1d/12/9e/4d/caption.jpg?w=500&h=400&s=1,Sagrada Familia Guided Tour with Towers Access,84.,https://www.tripadvisor.com/Attraction_Review-g187497-d12274403-Reviews-Amigo_Tours_Barcelona-Barcelona_Catalonia.html,City Tours,1–2 hours,"Enjoy the famous Cathedral of the Sagrada Familia in Barcelona with this guided tour. See Gaudi´s work from the inside, …",Free cancellation,,,from,$74.00,per adult,More info,,Taking safety measures
91,Not sure? You can cancel this reservation up to 24 hours in advance for a full refund.,By Cruising Barcelona Bike Tours,https://www.tripadvisor.com/AttractionProductReview-g187497-d14986279-Barcelona_s_Original_Bike_Tour_in_English-Barcelona_Catalonia.html#REVIEWS,https://www.tripadvisor.com/AttractionProductReview-g187497-d14986279-Barcelona_s_Original_Bike_Tour_in_English-Barcelona_Catalonia.html,https://dynamic-media-cdn.tripadvisor.com/media/photo-o/1a/59/3c/c6/caption.jpg?w=500&h=400&s=1,Barcelona's Original Bike Tour in English,85.,https://www.tripadvisor.com/Attraction_Review-g187497-d2048784-Reviews-Cruising_Barcelona_Bike_Tours-Barcelona_Catalonia.html,Bike Tours,3 hours,"In about 3 hours, your English speaking guide will take you through various districts of Barcelona. We will cycle past the…",Free cancellation,100% of travelers recommend this experience,This number is based on the percentage of all Tripadvisor reviews for this product that have a bubble rating of 4 or higher,from,$30.71,per adult,More info,,
48,Not sure? You can cancel this reservation up to 24 hours in advance for a full refund.,By We Barcelona,https://www.tripadvisor.com/AttractionProductReview-g187497-d17555197-Sailing_Adventure_Vineyards_Winery_Tour_and_Wine_Tasting_from_Barcelona-Barcelona_.html#REVIEWS,https://www.tripadvisor.com/AttractionProductReview-g187497-d17555197-Sailing_Adventure_Vineyards_Winery_Tour_and_Wine_Tasting_from_Barcelona-Barcelona_.html,https://dynamic-media-cdn.tripadvisor.com/media/photo-o/1d/7f/c6/34/caption.jpg?w=500&h=400&s=1,"Sailing Adventure: Vineyards, Winery Tour and Wine Tasting from Barcelona",86.,https://www.tripadvisor.com/Attraction_Review-g187497-d3366811-Reviews-We_Barcelona-Barcelona_Catalonia.html,Bus Tours,4–5 hours,"With our Luxury Sailing Boat, you will feel the warm sea breeze as you sail along the Barcelona coast with an assortment…",Free cancellation,93% of travelers recommend this experience,This number is based on the percentage of all Tripadvisor reviews for this product that have a bubble rating of 4 or higher,from,$124.44,per adult,More info,LIKELY TO SELL OUT*,
18,Not sure? You can cancel this reservation up to 24 hours in advance for a full refund.,By Explore Catalunya,https://www.tripadvisor.com/AttractionProductReview-g187497-d11463184-Costa_Brava_Small_Group_Tour_from_Barcelona_with_Traditional_Lunch-Barcelona_Catal.html#REVIEWS,https://www.tripadvisor.com/AttractionProductReview-g187497-d11463184-Costa_Brava_Small_Group_Tour_from_Barcelona_with_Traditional_Lunch-Barcelona_Catal.html,https://dynamic-media-cdn.tripadvisor.com/media/photo-o/1a/5b/4a/20/caption.jpg?w=500&h=400&s=1,Costa Brava Small Group Tour from Barcelona with Traditional Lunch,87.,https://www.tripadvisor.com/Attraction_Review-g187497-d1602326-Reviews-Explore_Catalunya-Barcelona_Catalonia.html,Bus Tours,6+ hours,Discover one of Europe’s most beautiful coastlines on this Costa Brava day trip from Barcelona. Travel by air-conditioned…,Free cancellation,100% of travelers recommend this experience,This number is based on the percentage of all Tripadvisor reviews for this product that have a bubble rating of 4 or higher,from,$113.98,per adult,More info,LIKELY TO SELL OUT*,
38,Not sure? You can cancel this reservation up to 24 hours in advance for a full refund.,By Vivinos,https://www.tripadvisor.com/AttractionProductReview-g187497-d12297680-Wine_Tasting_Experience_in_Barcelona-Barcelona_Catalonia.html#REVIEWS,https://www.tripadvisor.com/AttractionProductReview-g187497-d12297680-Wine_Tasting_Experience_in_Barcelona-Barcelona_Catalonia.html,https://dynamic-media-cdn.tripadvisor.com/media/photo-o/1a/f6/af/99/caption.jpg?w=500&h=400&s=1,Wine Tasting Experience in Barcelona,88.,https://www.tripadvisor.com/Attraction_Review-g187497-d12218689-Reviews-Vivinos-Barcelona_Catalonia.html,,1–2 hours,This experience is for you if you are going to Barcelona and want to learn more about the types of wines here – maybe just…,Free cancellation,,,from,$22.63,per adult,More info,LIKELY TO SELL OUT*,Taking safety measures
18,Not sure? You can cancel this reservation up to 24 hours in advance for a full refund.,By In Out Barcelona Tours,https://www.tripadvisor.com/AttractionProductReview-g187497-d13399493-Costa_Brava_Small_Group_with_Hotel_Pick_Up_and_Panoramic_Boat_Ride-Barcelona_Catal.html#REVIEWS,https://www.tripadvisor.com/AttractionProductReview-g187497-d13399493-Costa_Brava_Small_Group_with_Hotel_Pick_Up_and_Panoramic_Boat_Ride-Barcelona_Catal.html,https://dynamic-media-cdn.tripadvisor.com/media/photo-o/1a/65/63/e2/caption.jpg?w=500&h=400&s=1,Costa Brava Small Group with Hotel Pick-Up and Panoramic Boat Ride,89.,https://www.tripadvisor.com/Attraction_Review-g187497-d7365281-Reviews-In_Out_Barcelona_Tours-Barcelona_Catalonia.html,Bus Tours,6+ hours,"Dive into Costa Brava, the most beautiful coastal region in Catalonia; enjoy the views over its idyllic coves from a boat…",Free cancellation,100% of travelers recommend this experience,This number is based on the percentage of all Tripadvisor reviews for this product that have a bubble rating of 4 or higher,from,$109.38,per adult,More info,,
13,Not sure? You can cancel this reservation up to 24 hours in advance for a full refund.,By Paella Cooking Experience,https://www.tripadvisor.com/AttractionProductReview-g187497-d15040934-Tapas_and_Flamenco_Evening-Barcelona_Catalonia.html#REVIEWS,https://www.tripadvisor.com/AttractionProductReview-g187497-d15040934-Tapas_and_Flamenco_Evening-Barcelona_Catalonia.html,https://dynamic-media-cdn.tripadvisor.com/media/photo-o/1a/be/d0/c4/caption.jpg?w=500&h=400&s=1,Tapas and Flamenco Evening,90.,https://www.tripadvisor.com/Attraction_Review-g187497-d3757398-Reviews-Paella_Cooking_Experience-Barcelona_Catalonia.html,Dinner and Show,3 hours,Enjoy a truly Spanish evening experience. A passionate Flamenco concert followed by a delicious sit down Tapas dinner served…,Free cancellation,,,from,$46.39,per adult,More info,,Taking safety measures
1,,,,,,,,,3,2,,4,,,,,,,,
"1,000+ places sorted by traveler favorites","Tours, activities and experiences bookable on Tripadvisor, ranked using exclusive Tripadvisor data including reviews, ratings, photos, popularity, user preferences, price, and bookings made through Tripadvisor.",Clear all filters,https://www.tripadvisor.com/ClientLink?value=Y29tXy9BdHRyYWN0aW9ucy1nMTg3NDk3LUFjdGl2aXRpZXMtYV9hbGxBdHRyYWN0aW9ucy50cnVlLUJhcmNlbG9uYV9DYXRhbG9uaWEuaHRtbF9iUU0%3D,,,,,,,,,,,,,,,,,
46,Not sure? You can cancel this reservation up to 24 hours in advance for a full refund.,By Barcelona Day Tours,https://www.tripadvisor.com/AttractionProductReview-g187497-d17404857-Barcelona_Highligjhts_Montserrat_with_Pick_up_and_Optional_Attractions_Tickets-Bar.html#REVIEWS,https://www.tripadvisor.com/AttractionProductReview-g187497-d17404857-Barcelona_Highligjhts_Montserrat_with_Pick_up_and_Optional_Attractions_Tickets-Bar.html,https://dynamic-media-cdn.tripadvisor.com/media/photo-o/1a/64/d2/94/caption.jpg?w=500&h=400&s=1,Barcelona Highligjhts & Montserrat with Pick up and Optional Attractions Tickets,91.,https://www.tripadvisor.com/Attraction_Review-g187497-d1603406-Reviews-Barcelona_Day_Tours-Barcelona_Catalonia.html,Bus Tours,6+ hours,This is the ultimate full day tour! See all the highlights of Barcelona and venture out of the city to the popular national…,Free cancellation,97% of travelers recommend this experience,This number is based on the percentage of all Tripadvisor reviews for this product that have a bubble rating of 4 or higher,from,$113.98,per adult,More info,,
13,Not sure? You can cancel this reservation up to 24 hours in advance for a full refund.,By Paella Cooking Experience,https://www.tripadvisor.com/AttractionProductReview-g187497-d15068337-Cocktail_Masterclass_with_Tapas_in_Barcelona_Spain-Barcelona_Catalonia.html#REVIEWS,https://www.tripadvisor.com/AttractionProductReview-g187497-d15068337-Cocktail_Masterclass_with_Tapas_in_Barcelona_Spain-Barcelona_Catalonia.html,https://dynamic-media-cdn.tripadvisor.com/media/photo-o/1a/f7/03/19/caption.jpg?w=500&h=400&s=1,"Cocktail Masterclass with Tapas in Barcelona, Spain",92.,https://www.tripadvisor.com/Attraction_Review-g187497-d3757398-Reviews-Paella_Cooking_Experience-Barcelona_Catalonia.html,Cooking Classes,2 hours,"Our fabulous cocktail masterclass will teach you four delicious cocktails, with recipes from our master mixologist that …",Free cancellation,100% of travelers recommend this experience,This number is based on the percentage of all Tripadvisor reviews for this product that have a bubble rating of 4 or higher,from,$44.12,per adult,More info,,
"1,741",Not sure? You can cancel this reservation up to 24 hours in advance for a full refund.,By Fat Tire Tours Barcelona,https://www.tripadvisor.com/AttractionProductReview-g187497-d11450317-Barcelona_Half_Day_Bike_Tour-Barcelona_Catalonia.html#REVIEWS,https://www.tripadvisor.com/AttractionProductReview-g187497-d11450317-Barcelona_Half_Day_Bike_Tour-Barcelona_Catalonia.html,https://dynamic-media-cdn.tripadvisor.com/media/photo-o/1a/64/43/7b/caption.jpg?w=500&h=400&s=1,Barcelona Half-Day Bike Tour,93.,https://www.tripadvisor.com/Attraction_Review-g187497-d564623-Reviews-Fat_Tire_Tours_Barcelona-Barcelona_Catalonia.html,City Tours,210–240 minutes,There's no better way to see the sights and learn the history of Barcelona than by joining a bike tour! You get to have …,Free cancellation,94% of travelers recommend this experience,This number is based on the percentage of all Tripadvisor reviews for this product that have a bubble rating of 4 or higher,from,$33.94,per adult,More info,,
15,Not sure? You can cancel this reservation up to 24 hours in advance for a full refund.,By Spanish Trails by Alba Programas,https://www.tripadvisor.com/AttractionProductReview-g187497-d11474686-Montserrat_Day_Trip_with_Lunch_and_Wine_Tasting_from_Barcelona-Barcelona_Catalonia.html#REVIEWS,https://www.tripadvisor.com/AttractionProductReview-g187497-d11474686-Montserrat_Day_Trip_with_Lunch_and_Wine_Tasting_from_Barcelona-Barcelona_Catalonia.html,https://dynamic-media-cdn.tripadvisor.com/media/photo-o/1c/8d/86/aa/caption.jpg?w=500&h=400&s=1,Montserrat Day Trip with Lunch and Wine Tasting from Barcelona,94.,https://www.tripadvisor.com/Attraction_Review-g187497-d1474663-Reviews-Spanish_Trails_by_Alba_Programas-Barcelona_Catalonia.html,Bus Tours,6+ hours,"Explore the amazing monastery of Montserrat on this day trip from Barcelona. Marvel at its panoramic views, scenic walks…",Free cancellation,100% of travelers recommend this experience,This number is based on the percentage of all Tripadvisor reviews for this product that have a bubble rating of 4 or higher,from,$141.42,per adult,More info,,
3,Not sure? You can cancel this reservation up to 24 hours in advance for a full refund.,By Withlocals,https://www.tripadvisor.com/AttractionProductReview-g187497-d17846806-Medieval_Girona_Private_Tour_with_Scenic_Train_Ride-Barcelona_Catalonia.html#REVIEWS,https://www.tripadvisor.com/AttractionProductReview-g187497-d17846806-Medieval_Girona_Private_Tour_with_Scenic_Train_Ride-Barcelona_Catalonia.html,https://dynamic-media-cdn.tripadvisor.com/media/photo-o/1a/58/30/27/caption.jpg?w=500&h=400&s=1,Medieval Girona Private Tour with Scenic Train Ride,95.,https://www.tripadvisor.com/Attraction_Review-g187497-d10436307-Reviews-Withlocals-Barcelona_Catalonia.html,Day Trips,5 hours,"Visit the beautiful Girona, a town full of amazing views, and fascinating history. Hop on a train to visit its eye-catching…",Free cancellation,,,from,$159.52,per adult,More info,,Taking safety measures
7,,By Antonio Falcon,https://www.tripadvisor.com/AttractionProductReview-g187497-d17587993-Spend_1_day_in_Andorra-Barcelona_Catalonia.html#REVIEWS,https://www.tripadvisor.com/AttractionProductReview-g187497-d17587993-Spend_1_day_in_Andorra-Barcelona_Catalonia.html,https://dynamic-media-cdn.tripadvisor.com/media/photo-o/1a/63/14/f5/caption.jpg?w=500&h=400&s=1,Spend 1 day in Andorra,96.,https://www.tripadvisor.com/Attraction_Review-g187497-d17572036-Reviews-Antonio_Falcon-Barcelona_Catalonia.html,Full-day Tours,6+ hours,"Andorra is an independent country between Spain and France, with an unique history, nature, gastronomy and heritage which…",,,,from,$152.73,per adult,More info,,Taking safety measures
312,Not sure? You can cancel this reservation up to 24 hours in advance for a full refund.,By Steel Donkey Bike Tours,https://www.tripadvisor.com/AttractionProductReview-g187497-d11475100-Half_Day_Barcelona_Off_the_Beaten_Track_Bike_Tour-Barcelona_Catalonia.html#REVIEWS,https://www.tripadvisor.com/AttractionProductReview-g187497-d11475100-Half_Day_Barcelona_Off_the_Beaten_Track_Bike_Tour-Barcelona_Catalonia.html,https://dynamic-media-cdn.tripadvisor.com/media/photo-o/1a/5d/91/bc/caption.jpg?w=500&h=400&s=1,Half-Day Barcelona Off the Beaten Track Bike Tour,97.,https://www.tripadvisor.com/Attraction_Review-g187497-d1811967-Reviews-Steel_Donkey_Bike_Tours-Barcelona_Catalonia.html,Bike Tours,4 hours,"See a different side of Barcelona, on this 4-hour bike ride off the beaten path.

Ride in small groups of just 8 people …",Free cancellation,98% of travelers recommend this experience,This number is based on the percentage of all Tripadvisor reviews for this product that have a bubble rating of 4 or higher,from,$40.30,per adult,More info,,
61,Not sure? You can cancel this reservation up to 24 hours in advance for a full refund.,By Thai Spa Massage Barcelona,https://www.tripadvisor.com/AttractionProductReview-g187497-d17683590-60_min_Thai_Bali_Massage_at_THAI_SPA_MASSAGE_BARCELONA-Barcelona_Catalonia.html#REVIEWS,https://www.tripadvisor.com/AttractionProductReview-g187497-d17683590-60_min_Thai_Bali_Massage_at_THAI_SPA_MASSAGE_BARCELONA-Barcelona_Catalonia.html,https://dynamic-media-cdn.tripadvisor.com/media/photo-o/1a/57/c6/5e/caption.jpg?w=500&h=400&s=1,60 min Thai & Bali Massage at THAI SPA MASSAGE BARCELONA,98.,https://www.tripadvisor.com/Attraction_Review-g187497-d13438048-Reviews-Thai_Spa_Massage_Barcelona-Barcelona_Catalonia.html,,1 hour,"To be able to enjoy a fusion fusion, Thai - Balinese made by one of our professional Thai masseurs in the middle of Passeig…",Free cancellation,98% of travelers recommend this experience,This number is based on the percentage of all Tripadvisor reviews for this product that have a bubble rating of 4 or higher,from,$84.85,per adult,More info,,
457,Not sure? You can cancel this reservation up to 24 hours in advance for a full refund.,By Excursions Barcelona,https://www.tripadvisor.com/AttractionProductReview-g187497-d15184676-Kayak_and_Snorkel_day_tour_to_la_Costa_Brava_from_Barcelona-Barcelona_Catalonia.html#REVIEWS,https://www.tripadvisor.com/AttractionProductReview-g187497-d15184676-Kayak_and_Snorkel_day_tour_to_la_Costa_Brava_from_Barcelona-Barcelona_Catalonia.html,https://dynamic-media-cdn.tripadvisor.com/media/photo-o/1c/9f/1b/a8/caption.jpg?w=500&h=400&s=1,Kayak and Snorkel day tour to la Costa Brava from Barcelona,99.,https://www.tripadvisor.com/Attraction_Review-g187497-d2155724-Reviews-Excursions_Barcelona-Barcelona_Catalonia.html,,6+ hours,While you’re living it up on your holiday in Barcelona why not join us for a day on the beautiful wild coast of Costa Brava…,Free cancellation,99% of travelers recommend this experience,This number is based on the percentage of all Tripadvisor reviews for this product that have a bubble rating of 4 or higher,from,$90.51,per adult,More info,,
58,Not sure? You can cancel this reservation up to 24 hours in advance for a full refund.,By Just Royal Bcn,https://www.tripadvisor.com/AttractionProductReview-g187497-d11474724-Mediterranean_Cooking_Class_in_Barcelona-Barcelona_Catalonia.html#REVIEWS,https://www.tripadvisor.com/AttractionProductReview-g187497-d11474724-Mediterranean_Cooking_Class_in_Barcelona-Barcelona_Catalonia.html,https://dynamic-media-cdn.tripadvisor.com/media/photo-o/1a/e3/f7/a2/caption.jpg?w=500&h=400&s=1,Mediterranean Cooking Class in Barcelona,100.,https://www.tripadvisor.com/Attraction_Review-g187497-d5789241-Reviews-Just_Royal_Bcn-Barcelona_Catalonia.html,Cooking Classes,4 hours,The experience begins with an optional tour around the nearby La Boqueria. From anecdotes about the sellers themselves to…,Free cancellation,96% of travelers recommend this experience,This number is based on the percentage of all Tripadvisor reviews for this product that have a bubble rating of 4 or higher,from,$117.66,per adult,More info,,
6,Not sure? You can cancel this reservation up to 24 hours in advance for a full refund.,By In Out Barcelona Tours,https://www.tripadvisor.com/AttractionProductReview-g187497-d17555283-Barcelona_Old_Town_Sky_Views_Montjuic_Castle_visit_Cable_Car_in_Small_Group-Barcel.html#REVIEWS,https://www.tripadvisor.com/AttractionProductReview-g187497-d17555283-Barcelona_Old_Town_Sky_Views_Montjuic_Castle_visit_Cable_Car_in_Small_Group-Barcel.html,https://dynamic-media-cdn.tripadvisor.com/media/photo-o/1a/8a/3d/83/caption.jpg?w=500&h=400&s=1,Barcelona Old Town & Sky Views: Montjuic Castle visit & Cable Car in Small Group,101.,https://www.tripadvisor.com/Attraction_Review-g187497-d7365281-Reviews-In_Out_Barcelona_Tours-Barcelona_Catalonia.html,Cable Car Tours,3–4 hours,Observe Barcelona from different points of view: start in the famous Ramblas with a walking tour in the Old Town and the…,Free cancellation,,,from,$56.99,per adult,More info,,Taking safety measures
39,Not sure? You can cancel this reservation up to 24 hours in advance for a full refund.,By Barcelona Y Day Trips,https://www.tripadvisor.com/AttractionProductReview-g187497-d16823045-Montserrat_Private_Tour_with_Pick_Up_from_Barcelona-Barcelona_Catalonia.html#REVIEWS,https://www.tripadvisor.com/AttractionProductReview-g187497-d16823045-Montserrat_Private_Tour_with_Pick_Up_from_Barcelona-Barcelona_Catalonia.html,https://dynamic-media-cdn.tripadvisor.com/media/photo-o/1b/73/39/7f/caption.jpg?w=500&h=400&s=1,Montserrat Private Tour with Pick Up from Barcelona,102.,https://www.tripadvisor.com/Attraction_Review-g187497-d16802032-Reviews-Barcelona_Y_Day_Trips-Barcelona_Catalonia.html,Bus Tours,5 hours,"• Hassle-free pickup and drop-off from your Barcelona hotel

• Private tour, exclusively for your party: Ensures a personalized…",Free cancellation,100% of travelers recommend this experience,This number is based on the percentage of all Tripadvisor reviews for this product that have a bubble rating of 4 or higher,from,$164.05,per adult,More info,LIKELY TO SELL OUT*,
31,Not sure? You can cancel this reservation up to 24 hours in advance for a full refund.,By Pick a Pictour,https://www.tripadvisor.com/AttractionProductReview-g187497-d12931942-Park_Guell_Photoshoot_Skip_the_line-Barcelona_Catalonia.html#REVIEWS,https://www.tripadvisor.com/AttractionProductReview-g187497-d12931942-Park_Guell_Photoshoot_Skip_the_line-Barcelona_Catalonia.html,https://dynamic-media-cdn.tripadvisor.com/media/photo-o/1a/be/a1/81/caption.jpg?w=500&h=400&s=1,Park Güell Photoshoot Skip the line!,103.,https://www.tripadvisor.com/Attraction_Review-g187497-d7694937-Reviews-Pick_a_Pictour-Barcelona_Catalonia.html,Walking Tours,1–2 hours,,Free cancellation,100% of travelers recommend this experience,This number is based on the percentage of all Tripadvisor reviews for this product that have a bubble rating of 4 or higher,from,$55.44,per adult,More info,Let’s visit and enjoy one of the major works of Gaudí in Barcelona and capture unique pictures of you!,
34,Not sure? You can cancel this reservation up to 24 hours in advance for a full refund.,By WINE SECRETS BARCELONA,https://www.tripadvisor.com/AttractionProductReview-g187497-d17617878-Fun_Wine_Tasting_in_Barcelona_with_a_Sommelier-Barcelona_Catalonia.html#REVIEWS,https://www.tripadvisor.com/AttractionProductReview-g187497-d17617878-Fun_Wine_Tasting_in_Barcelona_with_a_Sommelier-Barcelona_Catalonia.html,https://dynamic-media-cdn.tripadvisor.com/media/photo-o/1a/8d/33/30/caption.jpg?w=500&h=400&s=1,Fun Wine Tasting in Barcelona with a Sommelier!,104.,https://www.tripadvisor.com/Attraction_Review-g187497-d17592515-Reviews-WINE_SECRETS_BARCELONA-Barcelona_Catalonia.html,,2 hours,At Wine Secrets Barcelona we firmly believe that wine tastings are about having a good time. Therefore we steer away from…,Free cancellation,100% of travelers recommend this experience,This number is based on the percentage of all Tripadvisor reviews for this product that have a bubble rating of 4 or higher,from,$47.83,per adult,More info,,
3,Not sure? You can cancel this reservation up to 24 hours in advance for a full refund.,By Local CoolTour Barcelona,https://www.tripadvisor.com/AttractionProductReview-g187497-d17400286-Private_Full_Day_Trip_to_Medieval_Villages_of_Catalonia_Lunch_front_of_a_Lake-Barc.html#REVIEWS,https://www.tripadvisor.com/AttractionProductReview-g187497-d17400286-Private_Full_Day_Trip_to_Medieval_Villages_of_Catalonia_Lunch_front_of_a_Lake-Barc.html,https://dynamic-media-cdn.tripadvisor.com/media/photo-o/1a/fa/fc/a9/caption.jpg?w=500&h=400&s=1,Private Full Day Trip to Medieval Villages of Catalonia + Lunch front of a Lake,105.,https://www.tripadvisor.com/Attraction_Review-g187497-d15635679-Reviews-Local_CoolTour_Barcelona-Barcelona_Catalonia.html,Bus Tours,6+ hours,"Feel like travelling back in time in this Private Tour, through the Medieval Villages. Visit 3 of the most beautiful and…",Free cancellation,,,from,$300.94,per adult,More info,,Taking safety measures
5,Not sure? You can cancel this reservation up to 24 hours in advance for a full refund.,By In Out Barcelona Tours,https://www.tripadvisor.com/AttractionProductReview-g187497-d11988155-Best_of_Barcelona_Highlights_Bike_Tour_in_Small_Group_or_Private_tour-Barcelona_Ca.html#REVIEWS,https://www.tripadvisor.com/AttractionProductReview-g187497-d11988155-Best_of_Barcelona_Highlights_Bike_Tour_in_Small_Group_or_Private_tour-Barcelona_Ca.html,https://dynamic-media-cdn.tripadvisor.com/media/photo-o/1a/f6/1b/30/caption.jpg?w=500&h=400&s=1,Best of Barcelona Highlights Bike Tour in Small-Group or Private tour,106.,https://www.tripadvisor.com/Attraction_Review-g187497-d7365281-Reviews-In_Out_Barcelona_Tours-Barcelona_Catalonia.html,City Tours,3–4 hours,"Enjoy this bike tour of Barcelona, which will take you on a journey through time and introduce you the following (and many…",Free cancellation,,,from,$27.64,per adult,More info,LIKELY TO SELL OUT*,Taking safety measures
21,Not sure? You can cancel this reservation up to 24 hours in advance for a full refund.,By Barcelona Sailing,https://www.tripadvisor.com/AttractionProductReview-g187497-d19175707-Barcelona_Sailing_Sunset_Experience_Shared_Sailboat_from_Port_Olimpic-Barcelona_Ca.html#REVIEWS,https://www.tripadvisor.com/AttractionProductReview-g187497-d19175707-Barcelona_Sailing_Sunset_Experience_Shared_Sailboat_from_Port_Olimpic-Barcelona_Ca.html,https://dynamic-media-cdn.tripadvisor.com/media/photo-o/1b/4d/65/da/caption.jpg?w=500&h=400&s=1,Barcelona Sailing Sunset Experience Shared Sailboat from Port Olimpic,107.,https://www.tripadvisor.com/Attraction_Review-g187497-d19006871-Reviews-Barcelona_Sailing-Barcelona_Catalonia.html,Private and Luxury,2 hours,This special sailing tour is very attractive because you will be able to enjoy the Barcelona Skyline with the sunset while…,Free cancellation,95% of travelers recommend this experience,This number is based on the percentage of all Tripadvisor reviews for this product that have a bubble rating of 4 or higher,from,$62.22,per adult,More info,,
5,Not sure? You can cancel this reservation up to 24 hours in advance for a full refund.,By Barcelona Sailing Day,https://www.tripadvisor.com/AttractionProductReview-g187497-d17305685-Barcelona_Sailing_Day_1h_Sailing_Tours-Barcelona_Catalonia.html#REVIEWS,https://www.tripadvisor.com/AttractionProductReview-g187497-d17305685-Barcelona_Sailing_Day_1h_Sailing_Tours-Barcelona_Catalonia.html,https://dynamic-media-cdn.tripadvisor.com/media/photo-o/1a/e3/e1/1b/caption.jpg?w=500&h=400&s=1,"Barcelona Sailing Day, 1h Sailing Tours",108.,https://www.tripadvisor.com/Attraction_Review-g187497-d15791738-Reviews-Barcelona_Sailing_Day-Barcelona_Catalonia.html,Adventure Tours,1 hour,Join a beautiful 1-hour sailing trip off the coast of Barcelona with a very small group on a modern sailing boat. You will…,Free cancellation,,,from,$33.94,per adult,More info,,Taking safety measures
25,Not sure? You can cancel this reservation up to 24 hours in advance for a full refund.,By Withlocals,https://www.tripadvisor.com/AttractionProductReview-g187497-d13315882-Barcelona_s_best_private_family_food_tour-Barcelona_Catalonia.html#REVIEWS,https://www.tripadvisor.com/AttractionProductReview-g187497-d13315882-Barcelona_s_best_private_family_food_tour-Barcelona_Catalonia.html,https://dynamic-media-cdn.tripadvisor.com/media/photo-o/1a/be/a5/7a/caption.jpg?w=500&h=400&s=1,Barcelona's best private family food tour,109.,https://www.tripadvisor.com/Attraction_Review-g187497-d10436307-Reviews-Withlocals-Barcelona_Catalonia.html,Walking Tours,3 hours,Ready to taste the unique flavors of Barcelona? Get the most amazing food treats in the city and discover the local lifestyle…,Free cancellation,100% of travelers recommend this experience,This number is based on the percentage of all Tripadvisor reviews for this product that have a bubble rating of 4 or higher,from,$93.90,per adult,More info,,
29,Not sure? You can cancel this reservation up to 24 hours in advance for a full refund.,By Barcelona Local Experiences,https://www.tripadvisor.com/AttractionProductReview-g187497-d11481970-Tapas_and_Wine_Walking_Tour_with_Flamenco_Experience-Barcelona_Catalonia.html#REVIEWS,https://www.tripadvisor.com/AttractionProductReview-g187497-d11481970-Tapas_and_Wine_Walking_Tour_with_Flamenco_Experience-Barcelona_Catalonia.html,https://dynamic-media-cdn.tripadvisor.com/media/photo-o/1a/8a/57/0a/caption.jpg?w=500&h=400&s=1,Tapas and Wine Walking Tour with Flamenco Experience,110.,https://www.tripadvisor.com/Attraction_Review-g187497-d7763839-Reviews-Barcelona_Local_Experiences-Barcelona_Catalonia.html,Wine Tours,4 hours,Join this 3-hour walking guided tour through El Born and Gothic neighborhoods in Barcelona. Discover the stories behind …,Free cancellation,100% of travelers recommend this experience,This number is based on the percentage of all Tripadvisor reviews for this product that have a bubble rating of 4 or higher,from,$90.51,per adult,More info,,
13,Not sure? You can cancel this reservation up to 24 hours in advance for a full refund.,By Camins de Vent,https://www.tripadvisor.com/AttractionProductReview-g652130-d12931992-Hot_Air_Balloon_Barcelona_flight-Igualada_Catalonia.html#REVIEWS,https://www.tripadvisor.com/AttractionProductReview-g652130-d12931992-Hot_Air_Balloon_Barcelona_flight-Igualada_Catalonia.html,https://dynamic-media-cdn.tripadvisor.com/media/photo-o/1b/a4/51/b2/caption.jpg?w=500&h=400&s=1,Hot Air Balloon Barcelona flight,111.,https://www.tripadvisor.com/Attraction_Review-g187497-d5257014-Reviews-Camins_de_Vent-Barcelona_Catalonia.html,Adventure Tours,3–5 hours,"Live an incredible experience with ""Camins de Vent"" and start your day in a hot air balloon. Enjoy a 1h15min flight above…",Free cancellation,100% of travelers recommend this experience,This number is based on the percentage of all Tripadvisor reviews for this product that have a bubble rating of 4 or higher,from,$220.62,per adult,More info,,
31,Not sure? You can cancel this reservation up to 24 hours in advance for a full refund.,By We Are Guides Barcelona,https://www.tripadvisor.com/AttractionProductReview-g187497-d12468892-Barcelona_Tour_with_Licensed_Guide_Sagrada_Familia_Park_Guell_and_La_Pedrera-Barce.html#REVIEWS,https://www.tripadvisor.com/AttractionProductReview-g187497-d12468892-Barcelona_Tour_with_Licensed_Guide_Sagrada_Familia_Park_Guell_and_La_Pedrera-Barce.html,https://dynamic-media-cdn.tripadvisor.com/media/photo-o/1d/8e/ac/96/caption.jpg?w=500&h=400&s=1,"Barcelona Tour with Licensed Guide: Sagrada Familia, Park Güell and La Pedrera",112.,https://www.tripadvisor.com/Attraction_Review-g187497-d13908805-Reviews-We_Are_Guides_Barcelona-Barcelona_Catalonia.html,Bus Tours,6+ hours,"On this sightseeing tour, you will explore the best that this city has to offer - discover the rich history that spans thousands…",Free cancellation,100% of travelers recommend this experience,This number is based on the percentage of all Tripadvisor reviews for this product that have a bubble rating of 4 or higher,from,$248.90,per adult,More info,LIKELY TO SELL OUT*,
15,Not sure? You can cancel this reservation up to 24 hours in advance for a full refund.,By In Out Barcelona Tours,https://www.tripadvisor.com/AttractionProductReview-g187497-d17634488-Private_Montserrat_Tour_with_Hotel_pick_up_from_Barcelona-Barcelona_Catalonia.html#REVIEWS,https://www.tripadvisor.com/AttractionProductReview-g187497-d17634488-Private_Montserrat_Tour_with_Hotel_pick_up_from_Barcelona-Barcelona_Catalonia.html,https://dynamic-media-cdn.tripadvisor.com/media/photo-o/1b/8e/72/c1/caption.jpg?w=500&h=400&s=1,Private Montserrat Tour with Hotel pick-up from Barcelona,113.,https://www.tripadvisor.com/Attraction_Review-g187497-d7365281-Reviews-In_Out_Barcelona_Tours-Barcelona_Catalonia.html,Cable Car Tours,5 hours,"Private tour with free Hotel pick-up and drop-off.

Make a pilgrimage to the mystical mountaintop retreat of Montserrat …",Free cancellation,100% of travelers recommend this experience,This number is based on the percentage of all Tripadvisor reviews for this product that have a bubble rating of 4 or higher,from,$230.27,per adult,More info,LIKELY TO SELL OUT*,
59,Not sure? You can cancel this reservation up to 24 hours in advance for a full refund.,By In Out Barcelona Tours,https://www.tripadvisor.com/AttractionProductReview-g187497-d11988230-Dali_Museum_Figueres_and_Cadaques_Small_Group_Tour_with_Hotel_pick_up-Barcelona_Ca.html#REVIEWS,https://www.tripadvisor.com/AttractionProductReview-g187497-d11988230-Dali_Museum_Figueres_and_Cadaques_Small_Group_Tour_with_Hotel_pick_up-Barcelona_Ca.html,https://dynamic-media-cdn.tripadvisor.com/media/photo-o/1a/65/69/6a/caption.jpg?w=500&h=400&s=1,"Dali Museum, Figueres and Cadaqués Small Group Tour with Hotel pick-up",114.,https://www.tripadvisor.com/Attraction_Review-g187497-d7365281-Reviews-In_Out_Barcelona_Tours-Barcelona_Catalonia.html,Bus Tours,6+ hours,Take a journey into the surrealist mind of Catalan artist Salvador Dalí on this 10-hour tour which visits the places that…,Free cancellation,100% of travelers recommend this experience,This number is based on the percentage of all Tripadvisor reviews for this product that have a bubble rating of 4 or higher,from,$138.16,per adult,More info,LIKELY TO SELL OUT*,
4,Not sure? You can cancel this reservation up to 24 hours in advance for a full refund.,By Local CoolTour Barcelona,https://www.tripadvisor.com/AttractionProductReview-g187497-d16709703-The_most_complete_Food_Drink_tasting_tour_of_Barcelona_in_traditional_taverns-Barc.html#REVIEWS,https://www.tripadvisor.com/AttractionProductReview-g187497-d16709703-The_most_complete_Food_Drink_tasting_tour_of_Barcelona_in_traditional_taverns-Barc.html,https://dynamic-media-cdn.tripadvisor.com/media/photo-o/1c/a1/91/ed/caption.jpg?w=500&h=-1&s=1,The most complete Food & Drink tasting tour of Barcelona in traditional taverns,115.,https://www.tripadvisor.com/Attraction_Review-g187497-d15635679-Reviews-Local_CoolTour_Barcelona-Barcelona_Catalonia.html,Wine Tours,3 hours,Soak up the Spanish Culture in this complete Private Food & Drink Tour. Explore the most authentic neighborhoods of Barcelona…,Free cancellation,,,from,$85.98,per adult,More info,,Taking safety measures
15,Not sure? You can cancel this reservation up to 24 hours in advance for a full refund.,By Explore Catalunya,https://www.tripadvisor.com/AttractionProductReview-g187497-d11448536-Roman_Tarragona_and_Glamorous_Sitges_Small_Group_Tour_from_Barcelona-Barcelona_Cat.html#REVIEWS,https://www.tripadvisor.com/AttractionProductReview-g187497-d11448536-Roman_Tarragona_and_Glamorous_Sitges_Small_Group_Tour_from_Barcelona-Barcelona_Cat.html,https://dynamic-media-cdn.tripadvisor.com/media/photo-o/1a/cf/87/49/caption.jpg?w=500&h=400&s=1,Roman Tarragona and Glamorous Sitges Small Group Tour from Barcelona,116.,https://www.tripadvisor.com/Attraction_Review-g187497-d1602326-Reviews-Explore_Catalunya-Barcelona_Catalonia.html,Bus Tours,6+ hours,Combine history and beach fun on a visit to Roman Tarragona and coastal Sitges on a full-day small group tour by minivan…,Free cancellation,,,from,$102.47,per adult,More info,LIKELY TO SELL OUT*,Taking safety measures
22,Not sure? You can cancel this reservation up to 24 hours in advance for a full refund.,By AIRE Ancient Baths Barcelona,https://www.tripadvisor.com/AttractionProductReview-g187497-d18910306-AIRE_The_Ancient_Thermal_Bath_60_Relaxing_Massage-Barcelona_Catalonia.html#REVIEWS,https://www.tripadvisor.com/AttractionProductReview-g187497-d18910306-AIRE_The_Ancient_Thermal_Bath_60_Relaxing_Massage-Barcelona_Catalonia.html,https://dynamic-media-cdn.tripadvisor.com/media/photo-o/1c/20/b9/5e/caption.jpg?w=500&h=400&s=1,AIRE The Ancient Thermal Bath & 60' Relaxing Massage,117.,https://www.tripadvisor.com/Attraction_Review-g187497-d2368487-Reviews-AIRE_Ancient_Baths_Barcelona-Barcelona_Catalonia.html,,2 hours,Live a unique experience of total relaxation for the body and mind through the pleasures of water in an atmosphere full …,Free cancellation,,,from,$147.08,per adult,More info,,
52,Not sure? You can cancel this reservation up to 24 hours in advance for a full refund.,By Food Lover Tour,https://www.tripadvisor.com/AttractionProductReview-g187497-d19530179-Barcelona_Tapas_Crawl_Tour-Barcelona_Catalonia.html#REVIEWS,https://www.tripadvisor.com/AttractionProductReview-g187497-d19530179-Barcelona_Tapas_Crawl_Tour-Barcelona_Catalonia.html,https://dynamic-media-cdn.tripadvisor.com/media/photo-o/1a/f4/b9/d5/caption.jpg?w=500&h=400&s=1,Barcelona Tapas Crawl Tour,118.,https://www.tripadvisor.com/Attraction_Review-g187497-d5953405-Reviews-Food_Lover_Tour-Barcelona_Catalonia.html,,2–3 hours,This early evening tapas tour has been designed to be discovered over a short adventure lasting nearly 3 delicious hours…,Free cancellation,100% of travelers recommend this experience,This number is based on the percentage of all Tripadvisor reviews for this product that have a bubble rating of 4 or higher,from,$79.73,per adult,More info,,
,Not sure? You can cancel this reservation up to 24 hours in advance for a full refund.,By In Out Barcelona Tours,,https://www.tripadvisor.com/AttractionProductReview-g187497-d21195641-Wine_tasting_E_bike_Barcelona_s_coastline_Small_Group_tour-Barcelona_Catalonia.html,https://dynamic-media-cdn.tripadvisor.com/media/photo-o/1b/b1/df/3e/caption.jpg?w=500&h=400&s=1,Wine tasting & E-bike Barcelona's coastline Small Group tour,119.,https://www.tripadvisor.com/Attraction_Review-g187497-d7365281-Reviews-In_Out_Barcelona_Tours-Barcelona_Catalonia.html,E-Bike Tours,6+ hours,"Enjoy a e-bike ride through the emblematic Mediterranean coast of Barcelona.

Discovering with our professional guide the…",Free cancellation,,,from,$79.44,per adult,More info,,Taking safety measures
23,Not sure? You can cancel this reservation up to 24 hours in advance for a full refund.,By City Wonders,https://www.tripadvisor.com/AttractionProductReview-g187497-d13933825-Fast_Entry_Sagrada_Familia_Guided_Tour-Barcelona_Catalonia.html#REVIEWS,https://www.tripadvisor.com/AttractionProductReview-g187497-d13933825-Fast_Entry_Sagrada_Familia_Guided_Tour-Barcelona_Catalonia.html,https://dynamic-media-cdn.tripadvisor.com/media/photo-o/1d/1f/fa/4a/caption.jpg?w=500&h=400&s=1,Fast Entry Sagrada Família Guided Tour,120.,https://www.tripadvisor.com/Attraction_Review-g187497-d6522519-Reviews-City_Wonders-Barcelona_Catalonia.html,Walking Tours,1–2 hours,"Discover Gaudi’s most famous work – and the most visited monument in all of Spain – with this skip-the-line, guided tour…",Free cancellation,91% of travelers recommend this experience,This number is based on the percentage of all Tripadvisor reviews for this product that have a bubble rating of 4 or higher,from,$59.06,per adult,More info,LIKELY TO SELL OUT*,
1,,,,,,,,,4,3,,5,,,,,,,,
46,Not sure? You can cancel this reservation up to 24 hours in advance for a full refund.,By Barcelona Day Tours,https://www.tripadvisor.com/AttractionProductReview-g187497-d17404857-Barcelona_Highligjhts_Montserrat_with_Pick_up_and_Optional_Attractions_Tickets-Bar.html#REVIEWS,https://www.tripadvisor.com/AttractionProductReview-g187497-d17404857-Barcelona_Highligjhts_Montserrat_with_Pick_up_and_Optional_Attractions_Tickets-Bar.html,https://dynamic-media-cdn.tripadvisor.com/media/photo-o/1a/64/d2/94/caption.jpg?w=500&h=400&s=1,Barcelona Highligjhts & Montserrat with Pick up and Optional Attractions Tickets,91.,https://www.tripadvisor.com/Attraction_Review-g187497-d1603406-Reviews-Barcelona_Day_Tours-Barcelona_Catalonia.html,Bus Tours,6+ hours,This is the ultimate full day tour! See all the highlights of Barcelona and venture out of the city to the popular national…,Free cancellation,97% of travelers recommend this experience,This number is based on the percentage of all Tripadvisor reviews for this product that have a bubble rating of 4 or higher,from,$113.98,per adult,More info,,
13,Not sure? You can cancel this reservation up to 24 hours in advance for a full refund.,By Paella Cooking Experience,https://www.tripadvisor.com/AttractionProductReview-g187497-d15068337-Cocktail_Masterclass_with_Tapas_in_Barcelona_Spain-Barcelona_Catalonia.html#REVIEWS,https://www.tripadvisor.com/AttractionProductReview-g187497-d15068337-Cocktail_Masterclass_with_Tapas_in_Barcelona_Spain-Barcelona_Catalonia.html,https://dynamic-media-cdn.tripadvisor.com/media/photo-o/1a/f7/03/19/caption.jpg?w=500&h=400&s=1,"Cocktail Masterclass with Tapas in Barcelona, Spain",92.,https://www.tripadvisor.com/Attraction_Review-g187497-d3757398-Reviews-Paella_Cooking_Experience-Barcelona_Catalonia.html,Cooking Classes,2 hours,"Our fabulous cocktail masterclass will teach you four delicious cocktails, with recipes from our master mixologist that …",Free cancellation,100% of travelers recommend this experience,This number is based on the percentage of all Tripadvisor reviews for this product that have a bubble rating of 4 or higher,from,$44.12,per adult,More info,,
"1,741",Not sure? You can cancel this reservation up to 24 hours in advance for a full refund.,By Fat Tire Tours Barcelona,https://www.tripadvisor.com/AttractionProductReview-g187497-d11450317-Barcelona_Half_Day_Bike_Tour-Barcelona_Catalonia.html#REVIEWS,https://www.tripadvisor.com/AttractionProductReview-g187497-d11450317-Barcelona_Half_Day_Bike_Tour-Barcelona_Catalonia.html,https://dynamic-media-cdn.tripadvisor.com/media/photo-o/1a/64/43/7b/caption.jpg?w=500&h=400&s=1,Barcelona Half-Day Bike Tour,93.,https://www.tripadvisor.com/Attraction_Review-g187497-d564623-Reviews-Fat_Tire_Tours_Barcelona-Barcelona_Catalonia.html,City Tours,210–240 minutes,There's no better way to see the sights and learn the history of Barcelona than by joining a bike tour! You get to have …,Free cancellation,94% of travelers recommend this experience,This number is based on the percentage of all Tripadvisor reviews for this product that have a bubble rating of 4 or higher,from,$33.94,per adult,More info,,
15,Not sure? You can cancel this reservation up to 24 hours in advance for a full refund.,By Spanish Trails by Alba Programas,https://www.tripadvisor.com/AttractionProductReview-g187497-d11474686-Montserrat_Day_Trip_with_Lunch_and_Wine_Tasting_from_Barcelona-Barcelona_Catalonia.html#REVIEWS,https://www.tripadvisor.com/AttractionProductReview-g187497-d11474686-Montserrat_Day_Trip_with_Lunch_and_Wine_Tasting_from_Barcelona-Barcelona_Catalonia.html,https://dynamic-media-cdn.tripadvisor.com/media/photo-o/1c/8d/86/aa/caption.jpg?w=500&h=400&s=1,Montserrat Day Trip with Lunch and Wine Tasting from Barcelona,94.,https://www.tripadvisor.com/Attraction_Review-g187497-d1474663-Reviews-Spanish_Trails_by_Alba_Programas-Barcelona_Catalonia.html,Bus Tours,6+ hours,"Explore the amazing monastery of Montserrat on this day trip from Barcelona. Marvel at its panoramic views, scenic walks…",Free cancellation,100% of travelers recommend this experience,This number is based on the percentage of all Tripadvisor reviews for this product that have a bubble rating of 4 or higher,from,$141.42,per adult,More info,,
3,Not sure? You can cancel this reservation up to 24 hours in advance for a full refund.,By Withlocals,https://www.tripadvisor.com/AttractionProductReview-g187497-d17846806-Medieval_Girona_Private_Tour_with_Scenic_Train_Ride-Barcelona_Catalonia.html#REVIEWS,https://www.tripadvisor.com/AttractionProductReview-g187497-d17846806-Medieval_Girona_Private_Tour_with_Scenic_Train_Ride-Barcelona_Catalonia.html,https://dynamic-media-cdn.tripadvisor.com/media/photo-o/1a/58/30/27/caption.jpg?w=500&h=400&s=1,Medieval Girona Private Tour with Scenic Train Ride,95.,https://www.tripadvisor.com/Attraction_Review-g187497-d10436307-Reviews-Withlocals-Barcelona_Catalonia.html,Day Trips,5 hours,"Visit the beautiful Girona, a town full of amazing views, and fascinating history. Hop on a train to visit its eye-catching…",Free cancellation,,,from,$159.52,per adult,More info,,Taking safety measures
7,,By Antonio Falcon,https://www.tripadvisor.com/AttractionProductReview-g187497-d17587993-Spend_1_day_in_Andorra-Barcelona_Catalonia.html#REVIEWS,https://www.tripadvisor.com/AttractionProductReview-g187497-d17587993-Spend_1_day_in_Andorra-Barcelona_Catalonia.html,https://dynamic-media-cdn.tripadvisor.com/media/photo-o/1a/63/14/f5/caption.jpg?w=500&h=400&s=1,Spend 1 day in Andorra,96.,https://www.tripadvisor.com/Attraction_Review-g187497-d17572036-Reviews-Antonio_Falcon-Barcelona_Catalonia.html,Full-day Tours,6+ hours,"Andorra is an independent country between Spain and France, with an unique history, nature, gastronomy and heritage which…",,,,from,$152.73,per adult,More info,,Taking safety measures
1,,,,,,,,,5,4,,6,,,,,,,,