,Image,Tour Name,Tour Type,Tour Duration,Tour Price,Price Per,Cancellation,Tour By,City,Country,Link
0,,,,,,,,Clear all filters,Berlin,Germany,
1,https://dynamic-media-cdn.tripadvisor.com/media/photo-o/1a/64/0d/22/caption.jpg?w=500&h=400&s=1,Discover Berlin Half-Day Walking Tour,City Tours,3–4 hours,$22.63,per adult,Free cancellation,By Original Berlin Walks,Berlin,Germany,https://www.tripadvisor.com/Attraction_Review-g187323-d735931-Reviews-Original_Berlin_Walks-Berlin.html
2,https://dynamic-media-cdn.tripadvisor.com/media/photo-o/1a/56/ad/4e/caption.jpg?w=500&h=400&s=1,Private Berlin Complete History All Day Tour,Rail Tours,6–7 hours,$147.08,per adult,Free cancellation,By Birchys Berlin Tours,Berlin,Germany,https://www.tripadvisor.com/Attraction_Review-g187323-d16858951-Reviews-Birchys_Berlin_Tours-Berlin.html
3,https://dynamic-media-cdn.tripadvisor.com/media/photo-o/1a/5b/4b/11/caption.jpg?w=500&h=400&s=1,Sachsenhausen Concentration Camp Memorial Tour from Berlin,City Tours,6 hours,$28.28,per adult,Free cancellation,By Insider Tour,Berlin,Germany,https://www.tripadvisor.com/Attraction_Review-g187323-d629667-Reviews-Insider_Tour-Berlin.html
4,https://dynamic-media-cdn.tripadvisor.com/media/photo-o/1a/5b/47/2f/caption.jpg?w=500&h=400&s=1,3.5-Hour Guided Original Craft Beer Tour in Berlin,Walking Tours,3–4 hours,$67.88,per adult,Free cancellation,By Berlin Craft Beer Experience,Berlin,Germany,https://www.tripadvisor.com/Attraction_Review-g187323-d8641114-Reviews-Berlin_Craft_Beer_Experience-Berlin.html
5,https://dynamic-media-cdn.tripadvisor.com/media/photo-o/1c/2a/64/af/caption.jpg?w=500&h=400&s=1,Berlin Icebar Experience Including 3 Drinks,Skip-the-Line Tours,1 hour,$25.46,per adult,Free cancellation,By Berlin Icebar,Berlin,Germany,https://www.tripadvisor.com/Attraction_Review-g187323-d17647979-Reviews-Berlin_Icebar-Berlin.html
6,https://dynamic-media-cdn.tripadvisor.com/media/photo-o/1c/cc/ca/59/caption.jpg?w=500&h=400&s=1,Third Reich Berlin WalkingTour - Hitler and WWII,Rail Tours,3 hours,$21.50,per adult,Free cancellation,By Insider Tour,Berlin,Germany,https://www.tripadvisor.com/Attraction_Review-g187323-d629667-Reviews-Insider_Tour-Berlin.html
7,https://dynamic-media-cdn.tripadvisor.com/media/photo-o/1a/ef/a2/ea/caption.jpg?w=500&h=400&s=1,3-Hour Berlin Highlights Bike Tour,City Tours,3 hours,$33.94,per adult,Free cancellation,By Fat Tire Tours Berlin,Berlin,Germany,https://www.tripadvisor.com/Attraction_Review-g187323-d736467-Reviews-Fat_Tire_Tours_Berlin-Berlin.html
8,https://dynamic-media-cdn.tripadvisor.com/media/photo-o/1a/70/d7/36/caption.jpg?w=500&h=400&s=1,Big Bus Berlin Hop on Hop off tour with Walking Tour,Bus Tours,2 hours,$30.55,per adult,Free cancellation,By Big Bus Tours Berlin,Berlin,Germany,https://www.tripadvisor.com/Attraction_Review-g187323-d17755134-Reviews-Big_Bus_Tours_Berlin-Berlin.html
9,https://dynamic-media-cdn.tripadvisor.com/media/photo-o/1a/62/f7/f1/caption.jpg?w=500&h=400&s=1,Shore Excursion: Berlin Sightseeing with round-trip port-transfer,Full-day Tours,6+ hours,$133.44,per adult,Free cancellation,By SPB Tours Berlin,Berlin,Germany,https://www.tripadvisor.com/Attraction_Review-g187323-d3371278-Reviews-SPB_Tours_Berlin-Berlin.html
10,https://dynamic-media-cdn.tripadvisor.com/media/photo-o/20/19/e7/57/caption.jpg?w=500&h=400&s=1,ARISE Grand Show at Friedrichstadt-Palast in Berlin,Theaters,2–3 hours,$62.11,per adult,Free cancellation,By Friedrichstadt-Palast,Berlin,Germany,https://www.tripadvisor.com/Attraction_Review-g187323-d190603-Reviews-Friedrichstadt_Palast-Berlin.html
11,https://dynamic-media-cdn.tripadvisor.com/media/photo-o/1a/5c/06/da/caption.jpg?w=500&h=400&s=1,All-in-One Berlin Shore Excursion from Warnemünde and Rostock Port,Bus Tours,6+ hours,$118.79,per adult,Free cancellation,By Essence of Berlin,Berlin,Germany,https://www.tripadvisor.com/Attraction_Review-g187323-d15798995-Reviews-Essence_of_Berlin-Berlin.html
12,https://dynamic-media-cdn.tripadvisor.com/media/photo-o/1a/63/98/ae/caption.jpg?w=500&h=400&s=1,The History of Berlin: WWII Private Tour,City Tours,4 hours,$75.80,per adult,Free cancellation,By Withlocals,Berlin,Germany,https://www.tripadvisor.com/Attraction_Review-g187323-d10507977-Reviews-Withlocals-Berlin.html
13,https://dynamic-media-cdn.tripadvisor.com/media/photo-o/1b/25/93/fa/caption.jpg?w=500&h=400&s=1,The 10 Tastings of Berlin With Locals: Kreuzberg Private Food Tour,Walking Tours,3 hours,$112.00,per adult,Free cancellation,By Withlocals,Berlin,Germany,https://www.tripadvisor.com/Attraction_Review-g187323-d10507977-Reviews-Withlocals-Berlin.html
14,https://dynamic-media-cdn.tripadvisor.com/media/photo-o/1c/bf/5d/47/caption.jpg?w=500&h=400&s=1,Withlocals Private Urban Jungle: The Alternative Side of Berlin,City Tours,2–3 hours,$59.96,per adult,Free cancellation,By Withlocals,Berlin,Germany,https://www.tripadvisor.com/Attraction_Review-g187323-d10507977-Reviews-Withlocals-Berlin.html
15,https://dynamic-media-cdn.tripadvisor.com/media/photo-o/1b/73/61/10/caption.jpg?w=500&h=400&s=1,Berlin Self-Drive Trabi Tour with Guide,Bus Tours,1–2 hours,$59.94,per adult,,By Trabi-Safari - TrabiWorld Berlin,Berlin,Germany,https://www.tripadvisor.com/Attraction_Review-g187323-d1546493-Reviews-Trabi_Safari_TrabiWorld_Berlin-Berlin.html
16,https://dynamic-media-cdn.tripadvisor.com/media/photo-o/1c/cc/ca/55/caption.jpg?w=500&h=400&s=1,Cold War Walking Tour of Berlin,Rail Tours,3 hours,$21.50,per adult,Free cancellation,By Insider Tour,Berlin,Germany,https://www.tripadvisor.com/Attraction_Review-g187323-d629667-Reviews-Insider_Tour-Berlin.html
17,https://dynamic-media-cdn.tripadvisor.com/media/photo-o/1a/9f/ca/ad/caption.jpg?w=500&h=400&s=1,Private Tour: Berlin by Trabant Stretch-Limousine,Bus Tours,3 hours,$243.40,per group,Free cancellation,By Trabi-XXL Trabant Limousines,Berlin,Germany,https://www.tripadvisor.com/Attraction_Review-g187323-d3600215-Reviews-Trabi_XXL_Trabant_Limousines-Berlin.html
18,https://dynamic-media-cdn.tripadvisor.com/media/photo-o/1d/37/91/a5/caption.jpg?w=500&h=400&s=1,SIXX PAXX Theater Berlin Show,Theaters,120–180 minutes,$79.08,per adult,,By SIXX PAXX Theater & Ladiesclub,Berlin,Germany,https://www.tripadvisor.com/Attraction_Review-g187323-d20943615-Reviews-SIXX_PAXX_Theater_Ladiesclub-Berlin.html
19,https://dynamic-media-cdn.tripadvisor.com/media/photo-o/1b/3d/a1/3a/caption.jpg?w=500&h=400&s=1,Berlin-Prague One-Way Sightseeing Day Tour,Full-day Tours,6+ hours,$298.68,per adult,Free cancellation,By Sidetrip: Berlin to Prague One-Way Tour,Berlin,Germany,https://www.tripadvisor.com/Attraction_Review-g187323-d16770258-Reviews-Sidetrip_Berlin_to_Prague_One_Way_Tour-Berlin.html
20,https://dynamic-media-cdn.tripadvisor.com/media/photo-o/1a/5b/32/d4/caption.jpg?w=500&h=400&s=1,2 Hour Berlin Small Group Segway Tour,Segway Tours,2 hours,$56.56,per adult,Free cancellation,By 2 Wheel Tours,Berlin,Germany,https://www.tripadvisor.com/Attraction_Review-g187323-d7185851-Reviews-2_Wheel_Tours-Berlin.html
21,https://dynamic-media-cdn.tripadvisor.com/media/photo-o/1a/f6/5f/0b/caption.jpg?w=500&h=400&s=1,Berlin City Tour on Segway,Segway Tours,1–2 hours,$39.60,per adult,Free cancellation,By 2 Wheel Tours,Berlin,Germany,https://www.tripadvisor.com/Attraction_Review-g187323-d7185851-Reviews-2_Wheel_Tours-Berlin.html
22,https://dynamic-media-cdn.tripadvisor.com/media/photo-o/1b/1b/c7/8f/caption.jpg?w=500&h=400&s=1,Rickshaw Sightseeing City Tours Berlin - Rikscha Tours,E-Bike Tours,1–4 hours,$87.11,per group,Free cancellation,By Leo Rikscha,Berlin,Germany,https://www.tripadvisor.com/Attraction_Review-g187323-d17731855-Reviews-Leo_Rikscha-Berlin.html
23,https://dynamic-media-cdn.tripadvisor.com/media/photo-o/1a/f4/1c/92/caption.jpg?w=500&h=400&s=1,Private Custom 3-Hour Tour of Berlin by Car,Bus Tours,3 hours,$441.23,per group,Free cancellation,By A Friend in Berlin,Berlin,Germany,https://www.tripadvisor.com/Attraction_Review-g187323-d7033574-Reviews-A_Friend_in_Berlin-Berlin.html
24,https://dynamic-media-cdn.tripadvisor.com/media/photo-o/21/da/2f/6e/caption.jpg?w=500&h=400&s=1,Madame Tussauds Berlin Admission Ticket,Attractions & Museums,1–2 hours,$27.15,per adult,Free cancellation,By Madame Tussauds Berlin,Berlin,Germany,https://www.tripadvisor.com/Attraction_Review-g187323-d1828806-Reviews-Madame_Tussauds_Berlin-Berlin.html
25,https://dynamic-media-cdn.tripadvisor.com/media/photo-o/1a/af/7a/7e/caption.jpg?w=500&h=400&s=1,Street Art Tour - Off The Grid,Public Transportation Tours,3 hours,$20.36,per adult,Free cancellation,By Alternative Berlin Tours,Berlin,Germany,https://www.tripadvisor.com/Attraction_Review-g187323-d1747921-Reviews-Alternative_Berlin_Tours-Berlin.html
26,https://dynamic-media-cdn.tripadvisor.com/media/photo-o/1a/64/df/f5/caption.jpg?w=500&h=400&s=1,Sachsenhausen-Oranienburg Memorial Tour From Berlin,Rail Tours,5–6 hours,$24.89,per adult,Free cancellation,By SANDEMANs NEW Europe - Berlin,Berlin,Germany,https://www.tripadvisor.com/Attraction_Review-g187323-d1025949-Reviews-SANDEMANs_NEW_Europe_Berlin-Berlin.html
27,https://dynamic-media-cdn.tripadvisor.com/media/photo-o/1b/e8/44/b4/caption.jpg?w=500&h=400&s=1,Private Transfer from Berlin to Prague with 2 Sightseeing Stops,,6 hours,$199.98,per adult,Free cancellation,By Europe Journey - Private Sightseeing Door-to-Door Transfers - Berlin,Berlin,Germany,https://www.tripadvisor.com/Attraction_Review-g187323-d20029948-Reviews-Europe_Journey_Private_Sightseeing_Door_to_Door_Transfers_Berlin-Berlin.html
28,https://dynamic-media-cdn.tripadvisor.com/media/photo-o/1a/f8/23/12/caption.jpg?w=500&h=400&s=1,Best of Berlin Segway Tour,Segway Tours,60–150 minutes,$39.60,per adult,Free cancellation,By 2 Wheel Tours,Berlin,Germany,https://www.tripadvisor.com/Attraction_Review-g187323-d7185851-Reviews-2_Wheel_Tours-Berlin.html
29,https://dynamic-media-cdn.tripadvisor.com/media/photo-o/1a/75/cd/c0/caption.jpg?w=500&h=400&s=1,Private Berlin City Center Walking Tour,Walking Tours,4 hours,$363.88,per group,Free cancellation,By Gablinger Berlin Tours,Berlin,Germany,https://www.tripadvisor.com/Attraction_Review-g187323-d2036910-Reviews-Gablinger_Berlin_Tours-Berlin.html
30,https://dynamic-media-cdn.tripadvisor.com/media/photo-o/1a/bf/db/15/caption.jpg?w=500&h=400&s=1,Small-Group Historical Bike Tour in Berlin,Bike Tours,3–4 hours,$36.70,per adult,Free cancellation,By I love berlin bike tours,Berlin,Germany,https://www.tripadvisor.com/Attraction_Review-g187323-d11669212-Reviews-I_love_berlin_bike_tours-Berlin.html
31,,,2,,,,,,Berlin,Germany,
32,,,Which experiences are best for tours in Berlin?,What are the best places for tours in Berlin?,Which places provide the best tours in Berlin for groups?,,Which places provide the best tours in Berlin for kids and families?,,Berlin,Germany,
33,,,1,3,,,,,Berlin,Germany,
34,,,,,,,,Clear all filters,Berlin,Germany,
35,https://dynamic-media-cdn.tripadvisor.com/media/photo-o/22/17/22/28/caption.jpg?w=500&h=400&s=1,Berlin Street Art Tour,Walking Tours,3 hours,$22.63,per adult,Free cancellation,By Original Berlin Walks,Berlin,Germany,https://www.tripadvisor.com/Attraction_Review-g187323-d735931-Reviews-Original_Berlin_Walks-Berlin.html
36,https://dynamic-media-cdn.tripadvisor.com/media/photo-o/1c/38/80/ce/caption.jpg?w=500&h=400&s=1,Private Berlin Coffee Tour with 3 Drinks and a Snack,City Tours,2 hours,$70.00,per adult,Free cancellation,By Friendly Local Guides Berlin,Berlin,Germany,https://www.tripadvisor.com/Attraction_Review-g187323-d21176223-Reviews-Friendly_Local_Guides_Berlin-Berlin.html
37,https://dynamic-media-cdn.tripadvisor.com/media/photo-o/1a/b0/ff/af/caption.jpg?w=500&h=400&s=1,An Evening at Charlottenburg Palace: Dinner and Concert Ticket,Classical Concerts,4 hours,$95.03,per adult,Free cancellation,By Grosse Orangerie Schloss Charlottenburg,Berlin,Germany,https://www.tripadvisor.com/Attraction_Review-g187323-d2297633-Reviews-Grosse_Orangerie_Schloss_Charlottenburg-Berlin.html
38,https://dynamic-media-cdn.tripadvisor.com/media/photo-o/1a/5b/5f/5f/caption.jpg?w=500&h=400&s=1,Classic Segway Tour,Segway Tours,1 hour,$39.60,per adult,Free cancellation,By 2 Wheel Tours,Berlin,Germany,https://www.tripadvisor.com/Attraction_Review-g187323-d7185851-Reviews-2_Wheel_Tours-Berlin.html
39,https://dynamic-media-cdn.tripadvisor.com/media/photo-o/1a/58/d6/5d/caption.jpg?w=500&h=400&s=1,Sachsenhausen Concentration Camp Memorial Walking Tour,City Tours,6 hours,$32.81,per adult,Free cancellation,By Original Berlin Walks,Berlin,Germany,https://www.tripadvisor.com/Attraction_Review-g187323-d735931-Reviews-Original_Berlin_Walks-Berlin.html
40,https://dynamic-media-cdn.tripadvisor.com/media/photo-o/1b/65/b0/a6/caption.jpg?w=500&h=400&s=1,Berlin Christmas Markets Walking Tour with Local Guide,Walking Tours,4 hours,$141.27,per adult,Free cancellation,By REMAZ TOURS GmbH,Berlin,Germany,https://www.tripadvisor.com/Attraction_Review-g187323-d15700385-Reviews-REMAZ_TOURS_GmbH-Berlin.html
41,https://dynamic-media-cdn.tripadvisor.com/media/photo-o/1b/3e/da/77/caption.jpg?w=500&h=400&s=1,Little Big City Berlin Entrance Ticket,Attractions & Museums,60–90 minutes,$11.31,per adult,Free cancellation,By Little BIG City Berlin,Berlin,Germany,https://www.tripadvisor.com/Attraction_Review-g187323-d12081161-Reviews-Little_BIG_City_Berlin-Berlin.html
42,https://dynamic-media-cdn.tripadvisor.com/media/photo-o/1a/5b/57/ec/caption.jpg?w=500&h=400&s=1,Private Beer Tour and Snacks with a Local in Berlin,City Tours,2–3 hours,$84.85,per adult,Free cancellation,By Withlocals,Berlin,Germany,https://www.tripadvisor.com/Attraction_Review-g187323-d10507977-Reviews-Withlocals-Berlin.html
43,https://dynamic-media-cdn.tripadvisor.com/media/photo-o/1a/da/78/6c/caption.jpg?w=500&h=400&s=1,Dinner Cruise – “This is the CHEF talking”,Dinner Cruises,2–3 hours,$61.09,per adult,,By VOC - Vereinte Ostdeutsche Compagnie GmbH,Berlin,Germany,https://www.tripadvisor.com/Attraction_Review-g187323-d9793790-Reviews-VOC_Vereinte_Ostdeutsche_Compagnie_GmbH-Berlin.html
44,https://dynamic-media-cdn.tripadvisor.com/media/photo-o/1b/79/57/f0/caption.jpg?w=500&h=400&s=1,English Comedy Ticket including Pizza in Berlin Mitte,Comedy Shows,3 hours,$18.09,per adult,Free cancellation,By Cosmic Comedy Club Berlin,Berlin,Germany,https://www.tripadvisor.com/Attraction_Review-g187323-d8779441-Reviews-Cosmic_Comedy_Club_Berlin-Berlin.html
45,https://dynamic-media-cdn.tripadvisor.com/media/photo-o/1a/ce/f7/bc/caption.jpg?w=500&h=400&s=1,Berlin Third Reich Half-Day Walkingtour,Full-day Tours,2–3 hours,$18.10,per adult,Free cancellation,By SANDEMANs NEW Europe - Berlin,Berlin,Germany,https://www.tripadvisor.com/Attraction_Review-g187323-d1025949-Reviews-SANDEMANs_NEW_Europe_Berlin-Berlin.html
46,https://dynamic-media-cdn.tripadvisor.com/media/photo-o/1b/fa/fc/41/caption.jpg?w=500&h=400&s=1,Berlin Night Tours - Rickshaw Tours,Bike Tours,1 hour,$62.22,per adult,Free cancellation,By Leo Rikscha,Berlin,Germany,https://www.tripadvisor.com/Attraction_Review-g187323-d17731855-Reviews-Leo_Rikscha-Berlin.html
47,https://dynamic-media-cdn.tripadvisor.com/media/photo-o/1a/e0/62/e8/caption.jpg?w=500&h=400&s=1,Scavenger Hunt Berlin - from Alexanderplatz to Checkpoint Charlie,City Tours,5 hours,$47.52,per group,,By Stadtspiel Schnitzeljagd,Berlin,Germany,https://www.tripadvisor.com/Attraction_Review-g187399-d2358607-Reviews-Stadtspiel_Schnitzeljagd-Dresden_Saxony.html
48,https://dynamic-media-cdn.tripadvisor.com/media/photo-o/1a/f6/93/9d/caption.jpg?w=500&h=400&s=1,Panoramapunkt Berlin Admission Ticket,Skyscrapers & Towers,1 hour,$8.49,per adult,Free cancellation,By Panoramapunkt,Berlin,Germany,https://www.tripadvisor.com/Attraction_Review-g187323-d313992-Reviews-Panoramapunkt-Berlin.html
49,https://dynamic-media-cdn.tripadvisor.com/media/photo-o/1a/af/7a/b9/caption.jpg?w=500&h=400&s=1,"Berlin Off-the-Beaten-Path Walking Tour: Kreuzberg, Mitte and Friedrichshain",City Tours,4–5 hours,$22.63,per adult,Free cancellation,By Alternative Berlin Tours,Berlin,Germany,https://www.tripadvisor.com/Attraction_Review-g187323-d1747921-Reviews-Alternative_Berlin_Tours-Berlin.html
50,https://dynamic-media-cdn.tripadvisor.com/media/photo-o/1a/f4/f9/38/caption.jpg?w=500&h=400&s=1,Berlin Wall and Cold War Bike Tour in Small Groups,Bike Tours,3–4 hours,$35.48,per adult,Free cancellation,By Berlin on Bike,Berlin,Germany,https://www.tripadvisor.com/Attraction_Review-g187323-d1950237-Reviews-Berlin_on_Bike-Berlin.html
51,https://dynamic-media-cdn.tripadvisor.com/media/photo-o/1a/f7/e6/d0/caption.jpg?w=500&h=400&s=1,Berlin Evening Tour by Bus Sightseeing,Bus Tours,45 minutes,$16.97,per adult,Free cancellation,By Stromma Deutschland,Berlin,Germany,https://www.tripadvisor.com/Attraction_Review-g187323-d17326205-Reviews-Stromma_Deutschland-Berlin.html
52,https://dynamic-media-cdn.tripadvisor.com/media/photo-o/1d/31/9a/41/caption.jpg?w=500&h=400&s=1,Half-Day Holocaust and Nazi Resistance Tour in Berlin,City Tours,2–3 hours,$28.28,per adult,Free cancellation,By On the Front Tours,Berlin,Germany,https://www.tripadvisor.com/Attraction_Review-g187323-d16188803-Reviews-On_the_Front_Tours-Berlin.html
53,https://dynamic-media-cdn.tripadvisor.com/media/photo-o/21/62/75/0a/caption.jpg?w=500&h=400&s=1,Original One80 Berlin: Guided Pub Crawl with Shots,Walking Tours,4 hours,$5.66,per adult,,By Original Berlin Tours,Berlin,Germany,https://www.tripadvisor.com/Attraction_Review-g187323-d3923272-Reviews-Original_Berlin_Tours-Berlin.html
54,https://dynamic-media-cdn.tripadvisor.com/media/photo-o/1b/91/50/98/caption.jpg?w=500&h=400&s=1,Outdoor city escape game with guiding - Berlin,Self-guided Tours & Rentals,2 hours,$28.28,per group,Free cancellation,By World City Trail - Berlin,Berlin,Germany,https://www.tripadvisor.com/Attraction_Review-g187323-d20401122-Reviews-World_City_Trail_Berlin-Berlin.html
55,https://dynamic-media-cdn.tripadvisor.com/media/photo-o/21/81/5f/d1/caption.jpg?w=500&h=400&s=1,Free Tour: Hitler's Berlin,Walking Tours,2 hours,$3.39,per adult,Free cancellation,By Espresso Tours Berlin,Berlin,Germany,https://www.tripadvisor.com/Attraction_Review-g187323-d17559401-Reviews-Espresso_Tours_Berlin-Berlin.html
56,https://dynamic-media-cdn.tripadvisor.com/media/photo-o/20/14/37/b8/caption.jpg?w=500&h=400&s=1,Ticket for The Wow Gallery Berlin,Skip-the-Line Tours,1–2 hours,$26.25,per adult,Free cancellation,By The Wow! Gallery Berlin,Berlin,Germany,https://www.tripadvisor.com/Attraction_Review-g187323-d20954116-Reviews-The_Wow_Gallery_Berlin-Berlin.html
57,https://dynamic-media-cdn.tripadvisor.com/media/photo-o/21/da/2f/6b/caption.jpg?w=500&h=400&s=1,Berlin Dungeon Admission Ticket,Theaters,1 hour,$27.15,per adult,Free cancellation,By Berlin Dungeon,Berlin,Germany,https://www.tripadvisor.com/Attraction_Review-g187323-d3966099-Reviews-Berlin_Dungeon-Berlin.html
58,https://dynamic-media-cdn.tripadvisor.com/media/photo-o/1a/5d/09/d4/caption.jpg?w=500&h=400&s=1,Private City Kickstart Tour: Berlin,City Tours,1–2 hours,$18.10,per adult,Free cancellation,By Withlocals,Berlin,Germany,https://www.tripadvisor.com/Attraction_Review-g187323-d10507977-Reviews-Withlocals-Berlin.html
59,https://dynamic-media-cdn.tripadvisor.com/media/photo-o/1b/bc/55/c2/caption.jpg?w=500&h=400&s=1,Berlin: Self-Guided City Experience,City Tours,1–24 hours,$11.31,per adult,,By Vox City: Berlin,Berlin,Germany,https://www.tripadvisor.com/Attraction_Review-g187323-d21180211-Reviews-Vox_City_Berlin-Berlin.html
60,https://dynamic-media-cdn.tripadvisor.com/media/photo-o/21/51/78/cb/caption.jpg?w=500&h=400&s=1,LEGOLAND Discovery Centre Berlin Admission Ticket,Attractions & Museums,2–3 hours,$21.50,per adult,Free cancellation,By LEGOLAND Discovery Centre,Berlin,Germany,https://www.tripadvisor.com/Attraction_Review-g187323-d1890068-Reviews-LEGOLAND_Discovery_Centre-Berlin.html
61,https://dynamic-media-cdn.tripadvisor.com/media/photo-o/1b/05/ec/39/caption.jpg?w=500&h=400&s=1,Berlin Historical Tour: Third Reich & Cold War Exploration Game,Private and Luxury,1 hour,$5.65,per adult,Free cancellation,By Questo Berlin | City Games & Tours,Berlin,Germany,https://www.tripadvisor.com/Attraction_Review-g187323-d19512952-Reviews-Questo_Berlin_City_Games_Tours-Berlin.html
62,,Berlin Hop On - Hop Off Sightseeing Bus on 2 Routes and 1-Hour River Cruise,Bus Tours,2 hours,$50.91,per adult,Free cancellation,By Stromma Deutschland,Berlin,Germany,https://www.tripadvisor.com/Attraction_Review-g187323-d17326205-Reviews-Stromma_Deutschland-Berlin.html
63,https://dynamic-media-cdn.tripadvisor.com/media/photo-o/1a/97/6b/98/caption.jpg?w=500&h=400&s=1,Into the Heart of Berlin Self-guided Audio Tour,City Tours,30–45 minutes,$5.48,per adult,,By VoiceMap Berlin,Berlin,Germany,https://www.tripadvisor.com/Attraction_Review-g187323-d21082914-Reviews-VoiceMap_Berlin-Berlin.html
64,https://dynamic-media-cdn.tripadvisor.com/media/photo-o/1e/8b/96/bd/caption.jpg?w=500&h=400&s=1,Original Free Berlin Walking Tour,Walking Tours,3 hours,$3.39,per adult,Free cancellation,By Original Berlin Tours,Berlin,Germany,https://www.tripadvisor.com/Attraction_Review-g187323-d3923272-Reviews-Original_Berlin_Tours-Berlin.html
65,,,1,2,,,4,,Berlin,Germany,
66,https://dynamic-media-cdn.tripadvisor.com/media/photo-o/22/17/22/28/caption.jpg?w=500&h=400&s=1,Berlin Street Art Tour,Walking Tours,3 hours,$22.63,per adult,Free cancellation,By Original Berlin Walks,Berlin,Germany,https://www.tripadvisor.com/Attraction_Review-g187323-d735931-Reviews-Original_Berlin_Walks-Berlin.html
67,https://dynamic-media-cdn.tripadvisor.com/media/photo-o/1c/38/80/ce/caption.jpg?w=500&h=400&s=1,Private Berlin Coffee Tour with 3 Drinks and a Snack,City Tours,2 hours,$70.00,per adult,Free cancellation,By Friendly Local Guides Berlin,Berlin,Germany,https://www.tripadvisor.com/Attraction_Review-g187323-d21176223-Reviews-Friendly_Local_Guides_Berlin-Berlin.html
68,https://dynamic-media-cdn.tripadvisor.com/media/photo-o/1a/b0/ff/af/caption.jpg?w=500&h=400&s=1,An Evening at Charlottenburg Palace: Dinner and Concert Ticket,Classical Concerts,4 hours,$95.03,per adult,Free cancellation,By Grosse Orangerie Schloss Charlottenburg,Berlin,Germany,https://www.tripadvisor.com/Attraction_Review-g187323-d2297633-Reviews-Grosse_Orangerie_Schloss_Charlottenburg-Berlin.html
69,https://dynamic-media-cdn.tripadvisor.com/media/photo-o/1a/5b/5f/5f/caption.jpg?w=500&h=400&s=1,Classic Segway Tour,Segway Tours,1 hour,$39.60,per adult,Free cancellation,By 2 Wheel Tours,Berlin,Germany,https://www.tripadvisor.com/Attraction_Review-g187323-d7185851-Reviews-2_Wheel_Tours-Berlin.html
70,https://dynamic-media-cdn.tripadvisor.com/media/photo-o/1a/58/d6/5d/caption.jpg?w=500&h=400&s=1,Sachsenhausen Concentration Camp Memorial Walking Tour,City Tours,6 hours,$32.81,per adult,Free cancellation,By Original Berlin Walks,Berlin,Germany,https://www.tripadvisor.com/Attraction_Review-g187323-d735931-Reviews-Original_Berlin_Walks-Berlin.html
71,,,1,3,,,5,,Berlin,Germany,
72,,,,,,,,Clear all filters,Berlin,Germany,
73,https://dynamic-media-cdn.tripadvisor.com/media/photo-o/1a/b8/37/8a/caption.jpg?w=500&h=400&s=1,East Berlin & the Wall,City Tours,2 hours,$22.63,per adult,Free cancellation,By Original Berlin Walks,Berlin,Germany,https://www.tripadvisor.com/Attraction_Review-g187323-d735931-Reviews-Original_Berlin_Walks-Berlin.html
74,https://dynamic-media-cdn.tripadvisor.com/media/photo-o/1d/71/a7/8a/caption.jpg?w=500&h=400&s=1,East Meets West: Kreuzberg and Neukölln Walking Food Tour in Berlin,Private and Luxury,3–4 hours,$130.11,per adult,Free cancellation,By Fork & Walk Tours Berlin,Berlin,Germany,https://www.tripadvisor.com/Attraction_Review-g187323-d10523511-Reviews-Fork_Walk_Tours_Berlin-Berlin.html
75,https://dynamic-media-cdn.tripadvisor.com/media/photo-o/1a/63/f3/10/caption.jpg?w=500&h=400&s=1,Red Sightseeing Berlin Hop-On Hop-Off Bus with Boat Option,Hop on Hop Off,1–2 hours,$27.15,per adult,Free cancellation,By Berlin City Tour - City Sightseeing,Berlin,Germany,https://www.tripadvisor.com/Attraction_Review-g187323-d2338594-Reviews-Berlin_City_Tour_City_Sightseeing-Berlin.html
76,https://dynamic-media-cdn.tripadvisor.com/media/photo-o/1a/ef/99/9d/caption.jpg?w=500&h=400&s=1,Private Tour to Sachsenhausen Concentration Camp Memorial (With Licensed Guide),Public Transportation Tours,6 hours,$158.39,per adult,Free cancellation,By Birchys Berlin Tours,Berlin,Germany,https://www.tripadvisor.com/Attraction_Review-g187323-d16858951-Reviews-Birchys_Berlin_Tours-Berlin.html
77,https://dynamic-media-cdn.tripadvisor.com/media/photo-o/1a/65/0b/0b/caption.jpg?w=500&h=400&s=1,Warnemünde Shore Excursion: Private Tour of Berlin's World War II and Cold War Sites,Full-day Tours,6+ hours,$537.40,per adult,Free cancellation,By Insider Tour,Berlin,Germany,https://www.tripadvisor.com/Attraction_Review-g187323-d629667-Reviews-Insider_Tour-Berlin.html
78,https://dynamic-media-cdn.tripadvisor.com/media/photo-o/1a/62/9c/b9/caption.jpg?w=500&h=400&s=1,Semi-Private Berlin Highlights Shore Excursion from Warnemünde and Rostock Port,Bus Tours,6+ hours,$506.85,per adult,Free cancellation,By Essence of Berlin,Berlin,Germany,https://www.tripadvisor.com/Attraction_Review-g187323-d15798995-Reviews-Essence_of_Berlin-Berlin.html
79,https://dynamic-media-cdn.tripadvisor.com/media/photo-o/1b/52/e7/08/caption.jpg?w=500&h=400&s=1,Private Dresden Day Trip from Berlin,Full-day Tours,6+ hours,$769.33,per group,Free cancellation,By HolaBerlin,Berlin,Germany,https://www.tripadvisor.com/Attraction_Review-g187323-d1457550-Reviews-HolaBerlin-Berlin.html
80,https://dynamic-media-cdn.tripadvisor.com/media/photo-o/1a/65/0a/9d/caption.jpg?w=500&h=400&s=1,Potsdam Walking Tour from Berlin,Rail Tours,6 hours,$28.28,per adult,Free cancellation,By Insider Tour,Berlin,Germany,https://www.tripadvisor.com/Attraction_Review-g187323-d629667-Reviews-Insider_Tour-Berlin.html
81,https://dynamic-media-cdn.tripadvisor.com/media/photo-o/1a/ef/e2/eb/caption.jpg?w=500&h=400&s=1,Explore Berlin by canoe,,3 hours,$42.99,per adult,Free cancellation,By Canoa Berlin,Berlin,Germany,https://www.tripadvisor.com/Attraction_Review-g187323-d12348180-Reviews-Canoa_Berlin-Berlin.html
82,https://dynamic-media-cdn.tripadvisor.com/media/photo-o/1a/f6/68/ba/caption.jpg?w=500&h=400&s=1,Berlin 3-Hour Bike Tour: Berlin's Best,Bike Tours,3 hours,$31.68,per adult,Free cancellation,By Free Berlin - Authentische Radtouren,Berlin,Germany,https://www.tripadvisor.com/Attraction_Review-g187323-d2243513-Reviews-Free_Berlin_Authentische_Radtouren-Berlin.html
83,https://dynamic-media-cdn.tripadvisor.com/media/photo-o/1f/4b/88/5b/caption.jpg?w=500&h=400&s=1,Berlin Christmas Markets with Culinary Tour,Walking Tours,4 hours,$107.48,per adult,Free cancellation,By Fork & Walk Tours Berlin,Berlin,Germany,https://www.tripadvisor.com/Attraction_Review-g187323-d10523511-Reviews-Fork_Walk_Tours_Berlin-Berlin.html
84,https://dynamic-media-cdn.tripadvisor.com/media/photo-o/1c/48/55/f6/caption.jpg?w=500&h=400&s=1,Berlin Bike Tour: Third Reich and Nazi Germany,City Tours,4 hours,$36.20,per adult,Free cancellation,By Fat Tire Tours Berlin,Berlin,Germany,https://www.tripadvisor.com/Attraction_Review-g187323-d736467-Reviews-Fat_Tire_Tours_Berlin-Berlin.html
85,https://dynamic-media-cdn.tripadvisor.com/media/photo-o/1a/5c/c4/07/caption.jpg?w=500&h=400&s=1,PRIVATE BEHIND THE BERLIN WALL and COLD WAR BERLIN TOUR,Public Transportation Tours,4 hours,$87.68,per adult,Free cancellation,By Birchys Berlin Tours,Berlin,Germany,https://www.tripadvisor.com/Attraction_Review-g187323-d16858951-Reviews-Birchys_Berlin_Tours-Berlin.html
86,https://dynamic-media-cdn.tripadvisor.com/media/photo-o/1a/62/0a/8b/caption.jpg?w=500&h=400&s=1,Highlights & Hidden Gems With Locals: Best of Berlin Private Tour,Public Transportation Tours,3 hours,$66.75,per adult,Free cancellation,By Withlocals,Berlin,Germany,https://www.tripadvisor.com/Attraction_Review-g187323-d10507977-Reviews-Withlocals-Berlin.html
87,https://dynamic-media-cdn.tripadvisor.com/media/photo-o/1a/7b/dd/df/caption.jpg?w=500&h=400&s=1,Berlin Private Custom 5-Hour Tour by Car,Bus Tours,5 hours,$735.39,per group,Free cancellation,By A Friend in Berlin,Berlin,Germany,https://www.tripadvisor.com/Attraction_Review-g187323-d7033574-Reviews-A_Friend_in_Berlin-Berlin.html
88,https://dynamic-media-cdn.tripadvisor.com/media/photo-o/22/12/92/50/caption.jpg?w=500&h=400&s=1,Private Half-Day Berlin Sightseeing Tour with a Minivan Including Short City Walks,Bus Tours,3 hours,$220.62,per adult,Free cancellation,By Sightseeing Point Tours,Berlin,Germany,https://www.tripadvisor.com/Attraction_Review-g187323-d3275843-Reviews-Sightseeing_Point_Tours-Berlin.html
89,https://dynamic-media-cdn.tripadvisor.com/media/photo-o/1a/5b/03/0f/caption.jpg?w=500&h=400&s=1,David Bowie in Berlin - Small Group 3-hour tour,Fashion Shows,3 hours,$96.99,per adult,Free cancellation,By Insight Cities Berlin,Berlin,Germany,https://www.tripadvisor.com/Attraction_Review-g187323-d8022712-Reviews-Insight_Cities_Berlin-Berlin.html
90,https://dynamic-media-cdn.tripadvisor.com/media/photo-o/1a/60/ad/61/caption.jpg?w=500&h=400&s=1,An Evening at Charlottenburg Palace: Concert Ticket,Classical Concerts,2 hours,$50.91,per adult,Free cancellation,By Grosse Orangerie Schloss Charlottenburg,Berlin,Germany,https://www.tripadvisor.com/Attraction_Review-g187323-d2297633-Reviews-Grosse_Orangerie_Schloss_Charlottenburg-Berlin.html
91,https://dynamic-media-cdn.tripadvisor.com/media/photo-o/1b/79/49/45/caption.jpg?w=500&h=400&s=1,"Tours & Sightseeing in English of Berlin, Potsdam and Sachsenhausen",Bus Tours,2–6 hours,$33.79,per adult,Free cancellation,By Enigma English Tours in Berlin,Berlin,Germany,https://www.tripadvisor.com/Attraction_Review-g187323-d10780855-Reviews-Enigma_English_Tours_in_Berlin-Berlin.html
92,https://dynamic-media-cdn.tripadvisor.com/media/photo-o/1a/bd/56/5d/caption.jpg?w=500&h=400&s=1,Best of Berlin Join-in Shore Excursion from Warnemünde or Rostock with Wi-Fi,Bus Tours,6+ hours,$131.00,per adult,Free cancellation,"By ULKOtours - Berlin, Germany",Berlin,Germany,https://www.tripadvisor.com/Attraction_Review-g187323-d20068000-Reviews-ULKOtours_Berlin_Germany-Berlin.html
93,https://dynamic-media-cdn.tripadvisor.com/media/photo-o/1a/68/11/89/caption.jpg?w=500&h=400&s=1,Private Berlin Custom Half-Day Tour with Private Driver and Guide,Bus Tours,4 hours,$282.27,per adult,Free cancellation,By Original Berlin Walks,Berlin,Germany,https://www.tripadvisor.com/Attraction_Review-g187323-d735931-Reviews-Original_Berlin_Walks-Berlin.html
94,https://dynamic-media-cdn.tripadvisor.com/media/photo-o/1a/bd/56/77/caption.jpg?w=500&h=400&s=1,Jewish Heritage Walking Tour of Berlin,City Tours,3 hours,$21.50,per adult,Free cancellation,By Insider Tour,Berlin,Germany,https://www.tripadvisor.com/Attraction_Review-g187323-d629667-Reviews-Insider_Tour-Berlin.html
95,https://dynamic-media-cdn.tripadvisor.com/media/photo-o/22/16/34/38/caption.jpg?w=500&h=400&s=1,Private Tour from Berlin to Sachsenhausen Concentration Camp,Bus Tours,6 hours,$248.90,per adult,Free cancellation,By Sightseeing Point Tours,Berlin,Germany,https://www.tripadvisor.com/Attraction_Review-g187323-d3275843-Reviews-Sightseeing_Point_Tours-Berlin.html
96,https://dynamic-media-cdn.tripadvisor.com/media/photo-o/22/12/92/52/caption.jpg?w=500&h=400&s=1,"Private Half-Day Walking Tour: Berlin Wall, Cold War and Checkpoint Charlie",Public Transportation Tours,2–3 hours,$214.96,per group,Free cancellation,By Sightseeing Point Tours,Berlin,Germany,https://www.tripadvisor.com/Attraction_Review-g187323-d3275843-Reviews-Sightseeing_Point_Tours-Berlin.html
97,https://dynamic-media-cdn.tripadvisor.com/media/photo-o/1a/58/bb/68/caption.jpg?w=500&h=400&s=1,Potsdam Day Trip from Berlin with a Local: Private & Personalized,City Tours,6+ hours,$235.72,per adult,Free cancellation,By City Unscripted Berlin,Berlin,Germany,https://www.tripadvisor.com/Attraction_Review-g187323-d17413572-Reviews-City_Unscripted_Berlin-Berlin.html
98,https://dynamic-media-cdn.tripadvisor.com/media/photo-o/1a/f4/b9/18/caption.jpg?w=500&h=400&s=1,Alternative Berlin Bike Tour - Off the Beaten Tracks in Small Groups,Bike Tours,3–4 hours,$35.84,per adult,Free cancellation,By Berlin on Bike,Berlin,Germany,https://www.tripadvisor.com/Attraction_Review-g187323-d1950237-Reviews-Berlin_on_Bike-Berlin.html
99,https://dynamic-media-cdn.tripadvisor.com/media/photo-o/1a/5c/0d/97/caption.jpg?w=500&h=400&s=1,Private Day Tour of Wannsee and Potsdam from Berlin,Bus Tours,5 hours,$746.70,per group,Free cancellation,By A Friend in Berlin,Berlin,Germany,https://www.tripadvisor.com/Attraction_Review-g187323-d7033574-Reviews-A_Friend_in_Berlin-Berlin.html
100,https://dynamic-media-cdn.tripadvisor.com/media/photo-o/1c/57/c7/75/caption.jpg?w=500&h=400&s=1,BERLIN PHOTO TOUR with a professional Photographer from Berlin,,1–2 hours,$100.69,per adult,Free cancellation,By TravelPixelz,Berlin,Germany,https://www.tripadvisor.com/Attraction_Review-g187323-d17690412-Reviews-TravelPixelz-Berlin.html
101,https://dynamic-media-cdn.tripadvisor.com/media/photo-o/22/12/92/2c/caption.jpg?w=500&h=400&s=1,Private Day Tour to Potsdam from Berlin by Minivan,Bus Tours,6 hours,$390.32,per adult,Free cancellation,By Sightseeing Point Tours,Berlin,Germany,https://www.tripadvisor.com/Attraction_Review-g187323-d3275843-Reviews-Sightseeing_Point_Tours-Berlin.html
102,https://dynamic-media-cdn.tripadvisor.com/media/photo-o/1a/9a/c3/0b/caption.jpg?w=500&h=400&s=1,Skip-the-line Neues Museum & Pergamon Museum Guided Tour - Private Tour,Walking Tours,2–3 hours,$173.89,per adult,Free cancellation,By Babylon Tours Berlin,Berlin,Germany,https://www.tripadvisor.com/Attraction_Review-g187323-d15844389-Reviews-Babylon_Tours_Berlin-Berlin.html
103,,,1,5,,,7,,Berlin,Germany,
104,,,,,,,,Clear all filters,Berlin,Germany,
105,https://dynamic-media-cdn.tripadvisor.com/media/photo-o/1a/60/f4/26/caption.jpg?w=500&h=400&s=1,"4 hours walking tour ""The Best of Berlin""",Half-day Tours,4 hours,$305.47,per group,Free cancellation,By Nirit Ben-Joseph Tours,Berlin,Germany,https://www.tripadvisor.com/Attraction_Review-g187323-d4469242-Reviews-Nirit_Ben_Joseph_Tours-Berlin.html
106,https://dynamic-media-cdn.tripadvisor.com/media/photo-o/1b/63/41/11/caption.jpg?w=500&h=400&s=1,Berlin City Tour with Hotel pick up and Drop off,Bus Tours,4 hours,$104.93,per adult,Free cancellation,By REMAZ TOURS GmbH,Berlin,Germany,https://www.tripadvisor.com/Attraction_Review-g187323-d15700385-Reviews-REMAZ_TOURS_GmbH-Berlin.html
107,https://dynamic-media-cdn.tripadvisor.com/media/photo-o/21/66/c3/67/caption.jpg?w=500&h=400&s=1,Original Berlin New Year's Eve Pub Crawl (Silvester),Public Transportation Tours,4–5 hours,$78.06,per adult,Free cancellation,By Original Berlin Tours,Berlin,Germany,https://www.tripadvisor.com/Attraction_Review-g187323-d3923272-Reviews-Original_Berlin_Tours-Berlin.html
108,https://dynamic-media-cdn.tripadvisor.com/media/photo-o/1a/cf/cd/b0/caption.jpg?w=500&h=400&s=1,"Group Walking Tour (1 - 20 people): 3 Hours the Wall, Third Reich, WW2, Cold War",Ports of Call Tours,3 hours,$265.87,per group,Free cancellation,By Private Tour Berlin,Berlin,Germany,https://www.tripadvisor.com/Attraction_Review-g187323-d2495095-Reviews-Private_Tour_Berlin-Berlin.html
109,https://dynamic-media-cdn.tripadvisor.com/media/photo-o/1b/6b/2a/70/caption.jpg?w=500&h=400&s=1,"Group Walking Tour (1-20 people): 3 Hours Old-town, Brandenburg Gate and more...",Walking Tours,3 hours,$275.20,per group,Free cancellation,By Private Tour Berlin,Berlin,Germany,https://www.tripadvisor.com/Attraction_Review-g187323-d2495095-Reviews-Private_Tour_Berlin-Berlin.html
110,https://dynamic-media-cdn.tripadvisor.com/media/photo-o/1a/64/10/70/caption.jpg?w=500&h=400&s=1,Potsdam Bike Tour with Rail Transport from Berlin,City Tours,6–7 hours,$79.20,per adult,Free cancellation,By Fat Tire Tours Berlin,Berlin,Germany,https://www.tripadvisor.com/Attraction_Review-g187323-d736467-Reviews-Fat_Tire_Tours_Berlin-Berlin.html
111,https://dynamic-media-cdn.tripadvisor.com/media/photo-o/1a/a9/38/43/caption.jpg?w=500&h=400&s=1,Christmas In Berlin: Private Experience With A City Host,Walking Tours,3 hours,$140.31,per adult,Free cancellation,By City Unscripted Berlin,Berlin,Germany,https://www.tripadvisor.com/Attraction_Review-g187323-d17413572-Reviews-City_Unscripted_Berlin-Berlin.html
112,https://dynamic-media-cdn.tripadvisor.com/media/photo-o/1a/83/8c/0b/caption.jpg?w=500&h=400&s=1,Airport Transfer Berlin for max 8 persons,,1–60 minutes,$226.27,per group,Free cancellation,By Kaibel & Erdmann Stadtrundfahrten,Berlin,Germany,https://www.tripadvisor.com/Attraction_Review-g187323-d17424675-Reviews-Kaibel_Erdmann_Stadtrundfahrten-Berlin.html
113,https://dynamic-media-cdn.tripadvisor.com/media/photo-o/1a/9c/98/60/caption.jpg?w=500&h=400&s=1,Hummus Walk: Arabic Tastes of Berlin,Walking Tours,2 hours,$50.91,per adult,Free cancellation,By History Bites,Berlin,Germany,https://www.tripadvisor.com/Attraction_Review-g187323-d18338267-Reviews-History_Bites-Berlin.html
114,https://dynamic-media-cdn.tripadvisor.com/media/photo-o/1a/f7/98/08/caption.jpg?w=500&h=400&s=1,Private Berlin Wall and Third Reich History 3-Hour Bike Tour,Bike Tours,3 hours,$55.44,per adult,Free cancellation,By Free Berlin - Authentische Radtouren,Berlin,Germany,https://www.tripadvisor.com/Attraction_Review-g187323-d2243513-Reviews-Free_Berlin_Authentische_Radtouren-Berlin.html
115,https://dynamic-media-cdn.tripadvisor.com/media/photo-o/1a/d4/82/5a/caption.jpg?w=500&h=400&s=1,4h Berlin Discovery Tour in an Oldtimer Volkswagen Beetle,Classic Car Tours,4 hours,$122.19,per group,Free cancellation,By Oldie Käfer Tour Berlin,Berlin,Germany,https://www.tripadvisor.com/Attraction_Review-g187323-d8764467-Reviews-Oldie_Kafer_Tour_Berlin-Berlin.html
116,https://dynamic-media-cdn.tripadvisor.com/media/photo-o/1a/d1/e1/10/caption.jpg?w=500&h=400&s=1,"Alternative tour, History off the beaten path",Walking Tours,3 hours,$51.99,per adult,Free cancellation,By Berlinade Tours,Berlin,Germany,https://www.tripadvisor.com/Attraction_Review-g187323-d12095920-Reviews-Berlinade_Tours-Berlin.html
117,https://dynamic-media-cdn.tripadvisor.com/media/photo-o/1a/5a/51/2a/caption.jpg?w=500&h=400&s=1,In Search of Jewish Berlin - Small Group 3-hour Tour,City Tours,3 hours,$96.99,per adult,Free cancellation,By Insight Cities Berlin,Berlin,Germany,https://www.tripadvisor.com/Attraction_Review-g187323-d8022712-Reviews-Insight_Cities_Berlin-Berlin.html
118,https://dynamic-media-cdn.tripadvisor.com/media/photo-o/1a/e1/0e/65/caption.jpg?w=500&h=400&s=1,Berlin Rickshaw Tours Historical & Photo City Tour 120min - Sightseeing,Segway Tours,2 hours,$184.74,per group,Free cancellation,By Leo Rikscha,Berlin,Germany,https://www.tripadvisor.com/Attraction_Review-g187323-d17731855-Reviews-Leo_Rikscha-Berlin.html
119,https://dynamic-media-cdn.tripadvisor.com/media/photo-o/1a/ce/e3/8e/caption.jpg?w=500&h=400&s=1,Jewish Berlin: Walking tour The Old Jewish Quarter (private 3 Hours tour),Walking Tours,3 hours,$259.91,per group,Free cancellation,By Gablinger Berlin Tours,Berlin,Germany,https://www.tripadvisor.com/Attraction_Review-g187323-d2036910-Reviews-Gablinger_Berlin_Tours-Berlin.html
120,https://dynamic-media-cdn.tripadvisor.com/media/photo-o/1a/be/d0/26/caption.jpg?w=500&h=400&s=1,The Best Museum Island Private Tour & Berlin Dome Ticket,Walking Tours,2 hours,$58.83,per adult,Free cancellation,By Withlocals,Berlin,Germany,https://www.tripadvisor.com/Attraction_Review-g187323-d10507977-Reviews-Withlocals-Berlin.html
121,https://dynamic-media-cdn.tripadvisor.com/media/photo-o/1b/52/e3/07/caption.jpg?w=500&h=400&s=1,Private Airport Shuttle Service in Berlin,,30–50 minutes,$107.48,per group,Free cancellation,By HolaBerlin,Berlin,Germany,https://www.tripadvisor.com/Attraction_Review-g187323-d1457550-Reviews-HolaBerlin-Berlin.html
122,https://dynamic-media-cdn.tripadvisor.com/media/photo-o/1a/8d/62/ef/caption.jpg?w=500&h=400&s=1,Your ticket to The Wall Museum Berlin,Skip-the-Line Tours,45–60 minutes,$11.03,per adult,Free cancellation,By The Wall Museum,Berlin,Germany,https://www.tripadvisor.com/Attraction_Review-g187323-d10109747-Reviews-The_Wall_Museum-Berlin.html
123,https://dynamic-media-cdn.tripadvisor.com/media/photo-o/1b/3d/94/ac/caption.jpg?w=500&h=400&s=1,Private Airport Transfer: from Berlin to Brandenburg Airport (BER),,40 minutes,$18.98,per adult,Free cancellation,By Taxi2Airport Berlin,Berlin,Germany,https://www.tripadvisor.com/Attraction_Review-g187323-d20053986-Reviews-Taxi2Airport_Berlin-Berlin.html
124,https://dynamic-media-cdn.tripadvisor.com/media/photo-o/1b/63/46/9a/caption.jpg?w=500&h=400&s=1,Walking Tour of Brandenburg an der Havel,Rail Tours,6 hours,$107.03,per adult,Free cancellation,By REMAZ TOURS GmbH,Berlin,Germany,https://www.tripadvisor.com/Attraction_Review-g187323-d15700385-Reviews-REMAZ_TOURS_GmbH-Berlin.html
125,https://dynamic-media-cdn.tripadvisor.com/media/photo-o/1a/de/50/0e/caption.jpg?w=500&h=400&s=1,Rickshaw Sightseeing Tours Berlin - Highlights Berlin - Rickshaw city tour,Tuk Tuk Tours,1 hour,$84.29,per group,Free cancellation,By Leo Rikscha,Berlin,Germany,https://www.tripadvisor.com/Attraction_Review-g187323-d17731855-Reviews-Leo_Rikscha-Berlin.html
126,https://dynamic-media-cdn.tripadvisor.com/media/photo-o/1c/8f/24/23/caption.jpg?w=500&h=400&s=1,Romantic Rickshaw City and Photo Tour -Rickshaw Sightseeing,Segway Tours,1–2 hours,$99.56,per group,Free cancellation,By Leo Rikscha,Berlin,Germany,https://www.tripadvisor.com/Attraction_Review-g187323-d17731855-Reviews-Leo_Rikscha-Berlin.html
127,https://dynamic-media-cdn.tripadvisor.com/media/photo-o/1a/d4/82/03/caption.jpg?w=500&h=400&s=1,2h Berlin Discovery Tour in an Vintage Volkswagen Beetle,Classic Car Tours,2 hours,$73.27,per group,Free cancellation,By Oldie Käfer Tour Berlin,Berlin,Germany,https://www.tripadvisor.com/Attraction_Review-g187323-d8764467-Reviews-Oldie_Kafer_Tour_Berlin-Berlin.html
128,https://dynamic-media-cdn.tripadvisor.com/media/photo-o/1a/be/a3/d9/caption.jpg?w=500&h=400&s=1,Culinary Tour Kreuzberg de luxe,Walking Tours,3 hours,$68.04,per adult,Free cancellation,By Travelxsite,Berlin,Germany,https://www.tripadvisor.com/Attraction_Review-g187323-d3135617-Reviews-Travelxsite-Berlin.html
129,https://dynamic-media-cdn.tripadvisor.com/media/photo-o/1a/cd/91/81/caption.jpg?w=500&h=400&s=1,Berlin Festival of Lights Illuminated Tour,Walking Tours,2 hours,$22.63,per adult,Free cancellation,By Original Berlin Walks,Berlin,Germany,https://www.tripadvisor.com/Attraction_Review-g187323-d735931-Reviews-Original_Berlin_Walks-Berlin.html
130,https://dynamic-media-cdn.tripadvisor.com/media/photo-o/1a/57/f9/a5/caption.jpg?w=500&h=400&s=1,Berlin Essentials: The Free Tour,Walking Tours,1–2 hours,$3.39,per adult,Free cancellation,By Espresso Tours Berlin,Berlin,Germany,https://www.tripadvisor.com/Attraction_Review-g187323-d17559401-Reviews-Espresso_Tours_Berlin-Berlin.html
131,https://dynamic-media-cdn.tripadvisor.com/media/photo-o/1b/40/5d/3c/caption.jpg?w=500&h=400&s=1,Best of Berlin - Private Live Virtual Experience,Walking Tours,1 hour,$45.25,per adult,Free cancellation,By Essence of Berlin,Berlin,Germany,https://www.tripadvisor.com/Attraction_Review-g187323-d15798995-Reviews-Essence_of_Berlin-Berlin.html
132,https://dynamic-media-cdn.tripadvisor.com/media/photo-o/1b/e5/b5/a3/caption.jpg?w=500&h=400&s=1,Silent disco through downtown Berlin with flash mobs,Nightlife,1–2 hours,$17.76,per adult,Free cancellation,By silent.move - mobile disco tours,Berlin,Germany,https://www.tripadvisor.com/Attraction_Review-g187323-d21230834-Reviews-Silent_move_mobile_disco_tours-Berlin.html
133,https://dynamic-media-cdn.tripadvisor.com/media/photo-o/1b/0d/22/63/caption.jpg?w=500&h=400&s=1,Berlin stories - an exciting scavenger hunt tour,Self-guided Tours & Rentals,3 hours,$40.38,per group,Free cancellation,By townadventure - explore cities playfully,Berlin,Germany,https://www.tripadvisor.com/Attraction_Review-g187331-d16801071-Reviews-Townadventure_explore_cities_playfully-Hamburg.html
134,https://dynamic-media-cdn.tripadvisor.com/media/photo-o/1d/48/8f/17/caption.jpg?w=500&h=400&s=1,Berlin Hidden Gems Exploration Game,Private and Luxury,1–2 hours,$5.65,per adult,Free cancellation,By Questo Berlin | City Games & Tours,Berlin,Germany,https://www.tripadvisor.com/Attraction_Review-g187323-d19512952-Reviews-Questo_Berlin_City_Games_Tours-Berlin.html
135,,,1,6,,,8,,Berlin,Germany,
136,,,,,,,,Clear all filters,Berlin,Germany,
137,https://dynamic-media-cdn.tripadvisor.com/media/photo-o/1b/e2/56/6f/caption.jpg?w=500&h=400&s=1,Take the U Train: The Story of Berlin's Oldest Elevated Railway Line Audio Tour,City Tours,2 hours,$6.56,per adult,,By VoiceMap Berlin,Berlin,Germany,https://www.tripadvisor.com/Attraction_Review-g187323-d21082914-Reviews-VoiceMap_Berlin-Berlin.html
138,https://dynamic-media-cdn.tripadvisor.com/media/photo-o/1c/93/30/89/caption.jpg?w=500&h=400&s=1,Private Berlin Tour: World War II Exploration Game,Walking Tours,1 hour,$7.91,per adult,Free cancellation,By Questo Berlin | City Games & Tours,Berlin,Germany,https://www.tripadvisor.com/Attraction_Review-g187323-d19512952-Reviews-Questo_Berlin_City_Games_Tours-Berlin.html
139,https://dynamic-media-cdn.tripadvisor.com/media/photo-o/1b/59/ef/7a/caption.jpg?w=500&h=400&s=1,Berlin's WWII History - Private Live Virtual Experience,Walking Tours,1 hour,$44.69,per adult,Free cancellation,By Essence of Berlin,Berlin,Germany,https://www.tripadvisor.com/Attraction_Review-g187323-d15798995-Reviews-Essence_of_Berlin-Berlin.html
140,https://dynamic-media-cdn.tripadvisor.com/media/photo-o/1a/7f/81/98/caption.jpg?w=500&h=400&s=1,"West Kreuzberg: Templars, Bunkers and Prussian Glory Audio Tour",City Tours,1 hour,$6.88,per adult,,By VoiceMap Berlin,Berlin,Germany,https://www.tripadvisor.com/Attraction_Review-g187323-d21082914-Reviews-VoiceMap_Berlin-Berlin.html
141,https://dynamic-media-cdn.tripadvisor.com/media/photo-o/1b/3d/77/b2/caption.jpg?w=500&h=400&s=1,Berlin Highlights Private Virtual Drive Through City,Bus Tours,1 hour,$100.69,per adult,Free cancellation,By Withlocals,Berlin,Germany,https://www.tripadvisor.com/Attraction_Review-g187323-d10507977-Reviews-Withlocals-Berlin.html
142,https://dynamic-media-cdn.tripadvisor.com/media/photo-o/1a/96/d5/8d/caption.jpg?w=500&h=400&s=1,Classic Sights and Hidden Histories of Berlin's Museum Island Audio Tour,City Tours,50 minutes,$5.48,per adult,,By VoiceMap Berlin,Berlin,Germany,https://www.tripadvisor.com/Attraction_Review-g187323-d21082914-Reviews-VoiceMap_Berlin-Berlin.html
143,https://dynamic-media-cdn.tripadvisor.com/media/photo-o/1a/99/16/b2/caption.jpg?w=500&h=400&s=1,Ku'damm Couture and Currywurst Self-guided Audio Tour,Walking Tours,50 minutes,$5.48,per adult,,By VoiceMap Berlin,Berlin,Germany,https://www.tripadvisor.com/Attraction_Review-g187323-d21082914-Reviews-VoiceMap_Berlin-Berlin.html
144,https://dynamic-media-cdn.tripadvisor.com/media/photo-o/1b/e2/3b/4e/caption.jpg?w=500&h=400&s=1,"Witches, Riots and the Cold War: A Walk Through Wedding Audio Tour",City Tours,1 hour,$5.48,per adult,,By VoiceMap Berlin,Berlin,Germany,https://www.tripadvisor.com/Attraction_Review-g187323-d21082914-Reviews-VoiceMap_Berlin-Berlin.html
145,https://dynamic-media-cdn.tripadvisor.com/media/photo-o/21/ef/7e/09/caption.jpg?w=500&h=400&s=1,"Historical Highlights Rickshaw, Bike, Minivan or Walking Tour - Licensed Guide",City Tours,3 hours,$113.14,per group,Free cancellation,By Berlin Excursion,Berlin,Germany,https://www.tripadvisor.com/Attraction_Review-g187323-d15224686-Reviews-Berlin_Excursion-Berlin.html
146,https://dynamic-media-cdn.tripadvisor.com/media/photo-o/1a/59/13/f2/caption.jpg?w=500&h=400&s=1,Exclusive Private Food Tour Experience: with a born and bred Berliner,,3–4 hours,$282.84,per adult,Free cancellation,By Fork & Walk Tours Berlin,Berlin,Germany,https://www.tripadvisor.com/Attraction_Review-g187323-d10523511-Reviews-Fork_Walk_Tours_Berlin-Berlin.html
147,https://dynamic-media-cdn.tripadvisor.com/media/photo-o/1a/ce/e8/3d/caption.jpg?w=500&h=400&s=1,Jewish Berlin Extended (private Walking tour - 5 Hours),Public Transportation Tours,5 hours,$418.60,per group,Free cancellation,By Gablinger Berlin Tours,Berlin,Germany,https://www.tripadvisor.com/Attraction_Review-g187323-d2036910-Reviews-Gablinger_Berlin_Tours-Berlin.html
148,https://dynamic-media-cdn.tripadvisor.com/media/photo-o/1a/f7/47/e8/caption.jpg?w=500&h=400&s=1,Berlin Private Street Art Tour - Off The Grid,Public Transportation Tours,3 hours,$282.84,per adult,Free cancellation,By Alternative Berlin Tours,Berlin,Germany,https://www.tripadvisor.com/Attraction_Review-g187323-d1747921-Reviews-Alternative_Berlin_Tours-Berlin.html
149,https://dynamic-media-cdn.tripadvisor.com/media/photo-o/1b/d3/5e/dd/caption.jpg?w=500&h=400&s=1,Private Tour: Daytime Food Tour Trends & Classics,Walking Tours,3–4 hours,$169.70,per adult,Free cancellation,By Fork & Walk Tours Berlin,Berlin,Germany,https://www.tripadvisor.com/Attraction_Review-g187323-d10523511-Reviews-Fork_Walk_Tours_Berlin-Berlin.html
150,https://dynamic-media-cdn.tripadvisor.com/media/photo-o/1a/ad/6a/59/caption.jpg?w=500&h=400&s=1,Private Walking Tour: Introduction to Berlin - The Must-See Sites,Walking Tours,4 hours,$197.99,per group,Free cancellation,By Zahi - Berlin Tour Guide,Berlin,Germany,https://www.tripadvisor.com/Attraction_Review-g187323-d15132981-Reviews-Zahi_Berlin_Tour_Guide-Berlin.html
151,https://dynamic-media-cdn.tripadvisor.com/media/photo-o/1b/92/5f/3a/caption.jpg?w=500&h=400&s=1,The Fall of the wall: A light for humanity,Walking Tours,39 minutes,$10.00,per adult,Free cancellation,By SOUNDWALKRS - Berlin,Berlin,Germany,https://www.tripadvisor.com/Attraction_Review-g187323-d19652529-Reviews-SOUNDWALKRS_Berlin-Berlin.html
152,https://dynamic-media-cdn.tripadvisor.com/media/photo-o/1a/60/f3/fa/caption.jpg?w=500&h=400&s=1,"2.5 hours walking tour ""The Jewish Berlin""",Bus Tours,4 hours,$305.47,per group,Free cancellation,By Nirit Ben-Joseph Tours,Berlin,Germany,https://www.tripadvisor.com/Attraction_Review-g187323-d4469242-Reviews-Nirit_Ben_Joseph_Tours-Berlin.html
153,https://dynamic-media-cdn.tripadvisor.com/media/photo-o/22/2c/b6/d9/caption.jpg?w=500&h=400&s=1,Private Berlin Half Day Tour with a Local: See the City Unscripted ★★★★★,City Tours,4 hours,$112.25,per adult,Free cancellation,By City Unscripted Berlin,Berlin,Germany,https://www.tripadvisor.com/Attraction_Review-g187323-d17413572-Reviews-City_Unscripted_Berlin-Berlin.html
154,https://dynamic-media-cdn.tripadvisor.com/media/photo-o/1c/cd/d0/a6/caption.jpg?w=500&h=400&s=1,"Modern Berlin Private Walking Tour: Diverse, Vibrant and Exciting German Capital",Rail Tours,4 hours,$135.76,per adult,Free cancellation,By Insider Tour,Berlin,Germany,https://www.tripadvisor.com/Attraction_Review-g187323-d629667-Reviews-Insider_Tour-Berlin.html
155,https://dynamic-media-cdn.tripadvisor.com/media/photo-o/1a/8d/ee/16/caption.jpg?w=500&h=400&s=1,Private Tour: Potsdam Day Trip from Berlin,Bus Tours,6+ hours,$847.96,per adult,Free cancellation,By Original Berlin Walks,Berlin,Germany,https://www.tripadvisor.com/Attraction_Review-g187323-d735931-Reviews-Original_Berlin_Walks-Berlin.html
156,https://dynamic-media-cdn.tripadvisor.com/media/photo-o/1a/59/8d/31/caption.jpg?w=500&h=400&s=1,David Bowie in Berlin - 3-hour Private tour,Walking Tours,3 hours,$365.90,per group,Free cancellation,By Insight Cities Berlin,Berlin,Germany,https://www.tripadvisor.com/Attraction_Review-g187323-d8022712-Reviews-Insight_Cities_Berlin-Berlin.html
157,https://dynamic-media-cdn.tripadvisor.com/media/photo-o/1a/59/13/cc/caption.jpg?w=500&h=400&s=1,East Berlin: City of Shadows - Small Group 3-Hour tour,Walking Tours,3 hours,$96.99,per adult,Free cancellation,By Insight Cities Berlin,Berlin,Germany,https://www.tripadvisor.com/Attraction_Review-g187323-d8022712-Reviews-Insight_Cities_Berlin-Berlin.html
158,https://dynamic-media-cdn.tripadvisor.com/media/photo-o/1a/b1/9f/27/caption.jpg?w=500&h=400&s=1,Berlin Full-Day Sightseeing Walking Tour,Full-day Tours,6+ hours,$463.77,per group,Free cancellation,By Zahi - Berlin Tour Guide,Berlin,Germany,https://www.tripadvisor.com/Attraction_Review-g187323-d15132981-Reviews-Zahi_Berlin_Tour_Guide-Berlin.html
159,https://dynamic-media-cdn.tripadvisor.com/media/photo-o/1b/f7/6b/28/caption.jpg?w=500&h=400&s=1,Scavenger Hunt from Maranja Adventure Club,Self-guided Tours & Rentals,2 hours,$124.45,per group,,By Maranja Adventure Club,Berlin,Germany,https://www.tripadvisor.com/Attraction_Review-g187323-d19980741-Reviews-Maranja_Adventure_Club-Berlin.html
160,https://dynamic-media-cdn.tripadvisor.com/media/photo-o/1a/5a/4a/de/caption.jpg?w=500&h=400&s=1,"Berlin Introduction: Culture, Tyranny & Tolerance - Small Group 3-hour Tour",Walking Tours,3 hours,$96.99,per adult,Free cancellation,By Insight Cities Berlin,Berlin,Germany,https://www.tripadvisor.com/Attraction_Review-g187323-d8022712-Reviews-Insight_Cities_Berlin-Berlin.html
161,https://dynamic-media-cdn.tripadvisor.com/media/photo-o/1a/ce/ea/9f/caption.jpg?w=500&h=400&s=1,Soviet Berlin - Risen from ruins,Walking Tours,2–3 hours,$22.02,per adult,Free cancellation,By Berlins Taiga,Berlin,Germany,https://www.tripadvisor.com/Attraction_Review-g187330-d12258362-Reviews-Berlins_Taiga-Potsdam_Brandenburg.html
162,https://dynamic-media-cdn.tripadvisor.com/media/photo-o/1a/63/93/cf/caption.jpg?w=500&h=400&s=1,Group Driving Tour 1 to 6 people. Berlin Shore Excursion incl pick-up at Port,Full-day Tours,11–12 hours,"$1,453.80",per group,Free cancellation,By Private Tour Berlin,Berlin,Germany,https://www.tripadvisor.com/Attraction_Review-g187323-d2495095-Reviews-Private_Tour_Berlin-Berlin.html
163,https://dynamic-media-cdn.tripadvisor.com/media/photo-o/22/12/92/10/caption.jpg?w=500&h=400&s=1,Private Half-Day Berlin Bike Tour: Berlin Wall and Cold War Sites,Rentals,4 hours,$169.70,per adult,Free cancellation,By Sightseeing Point Tours,Berlin,Germany,https://www.tripadvisor.com/Attraction_Review-g187323-d3275843-Reviews-Sightseeing_Point_Tours-Berlin.html
164,https://dynamic-media-cdn.tripadvisor.com/media/photo-o/1a/78/79/c8/caption.jpg?w=500&h=400&s=1,The Best of Berlin Private Guided Tour,Private and Luxury,4 hours,$311.12,per group,,By Private Tours Berlin,Berlin,Germany,https://www.tripadvisor.com/Attraction_Review-g187323-d19142153-Reviews-Private_Tours_Berlin-Berlin.html
165,https://dynamic-media-cdn.tripadvisor.com/media/photo-o/1a/f6/24/f4/caption.jpg?w=500&h=400&s=1,Private Berlin 3-Hour Bike Tour: Berlin's Best,Bike Tours,3 hours,$55.44,per adult,Free cancellation,By Free Berlin - Authentische Radtouren,Berlin,Germany,https://www.tripadvisor.com/Attraction_Review-g187323-d2243513-Reviews-Free_Berlin_Authentische_Radtouren-Berlin.html
166,https://dynamic-media-cdn.tripadvisor.com/media/photo-o/1a/82/3e/4d/caption.jpg?w=500&h=400&s=1,Berlin Third Reich Tour: Sites & History of World War Berlin,Private and Luxury,3–4 hours,$22.30,per adult,Free cancellation,By Birchys Berlin Tours,Berlin,Germany,https://www.tripadvisor.com/Attraction_Review-g187323-d16858951-Reviews-Birchys_Berlin_Tours-Berlin.html
167,,,1,7,,,9,,Berlin,Germany,
168,https://dynamic-media-cdn.tripadvisor.com/media/photo-o/1b/e2/56/6f/caption.jpg?w=500&h=400&s=1,Take the U Train: The Story of Berlin's Oldest Elevated Railway Line Audio Tour,City Tours,2 hours,$6.56,per adult,,By VoiceMap Berlin,Berlin,Germany,https://www.tripadvisor.com/Attraction_Review-g187323-d21082914-Reviews-VoiceMap_Berlin-Berlin.html
169,https://dynamic-media-cdn.tripadvisor.com/media/photo-o/1c/93/30/89/caption.jpg?w=500&h=400&s=1,Private Berlin Tour: World War II Exploration Game,Walking Tours,1 hour,$7.91,per adult,Free cancellation,By Questo Berlin | City Games & Tours,Berlin,Germany,https://www.tripadvisor.com/Attraction_Review-g187323-d19512952-Reviews-Questo_Berlin_City_Games_Tours-Berlin.html
170,https://dynamic-media-cdn.tripadvisor.com/media/photo-o/1b/59/ef/7a/caption.jpg?w=500&h=400&s=1,Berlin's WWII History - Private Live Virtual Experience,Walking Tours,1 hour,$44.69,per adult,Free cancellation,By Essence of Berlin,Berlin,Germany,https://www.tripadvisor.com/Attraction_Review-g187323-d15798995-Reviews-Essence_of_Berlin-Berlin.html
171,https://dynamic-media-cdn.tripadvisor.com/media/photo-o/1a/7f/81/98/caption.jpg?w=500&h=400&s=1,"West Kreuzberg: Templars, Bunkers and Prussian Glory Audio Tour",City Tours,1 hour,$6.88,per adult,,By VoiceMap Berlin,Berlin,Germany,https://www.tripadvisor.com/Attraction_Review-g187323-d21082914-Reviews-VoiceMap_Berlin-Berlin.html
172,https://dynamic-media-cdn.tripadvisor.com/media/photo-o/1b/3d/77/b2/caption.jpg?w=500&h=400&s=1,Berlin Highlights Private Virtual Drive Through City,Bus Tours,1 hour,$100.69,per adult,Free cancellation,By Withlocals,Berlin,Germany,https://www.tripadvisor.com/Attraction_Review-g187323-d10507977-Reviews-Withlocals-Berlin.html
173,,,1,8,,,10,,Berlin,Germany,
