WlYyy,cctrW,iPqaD,FmrIP href,dugSS src,bUshh,cIVmB,iPqaD href 2,WlYyy 2,ySnDE,dXxty,WlYyy 3,ccVGl,WlYyy 4,ccVGl 2,WlYyy 5,WlYyy 6
61 places sorted by traveler favorites,"Tours, activities and experiences bookable on Tripadvisor, ranked using exclusive Tripadvisor data including reviews, ratings, photos, popularity, user preferences, price, and bookings made through Tripadvisor.",Clear all filters,,,,,,,,,,,,,,
4,Not sure? You can cancel this reservation up to 24 hours in advance for a full refund.,By Al-Harbi Transport for Umrah and Hajj,https://www.tripadvisor.com/AttractionProductReview-g295419-d23326347-Jeddah_Airport_to_Makkah_any_Mecca_hotel_Private_Arrival_Transfer-Jeddah_Makkah_Pr.html,https://dynamic-media-cdn.tripadvisor.com/media/photo-o/21/a4/dc/3b/caption.jpg?w=500&h=400&s=1,Jeddah Airport to Makkah (any Mecca hotel) Private Arrival Transfer,1.,https://www.tripadvisor.com/Attraction_Review-g295419-d23258951-Reviews-Al_Harbi_Transport_for_Umrah_and_Hajj-Jeddah_Makkah_Province.html,1–2 hours,"We are offering you a first-class service with opulent and sanitised vehicle, ensuring you arrive at your precise destination…",Taking safety measures,Free cancellation,from,$99.00,per group,More info,
,Not sure? You can cancel this reservation up to 24 hours in advance for a full refund.,By Hosam Kandil,https://www.tripadvisor.com/AttractionProductReview-g295419-d19952636-Jeddah_City_tour_history_sightseeing_in_center_of_the_city_then_coastal_tour-Jedda.html,https://dynamic-media-cdn.tripadvisor.com/media/photo-o/1a/b1/9f/20/caption.jpg?w=500&h=400&s=1,Jeddah City tour history sightseeing in center of the city then coastal tour,2.,https://www.tripadvisor.com/Attraction_Review-g295419-d19939251-Reviews-Hosam_Kandil-Jeddah_Makkah_Province.html,3+ days,Discover Jeddah city old and new site of jeddah coty and costal walk and cafee as well the rzd sea and optional swimming…,,Free cancellation,from,$135.00,per adult,More info,Ports of Call Tours
,Not sure? You can cancel this reservation up to 24 hours in advance for a full refund.,By 88 Destinations,https://www.tripadvisor.com/AttractionProductReview-g295419-d23454476-Jeddah_Old_Town_Tour_Al_Balad-Jeddah_Makkah_Province.html,https://dynamic-media-cdn.tripadvisor.com/media/photo-o/21/ff/77/aa/caption.jpg?w=500&h=400&s=1,Jeddah Old Town Tour (Al Balad),3.,https://www.tripadvisor.com/Attraction_Review-g295419-d23253726-Reviews-88_Destinations-Jeddah_Makkah_Province.html,4 hours,"During this tour you will pass by many shops where they offer different merchandise such as perfumes, cloth, jewellery , …",Taking safety measures,Free cancellation,from,$120.00,per adult,More info,Bus Tours
,Not sure? You can cancel this reservation up to 24 hours in advance for a full refund.,By Basma Transport & Tours,https://www.tripadvisor.com/AttractionProductReview-g295419-d20320874-Jeddah_Hotel_to_Jeddah_Airport_Private_Departure_Transfer-Jeddah_Makkah_Province.html,https://dynamic-media-cdn.tripadvisor.com/media/photo-o/1b/27/c8/93/caption.jpg?w=500&h=400&s=1,Jeddah Hotel to Jeddah Airport Private Departure Transfer,4.,https://www.tripadvisor.com/Attraction_Review-g295419-d20267044-Reviews-Basma_Transport_Tours-Jeddah_Makkah_Province.html,30–45 minutes,"Ensure an easy Departure with Jeddah Hotel to Jeddah Airport Private Departure Transfer. Skip the headache, hassle, and …",Taking safety measures,Free cancellation,from,$84.00,per group,More info,
,,,,,,,,,,,,,,,,
,Not sure? You can cancel this reservation up to 24 hours in advance for a full refund.,By Basma Transport & Tours,https://www.tripadvisor.com/AttractionProductReview-g295419-d20320770-Jeddah_Airport_to_Jeddah_Hotel_Private_Arrival_Transfer-Jeddah_Makkah_Province.html,https://dynamic-media-cdn.tripadvisor.com/media/photo-o/1b/27/c8/07/caption.jpg?w=500&h=400&s=1,Jeddah Airport to Jeddah Hotel Private Arrival Transfer,5.,https://www.tripadvisor.com/Attraction_Review-g295419-d20267044-Reviews-Basma_Transport_Tours-Jeddah_Makkah_Province.html,30–45 minutes,"Ensure an easy arrival with Jeddah International Airport Arrival Transfer. Skip the headache, hassle, and expense of finding…",Taking safety measures,Free cancellation,from,$84.00,per group,More info,
2,Not sure? You can cancel this reservation up to 24 hours in advance for a full refund.,By TOURIST GUIDE AHMAD ALJUAED,https://www.tripadvisor.com/AttractionProductReview-g295419-d19900792-Discover_Jeddah_city-Jeddah_Makkah_Province.html,https://dynamic-media-cdn.tripadvisor.com/media/photo-o/1a/9d/25/4d/caption.jpg?w=500&h=400&s=1,discover Jeddah city,6.,https://www.tripadvisor.com/Attraction_Review-g298553-d19259014-Reviews-TOURIST_GUIDE_AHMAD_ALJUAED-Taif_Makkah_Province.html,1–4 hours,"tour of historical Jeddah, classified as a World Heritage Site, visiting markets and museums, Drink coffee and tea in traditional…",Taking safety measures,Free cancellation,from,$220.00,per group,More info,Bus Tours
5,Not sure? You can cancel this reservation up to 24 hours in advance for a full refund.,By Saudi Arabia Tours,https://www.tripadvisor.com/AttractionProductReview-g295419-d19198934-Jeddah_Historical_and_City_Tour-Jeddah_Makkah_Province.html,https://dynamic-media-cdn.tripadvisor.com/media/photo-o/1c/82/eb/41/caption.jpg?w=500&h=400&s=1,Jeddah Historical and City Tour,7.,https://www.tripadvisor.com/Attraction_Review-g295419-d19142250-Reviews-Saudi_Arabia_Tours-Jeddah_Makkah_Province.html,6–7 hours,"Tour Highlights:

Jeddah’s historical downtown area Al-Balad, Beit Nassif, Historical Jeddah north gate, Old Markets, Al…",Taking safety measures,Free cancellation,from,$250.00,per adult,More info,Bus Tours
,Not sure? You can cancel this reservation up to 24 hours in advance for a full refund.,,https://www.tripadvisor.com/AttractionProductReview-g295419-d19965196-Traditional_Jeddah_Tour_Tasting_Historical_Highlights-Jeddah_Makkah_Province.html,https://dynamic-media-cdn.tripadvisor.com/media/photo-o/1a/b5/17/fe/caption.jpg?w=500&h=400&s=1,Traditional Jeddah Tour:Tasting & Historical Highlights,8.,,5 hours,Jeddah is a very soulful place with plentiful treasures to be discovered by curious explorer. The evening and night hours…,Taking safety measures,Free cancellation,from,$136.42,per adult,More info,Bus Tours
16,This number is based on the percentage of all Tripadvisor reviews for this product that have a bubble rating of 4 or higher,By ALHADI TRAVEL UK,https://www.tripadvisor.com/AttractionProductReview-g295419-d19587033-UMRAH_packages-Jeddah_Makkah_Province.html,https://dynamic-media-cdn.tripadvisor.com/media/photo-o/1b/46/15/4e/caption.jpg?w=500&h=400&s=1,UMRAH packages,9.,https://www.tripadvisor.com/Attraction_Review-g293993-d19516995-Reviews-ALHADI_TRAVEL_UK-Mecca_Makkah_Province.html,6+ hours,We offer holy sights seeing Tours in Makkah to 10-12 places and in Medina city around 6-7 places and Umrah/Tourist Visas…,,100% of travelers recommend this experience,from,"$1,107.43",per adult,More info,
2,Not sure? You can cancel this reservation up to 24 hours in advance for a full refund.,By Saudi Safari,https://www.tripadvisor.com/AttractionProductReview-g295419-d20080227-Dune_Bashing_Desert_Safari_Trip-Jeddah_Makkah_Province.html,https://dynamic-media-cdn.tripadvisor.com/media/photo-o/1a/d7/00/0c/caption.jpg?w=500&h=400&s=1,Dune Bashing Desert Safari Trip,10.,https://www.tripadvisor.com/Attraction_Review-g295419-d20063267-Reviews-Saudi_Safari-Jeddah_Makkah_Province.html,6+ hours,A memorable and must to have adventure between dunes and mountains to enjoy desert camp with so many activities such as …,,Free cancellation,from,$170.00,per adult,More info,
1,Not sure? You can cancel this reservation up to 24 hours in advance for a full refund.,,https://www.tripadvisor.com/AttractionProductReview-g295419-d19953278-Jeddah_Airport_Transfer_To_Madinah_Private_ARRIVAL-Jeddah_Makkah_Province.html,https://dynamic-media-cdn.tripadvisor.com/media/photo-o/1b/4a/f5/66/caption.jpg?w=500&h=400&s=1,Jeddah Airport Transfer To Madinah (Private) : ARRIVAL,11.,,3–4 hours,"• Reliable and Affordable Private Transfer to Madinah.

• All our Drivers are expert Knowledge of Jeddah and the surrounding…",Taking safety measures,Free cancellation,from,$229.00,per group,More info,
,Not sure? You can cancel this reservation up to 24 hours in advance for a full refund.,By Saudi Discovery,https://www.tripadvisor.com/AttractionProductReview-g295419-d23851127-Full_Day_Mecca_Tour_with_Lunch_only_Muslims-Jeddah_Makkah_Province.html,https://dynamic-media-cdn.tripadvisor.com/media/photo-o/21/e7/3e/c4/caption.jpg?w=500&h=400&s=1,Full Day Mecca Tour with Lunch (only Muslims),12.,https://www.tripadvisor.com/Attraction_Review-g293995-d23844054-Reviews-Saudi_Discovery-Riyadh_Riyadh_Province.html,6+ hours,"Visit Holy Mecca.

Experience / Highlights

* Know more about Mecca - Islam’s holiest city.

* Drive to the Two Holy Mosques…",Taking safety measures,Free cancellation,from,$154.00,per adult,More info,Bus Tours
,Not sure? You can cancel this reservation up to 24 hours in advance for a full refund.,By Neom Tours,https://www.tripadvisor.com/AttractionProductReview-g295419-d15012666-Jeddah_City_Tour-Jeddah_Makkah_Province.html,https://dynamic-media-cdn.tripadvisor.com/media/photo-o/1c/7f/56/6a/caption.jpg?w=500&h=400&s=1,Jeddah City Tour,13.,https://www.tripadvisor.com/Attraction_Review-g679581-d21508322-Reviews-Neom_Tours-Tabouk_Tabuk_Province.html,4–5 minutes,"Jeddah’s historical downtown area Al-Balad, Beit Nassif, Historical Jeddah north gate, Old Markets,The New Jeddah Corniche…",,Free cancellation,from,$265.00,per adult,More info,Bus Tours
,Not sure? You can cancel this reservation up to 24 hours in advance for a full refund.,"By PROFi DRIVER Jeddah, Saudi Arabia",https://www.tripadvisor.com/AttractionProductReview-g295419-d21137558-Jeddah_Airport_Transfers_King_Abdulaziz_Airport_JED_to_Jeddah_in_Business_Car-Jedd.html,https://dynamic-media-cdn.tripadvisor.com/media/photo-o/1b/91/59/19/caption.jpg?w=500&h=400&s=1,Jeddah Airport Transfers: King Abdulaziz Airport JED to Jeddah in Business Car,14.,https://www.tripadvisor.com/Attraction_Review-g295419-d21131820-Reviews-PROFi_DRIVER_Jeddah_Saudi_Arabia-Jeddah_Makkah_Province.html,30 minutes,"Your safety is our crew’s biggest priority. Before your journey even begins, your driver completely disinfects the vehicle…",Taking safety measures,Free cancellation,from,$79.20,per adult,More info,
,Not sure? You can cancel this reservation up to 24 hours in advance for a full refund.,By Basma Transport & Tours,https://www.tripadvisor.com/AttractionProductReview-g295419-d20321908-Combo_Umrah_Holly_Places_Transfer_JED_Airport_MAK_MED_JED_Airport-Jeddah_Makkah_Pr.html,https://dynamic-media-cdn.tripadvisor.com/media/photo-o/1b/27/cd/f9/caption.jpg?w=500&h=400&s=1,Combo Umrah & Holly Places Transfer (JED Airport-MAK-MED-JED Airport),15.,https://www.tripadvisor.com/Attraction_Review-g298551-d23628570-Reviews-Basma_Transport_Tours-Medina_Al_Madinah_Province.html,5–30 days,"Now enjoy your own private customize Umrah trip. Full combo pack of all ground transfers, sightseeing and Makkah / Madinah…",Taking safety measures,Free cancellation,from,$560.00,per group,More info,
,Not sure? You can cancel this reservation up to 24 hours in advance for a full refund.,By Saudi Discovery,https://www.tripadvisor.com/AttractionProductReview-g295419-d23851193-Half_Day_Jeddah_Traditional_City_Tour-Jeddah_Makkah_Province.html,https://dynamic-media-cdn.tripadvisor.com/media/photo-o/21/e7/3f/78/caption.jpg?w=500&h=400&s=1,Half Day Jeddah Traditional City Tour,16.,https://www.tripadvisor.com/Attraction_Review-g293995-d23844054-Reviews-Saudi_Discovery-Riyadh_Riyadh_Province.html,4 hours,"Hop onto one of our Saudi Discovery tours Vehicle for the ultimate Jeddah experience, this tour is the best way to discover…",Taking safety measures,Free cancellation,from,$70.00,per adult,More info,Bus Tours
,Not sure? You can cancel this reservation up to 24 hours in advance for a full refund.,"By PROFi DRIVER Jeddah, Saudi Arabia",https://www.tripadvisor.com/AttractionProductReview-g295419-d21137562-Jeddah_Airport_Transfers_King_Abdulaziz_Airport_JED_to_Jeddah_in_Luxury_Car-Jeddah.html,https://dynamic-media-cdn.tripadvisor.com/media/photo-o/1b/91/59/20/caption.jpg?w=500&h=400&s=1,Jeddah Airport Transfers: King Abdulaziz Airport JED to Jeddah in Luxury Car,17.,https://www.tripadvisor.com/Attraction_Review-g295419-d21131820-Reviews-PROFi_DRIVER_Jeddah_Saudi_Arabia-Jeddah_Makkah_Province.html,30 minutes,"Your safety is our crew’s biggest priority. Before your journey even begins, your driver completely disinfects the vehicle…",Taking safety measures,Free cancellation,from,$110.87,per adult,More info,
,Free Cancellation up to 7 days in advance,By MYTRIP Saudi Tours,https://www.tripadvisor.com/AttractionProductReview-g295419-d21162145-Discover_the_Green_Sarawat_Mountains_6_day_trip-Jeddah_Makkah_Province.html,https://dynamic-media-cdn.tripadvisor.com/media/photo-o/1b/9c/f3/57/caption.jpg?w=500&h=400&s=1,Discover the Green Sarawat Mountains (6-day trip),18.,https://www.tripadvisor.com/Attraction_Review-g293995-d19804231-Reviews-MYTRIP_Saudi_Tours-Riyadh_Riyadh_Province.html,3+ days,"From the Sea of Jeddah to the Heights of Hada, through the village and the forest, we can see the clouds in Abha, a fun …",Taking safety measures,Free cancellation,from,"$2,850.00",per adult,More info,Cable Car Tours
,Not sure? You can cancel this reservation up to 24 hours in advance for a full refund.,By Saudi Discovery,https://www.tripadvisor.com/AttractionProductReview-g295419-d23851154-Morning_Safari_with_Quad_Tour_from_Jeddah-Jeddah_Makkah_Province.html,https://dynamic-media-cdn.tripadvisor.com/media/photo-o/21/e7/3f/0c/caption.jpg?w=500&h=400&s=1,Morning Safari with Quad Tour from Jeddah,19.,https://www.tripadvisor.com/Attraction_Review-g293995-d23844054-Reviews-Saudi_Discovery-Riyadh_Riyadh_Province.html,5 hours,"Travel across the desert in a 4x4 vehicle. Photo stops in a dune drive, dune bashing, quad biking Experience, and many more…",Taking safety measures,Free cancellation,from,$136.00,per adult,More info,Bus Tours
,Not sure? You can cancel this reservation up to 24 hours in advance for a full refund.,"By PROFi DRIVER Jeddah, Saudi Arabia",https://www.tripadvisor.com/AttractionProductReview-g295419-d21137563-Jeddah_Airport_Transfers_Jeddah_to_King_Abdulaziz_Airport_JED_in_Luxury_Car-Jeddah.html,https://dynamic-media-cdn.tripadvisor.com/media/photo-o/1b/91/59/21/caption.jpg?w=500&h=400&s=1,Jeddah Airport Transfers: Jeddah to King Abdulaziz Airport JED in Luxury Car,20.,https://www.tripadvisor.com/Attraction_Review-g295419-d21131820-Reviews-PROFi_DRIVER_Jeddah_Saudi_Arabia-Jeddah_Makkah_Province.html,30 minutes,"Your safety is our crew’s biggest priority. Before your journey even begins, your chauffeur completely disinfects the vehicle…",Taking safety measures,Free cancellation,from,$110.87,per adult,More info,
,,By Peninsula Caravans Tour Operator,https://www.tripadvisor.com/AttractionProductReview-g295419-d19402889-Jeddah_Historical_Tour-Jeddah_Makkah_Province.html,https://dynamic-media-cdn.tripadvisor.com/media/photo-o/1a/8b/af/72/caption.jpg?w=500&h=400&s=1,Jeddah Historical Tour,21.,https://www.tripadvisor.com/Attraction_Review-g295419-d17470067-Reviews-Peninsula_Caravans_Tour_Operator-Jeddah_Makkah_Province.html,1–3 hours,"we will take you thru the history of Jeddah, the old streets, houses, describing how it was built, what are the most important…",,,from,$987.00,per group,More info,Bus Tours
,Not sure? You can cancel this reservation up to 24 hours in advance for a full refund.,By One day city tour,https://www.tripadvisor.com/AttractionProductReview-g295419-d20025583-Jeddah_City_tour_Meet_The_Bride_Of_The_Red_Sea-Jeddah_Makkah_Province.html,https://dynamic-media-cdn.tripadvisor.com/media/photo-o/1a/c6/c5/26/caption.jpg?w=500&h=400&s=1,Jeddah City tour- Meet The ‘Bride Of The Red Sea’,22.,https://www.tripadvisor.com/Attraction_Review-g295419-d17422024-Reviews-One_day_city_tour-Jeddah_Makkah_Province.html,6+ hours,Indulge all your senses in an exhilarating mix of heritage and traditions which will surely captivate you right from the…,Taking safety measures,Free cancellation,from,"$1,000.00",per group,More info,Full-day Tours
,Not sure? You can cancel this reservation up to 24 hours in advance for a full refund.,By Airport Transfers in Saudi Arabia,https://www.tripadvisor.com/AttractionProductReview-g295419-d21163501-Private_Transfer_from_Jeddah_to_Rey_Abdulaziz_JED_Airport-Jeddah_Makkah_Province.html,https://dynamic-media-cdn.tripadvisor.com/media/photo-o/1b/9d/0c/30/caption.jpg?w=500&h=400&s=1,Private Transfer from Jeddah to Rey Abdulaziz (JED) Airport,23.,https://www.tripadvisor.com/Attraction_Review-g295419-d21153680-Reviews-Airport_Transfers_in_Saudi_Arabia-Jeddah_Makkah_Province.html,45 minutes,Take the worry out of your departure to Rey Abdulaziz (JED) Airport and pre-book a private transfer to suit your group size…,Taking safety measures,Free cancellation,from,$75.80,per group,More info,
,Not sure? You can cancel this reservation up to 24 hours in advance for a full refund.,"By PROFi DRIVER Jeddah, Saudi Arabia",https://www.tripadvisor.com/AttractionProductReview-g295419-d21137572-Departure_Private_Transfers_Jeddah_to_King_Abdulaziz_Airport_JED_in_Luxury_SUV-Jed.html,https://dynamic-media-cdn.tripadvisor.com/media/photo-o/1b/91/59/2b/caption.jpg?w=500&h=400&s=1,Departure Private Transfers: Jeddah to King Abdulaziz Airport JED in Luxury SUV,24.,https://www.tripadvisor.com/Attraction_Review-g295419-d21131820-Reviews-PROFi_DRIVER_Jeddah_Saudi_Arabia-Jeddah_Makkah_Province.html,30 minutes,"Your safety is our crew’s biggest priority. Before your journey even begins, your chauffeur completely disinfects the vehicle…",Taking safety measures,Free cancellation,from,$84.85,per adult,More info,
,Not sure? You can cancel this reservation up to 24 hours in advance for a full refund.,By Saudi Discovery,https://www.tripadvisor.com/AttractionProductReview-g295419-d23851158-Full_Day_Jeddah_Historical_City_Tour-Jeddah_Makkah_Province.html,https://dynamic-media-cdn.tripadvisor.com/media/photo-o/21/e7/3f/12/caption.jpg?w=500&h=400&s=1,Full Day Jeddah Historical City Tour,25.,https://www.tripadvisor.com/Attraction_Review-g293995-d23844054-Reviews-Saudi_Discovery-Riyadh_Riyadh_Province.html,6+ hours,"Jeddah showcases the beauty of the Saudi Arabia and a full-day guided tour would satisfy the entire trip.

Experience / …",Taking safety measures,Free cancellation,from,$148.00,per adult,More info,Bus Tours
,Not sure? You can cancel this reservation up to 24 hours in advance for a full refund.,By REMAZ TOURS GmbH,https://www.tripadvisor.com/AttractionProductReview-g295419-d15341407-Private_Transfer_from_Jeddah_Airport_to_King_Abdullah_Economic_City-Jeddah_Makkah_.html,https://dynamic-media-cdn.tripadvisor.com/media/photo-o/1b/54/3f/74/caption.jpg?w=500&h=400&s=1,Private Transfer from Jeddah Airport to King Abdullah Economic City,26.,https://www.tripadvisor.com/Attraction_Review-g187323-d15700385-Reviews-REMAZ_TOURS_GmbH-Berlin.html,1 hour,Upon arrival at the airport your driver will be waiting for you holding a signboard with your name. You will then be accompanied…,,Free cancellation,from,$165.94,per group,More info,
,Not sure? You can cancel this reservation up to 24 hours in advance for a full refund.,"By PROFi DRIVER Jeddah, Saudi Arabia",https://www.tripadvisor.com/AttractionProductReview-g295419-d21137567-Arrival_Private_Transfer_King_Abdulaziz_Airport_JED_to_Jeddah_in_Business_Car-Jedd.html,https://dynamic-media-cdn.tripadvisor.com/media/photo-o/1b/91/59/26/caption.jpg?w=500&h=400&s=1,Arrival Private Transfer: King Abdulaziz Airport JED to Jeddah in Business Car,27.,https://www.tripadvisor.com/Attraction_Review-g295419-d21131820-Reviews-PROFi_DRIVER_Jeddah_Saudi_Arabia-Jeddah_Makkah_Province.html,30 minutes,"Your safety is our crew’s biggest priority. Before your journey even begins, your driver completely disinfects the vehicle…",Taking safety measures,Free cancellation,from,$79.20,per adult,More info,
,Not sure? You can cancel this reservation up to 24 hours in advance for a full refund.,"By PROFi DRIVER Jeddah, Saudi Arabia",https://www.tripadvisor.com/AttractionProductReview-g295419-d21137568-Departure_Private_Transfer_Jeddah_to_King_Abdulaziz_Airport_JED_in_Business_Car-Je.html,https://dynamic-media-cdn.tripadvisor.com/media/photo-o/1b/91/59/27/caption.jpg?w=500&h=400&s=1,Departure Private Transfer: Jeddah to King Abdulaziz Airport JED in Business Car,28.,https://www.tripadvisor.com/Attraction_Review-g295419-d21131820-Reviews-PROFi_DRIVER_Jeddah_Saudi_Arabia-Jeddah_Makkah_Province.html,30 minutes,"Your safety is our crew’s biggest priority. Before your journey even begins, your chauffeur completely disinfects the vehicle…",Taking safety measures,Free cancellation,from,$79.20,per adult,More info,
,Not sure? You can cancel this reservation up to 24 hours in advance for a full refund.,"By PROFi DRIVER Jeddah, Saudi Arabia",https://www.tripadvisor.com/AttractionProductReview-g295419-d21137561-Jeddah_Airport_Transfers_Jeddah_to_King_Abdulaziz_Airport_JED_in_Luxury_Van-Jeddah.html,https://dynamic-media-cdn.tripadvisor.com/media/photo-o/1b/91/59/1d/caption.jpg?w=500&h=400&s=1,Jeddah Airport Transfers: Jeddah to King Abdulaziz Airport JED in Luxury Van,29.,https://www.tripadvisor.com/Attraction_Review-g295419-d21131820-Reviews-PROFi_DRIVER_Jeddah_Saudi_Arabia-Jeddah_Makkah_Province.html,30 minutes,"Your safety is our crew’s biggest priority. Before your journey even begins, your chauffeur completely disinfects the vehicle…",Taking safety measures,Free cancellation,from,$82.02,per adult,More info,
,Not sure? You can cancel this reservation up to 24 hours in advance for a full refund.,"By PROFi DRIVER Jeddah, Saudi Arabia",https://www.tripadvisor.com/AttractionProductReview-g295419-d21137569-Arrival_Private_Transfers_King_Abdulaziz_Airport_JED_to_Jeddah_in_Luxury_Van-Jedda.html,https://dynamic-media-cdn.tripadvisor.com/media/photo-o/1b/91/59/28/caption.jpg?w=500&h=400&s=1,Arrival Private Transfers: King Abdulaziz Airport JED to Jeddah in Luxury Van,30.,https://www.tripadvisor.com/Attraction_Review-g295419-d21131820-Reviews-PROFi_DRIVER_Jeddah_Saudi_Arabia-Jeddah_Makkah_Province.html,30 minutes,"Your safety is our crew’s biggest priority. Before your journey even begins, your driver completely disinfects the vehicle…",Taking safety measures,Free cancellation,from,$82.02,per adult,More info,
1,,,,,,,,2,,,3,,,,,
Frequently Asked Questions about Jeddah,,,,,,,,Which experiences are best for tours in Jeddah?,,,What are the best places for tours in Jeddah?,,,,,
2,,,,,,,,1,,,3,,,,,
61 places sorted by traveler favorites,"Tours, activities and experiences bookable on Tripadvisor, ranked using exclusive Tripadvisor data including reviews, ratings, photos, popularity, user preferences, price, and bookings made through Tripadvisor.",Clear all filters,,,,,,,,,,,,,,
,Not sure? You can cancel this reservation up to 24 hours in advance for a full refund.,By MYTRIP Saudi Tours,https://www.tripadvisor.com/AttractionProductReview-g295419-d21136551-Yanbu_Trip_1_Day_trip-Jeddah_Makkah_Province.html,https://dynamic-media-cdn.tripadvisor.com/media/photo-o/1b/91/46/78/caption.jpg?w=500&h=400&s=1,Yanbu Trip (1 Day trip),31.,https://www.tripadvisor.com/Attraction_Review-g293995-d19804231-Reviews-MYTRIP_Saudi_Tours-Riyadh_Riyadh_Province.html,12–14 hours,Yanbu Province is one of the oldest ports and the second in industry and the most beautiful coral reef sites and is characterized…,Taking safety measures,Free cancellation,from,$439.00,per adult,More info,Bus Tours
,Not sure? You can cancel this reservation up to 24 hours in advance for a full refund.,By Saudi Discovery,https://www.tripadvisor.com/AttractionProductReview-g295419-d23851180-Dining_in_Jeddah_at_Al_Multaqa_Restaurant-Jeddah_Makkah_Province.html,https://dynamic-media-cdn.tripadvisor.com/media/photo-o/21/e7/3f/51/caption.jpg?w=500&h=400&s=1,Dining in Jeddah at Al Multaqa Restaurant,32.,https://www.tripadvisor.com/Attraction_Review-g293995-d23844054-Reviews-Saudi_Discovery-Riyadh_Riyadh_Province.html,4 hours,"Enjoy the seafood dining experience with a chic and elegant ambiance at the famous ""Al Multaqa Restaurant"".

Experience / …",Taking safety measures,Free cancellation,from,$167.00,per adult,More info,Bus Tours
,Not sure? You can cancel this reservation up to 24 hours in advance for a full refund.,By Saudi Discovery,https://www.tripadvisor.com/AttractionProductReview-g295419-d23851139-Morning_Desert_Safari_Tour_from_Jeddah-Jeddah_Makkah_Province.html,https://dynamic-media-cdn.tripadvisor.com/media/photo-o/21/e7/3e/e9/caption.jpg?w=500&h=400&s=1,Morning Desert Safari Tour from Jeddah,33.,https://www.tripadvisor.com/Attraction_Review-g293995-d23844054-Reviews-Saudi_Discovery-Riyadh_Riyadh_Province.html,5 hours,"Exclusive daytime desert adventure with our desert safari tour. Discover the desert in the Morning, see the Camels, A Unique…",Taking safety measures,Free cancellation,from,$98.00,per adult,More info,Bus Tours
,Not sure? You can cancel this reservation up to 24 hours in advance for a full refund.,By Saudi Discovery,https://www.tripadvisor.com/AttractionProductReview-g295419-d23851138-Full_Day_Taif_Tour_with_Lunch-Jeddah_Makkah_Province.html,https://dynamic-media-cdn.tripadvisor.com/media/photo-o/21/e7/3e/e5/caption.jpg?w=500&h=400&s=1,Full Day Taif Tour with Lunch,34.,https://www.tripadvisor.com/Attraction_Review-g293995-d23844054-Reviews-Saudi_Discovery-Riyadh_Riyadh_Province.html,6+ hours,"Discover the Green Sarawat Mountains in Taif located over the Hada Mountains for a relaxed Green Nature and its weather.

* …",Taking safety measures,Free cancellation,from,$152.00,per adult,More info,Bus Tours
,Not sure? You can cancel this reservation up to 24 hours in advance for a full refund.,By Basma Transport & Tours,https://www.tripadvisor.com/AttractionProductReview-g295419-d20321871-Combo_Umrah_Holly_Places_Transfer_JED_Airport_MAK_MED_MED_Airport-Jeddah_Makkah_Pr.html,https://dynamic-media-cdn.tripadvisor.com/media/photo-o/1b/27/cd/ca/caption.jpg?w=500&h=400&s=1,Combo Umrah & Holly Places Transfer (JED Airport-MAK-MED-MED Airport),35.,https://www.tripadvisor.com/Attraction_Review-g295419-d20267044-Reviews-Basma_Transport_Tours-Jeddah_Makkah_Province.html,5–30 days,"Now enjoy your own private customize Umrah trip. Full combo pack of all ground transfers, sightseeing and Makkah / Madinah…",Taking safety measures,Free cancellation,from,$420.00,per group,More info,
,Not sure? You can cancel this reservation up to 24 hours in advance for a full refund.,"By PROFi DRIVER Jeddah, Saudi Arabia",https://www.tripadvisor.com/AttractionProductReview-g295419-d21137564-Jeddah_Airport_Transfers_King_Abdulaziz_Airport_JED_to_Jeddah_in_Luxury_SUV-Jeddah.html,https://dynamic-media-cdn.tripadvisor.com/media/photo-o/1b/91/59/22/caption.jpg?w=500&h=400&s=1,Jeddah Airport Transfers: King Abdulaziz Airport JED to Jeddah in Luxury SUV,36.,https://www.tripadvisor.com/Attraction_Review-g295419-d21131820-Reviews-PROFi_DRIVER_Jeddah_Saudi_Arabia-Jeddah_Makkah_Province.html,30 minutes,"Your safety is our crew’s biggest priority. Before your journey even begins, your driver completely disinfects the vehicle…",Taking safety measures,Free cancellation,from,$84.85,per adult,More info,
,Not sure? You can cancel this reservation up to 24 hours in advance for a full refund.,By Taxi2Airport Jeddah,https://www.tripadvisor.com/AttractionProductReview-g295419-d20064547-Private_Airport_Transfer_Jeddah_to_King_Abdulaziz_International_Airport_JED-Jeddah.html,https://dynamic-media-cdn.tripadvisor.com/media/photo-o/1b/60/55/7e/caption.jpg?w=500&h=400&s=1,Private Airport Transfer: Jeddah to King Abdulaziz International Airport (JED),37.,https://www.tripadvisor.com/Attraction_Review-g295419-d20048953-Reviews-Taxi2Airport_Jeddah-Jeddah_Makkah_Province.html,25 minutes,Book here your safe and reliable Private Airport Transfer from your hotel or location within the Jeddah city area to King…,Taking safety measures,Free cancellation,from,$33.81,per adult,More info,
,Not sure? You can cancel this reservation up to 24 hours in advance for a full refund.,By Saudi Discovery,https://www.tripadvisor.com/AttractionProductReview-g295419-d23856458-Stargazing_in_the_Beach_from_Jeddah_with_Light_Meal-Jeddah_Makkah_Province.html,https://dynamic-media-cdn.tripadvisor.com/media/photo-o/21/ed/35/86/caption.jpg?w=500&h=400&s=1,Stargazing in the Beach from Jeddah with Light Meal,38.,https://www.tripadvisor.com/Attraction_Review-g293995-d23844054-Reviews-Saudi_Discovery-Riyadh_Riyadh_Province.html,5 hours,Experience the amazing gazing into the sky to marvel at the constellations of the beaches of Jeddah at the beach in Khur…,Taking safety measures,Free cancellation,from,$114.00,per adult,More info,Bus Tours
,Not sure? You can cancel this reservation up to 24 hours in advance for a full refund.,By Taxi2Airport Jeddah,https://www.tripadvisor.com/AttractionProductReview-g295419-d20064532-Private_Airport_Transfer_King_Abdulaziz_International_Airport_JED_to_Jeddah-Jeddah.html,https://dynamic-media-cdn.tripadvisor.com/media/photo-o/1b/60/55/86/caption.jpg?w=500&h=400&s=1,Private Airport Transfer: King Abdulaziz International Airport (JED) to Jeddah,39.,https://www.tripadvisor.com/Attraction_Review-g295419-d20048953-Reviews-Taxi2Airport_Jeddah-Jeddah_Makkah_Province.html,20 minutes,Book here your safe and reliable Private Airport Transfer from King Abdulaziz International Airport (JED) to your hotel …,Taking safety measures,Free cancellation,from,$33.81,per adult,More info,
,Free Cancellation up to 7 days in advance,By MYTRIP Saudi Tours,https://www.tripadvisor.com/AttractionProductReview-g295419-d21136531-Jeddah_and_Taif_Route_2_days_trip-Jeddah_Makkah_Province.html,https://dynamic-media-cdn.tripadvisor.com/media/photo-o/1b/91/46/62/caption.jpg?w=500&h=400&s=1,Jeddah and Taif Route (2 days trip),40.,https://www.tripadvisor.com/Attraction_Review-g293995-d19804231-Reviews-MYTRIP_Saudi_Tours-Riyadh_Riyadh_Province.html,2 days,"Enjoy jeddah amidst beautiful memories and dreams jeddah wears an embroidered dress of pride and brilliance, And flirting…",Taking safety measures,Free cancellation,from,"$1,049.00",per adult,More info,Cable Car Tours
SPECIAL OFFER,Not sure? You can cancel this reservation up to 24 hours in advance for a full refund.,By Al-Harbi Transport for Umrah and Hajj,https://www.tripadvisor.com/AttractionProductReview-g295419-d23907820-Jeddah_Airport_to_King_Abdullah_Economic_City_Private_Arrival_Transfer-Jeddah_Makk.html,https://dynamic-media-cdn.tripadvisor.com/media/photo-o/22/24/45/42/caption.jpg?w=500&h=400&s=1,Jeddah Airport to King Abdullah Economic City: Private Arrival Transfer,41.,https://www.tripadvisor.com/Attraction_Review-g295419-d23258951-Reviews-Al_Harbi_Transport_for_Umrah_and_Hajj-Jeddah_Makkah_Province.html,1–2 hours,We provide reliable and safe private transfers services along with highly trained professional chauffeurs or drivers. Having…,Taking safety measures,Free cancellation,from,$131.72,per group,More info,
"Tour Highlights:

Original Desert Safari by Quad Bike in Jeddah and Bedouin - style camp in the sands.",Not sure? You can cancel this reservation up to 24 hours in advance for a full refund.,By Neom Tours,https://www.tripadvisor.com/AttractionProductReview-g295419-d14166897-Jeddah_Desert_Safari_Tour-Jeddah_Makkah_Province.html,https://dynamic-media-cdn.tripadvisor.com/media/photo-o/1c/87/45/46/caption.jpg?w=500&h=400&s=1,Jeddah Desert Safari Tour,42.,https://www.tripadvisor.com/Attraction_Review-g679581-d21508322-Reviews-Neom_Tours-Tabouk_Tabuk_Province.html,4–5 hours,,Taking safety measures,Free cancellation,from,$265.00,per adult,More info,Adventure Tours
,,By Neom Tours,https://www.tripadvisor.com/AttractionProductReview-g295419-d14928061-6_Days_Jeddah_Taif_Al_Baha_Abha_Tour-Jeddah_Makkah_Province.html,https://dynamic-media-cdn.tripadvisor.com/media/photo-o/1c/65/71/e0/caption.jpg?w=500&h=400&s=1,"6 Days Jeddah,Taif, Al Baha & Abha Tour",43.,https://www.tripadvisor.com/Attraction_Review-g679581-d21508322-Reviews-Neom_Tours-Tabouk_Tabuk_Province.html,3+ days,"This is a seven-day tour in Jeddah, Taif, Al Bahah, and Abha.

Your tour will start by visiting the Jeddah's historical …",Taking safety measures,,from,"$2,800.00",per adult,More info,Multi-day Tours
,Not sure? You can cancel this reservation up to 24 hours in advance for a full refund.,By Saudi Discovery,https://www.tripadvisor.com/AttractionProductReview-g295419-d23851148-4x4_Desert_Safari_with_Dinner_from_Jeddah-Jeddah_Makkah_Province.html,https://dynamic-media-cdn.tripadvisor.com/media/photo-o/21/e7/3f/02/caption.jpg?w=500&h=400&s=1,4x4 Desert Safari with Dinner from Jeddah,44.,https://www.tripadvisor.com/Attraction_Review-g293995-d23844054-Reviews-Saudi_Discovery-Riyadh_Riyadh_Province.html,5 hours,"Travel across the desert in a 4x4 vehicle. Photo stops in a dune drive a desert sunset, dune bashing, and much more. Not…",Taking safety measures,Free cancellation,from,$118.00,per adult,More info,Bus Tours
,Free Cancellation up to 7 days in advance,By MYTRIP Saudi Tours,https://www.tripadvisor.com/AttractionProductReview-g295419-d21136526-Jeddah_Trip_2_days_trip-Jeddah_Makkah_Province.html,https://dynamic-media-cdn.tripadvisor.com/media/photo-o/1b/91/46/5d/caption.jpg?w=500&h=400&s=1,Jeddah Trip (2 days trip),45.,https://www.tripadvisor.com/Attraction_Review-g293995-d19804231-Reviews-MYTRIP_Saudi_Tours-Riyadh_Riyadh_Province.html,2 days,"Enjoy jeddah amidst beautiful memories and dreams jeddah wears an embroidered dress of pride and brilliance, And flirting…",Taking safety measures,Free cancellation,from,$979.00,per adult,More info,Bus Tours
,Not sure? You can cancel this reservation up to 24 hours in advance for a full refund.,By Basma Transport & Tours,https://www.tripadvisor.com/AttractionProductReview-g295419-d20320800-Jeddah_Airport_to_Madinah_Hotel_Private_Transfer-Jeddah_Makkah_Province.html,https://dynamic-media-cdn.tripadvisor.com/media/photo-o/1b/27/c8/2e/caption.jpg?w=500&h=400&s=1,Jeddah Airport to Madinah Hotel Private Transfer,46.,https://www.tripadvisor.com/Attraction_Review-g295419-d20267044-Reviews-Basma_Transport_Tours-Jeddah_Makkah_Province.html,4 hours,"Ensure an easy arrival with Jeddah International Airport Arrival Transfer. Skip the headache, hassle, and expense of finding…",Taking safety measures,Free cancellation,from,$224.00,per group,More info,
,Not sure? You can cancel this reservation up to 24 hours in advance for a full refund.,"By PROFi DRIVER Jeddah, Saudi Arabia",https://www.tripadvisor.com/AttractionProductReview-g295419-d21137560-Jeddah_Airport_Transfers_King_Abdulaziz_Airport_JED_to_Jeddah_in_Luxury_Van-Jeddah.html,https://dynamic-media-cdn.tripadvisor.com/media/photo-o/1b/91/59/1b/caption.jpg?w=500&h=400&s=1,Jeddah Airport Transfers: King Abdulaziz Airport JED to Jeddah in Luxury Van,47.,https://www.tripadvisor.com/Attraction_Review-g295419-d21131820-Reviews-PROFi_DRIVER_Jeddah_Saudi_Arabia-Jeddah_Makkah_Province.html,30 minutes,"Your safety is our crew’s biggest priority. Before your journey even begins, your driver completely disinfects the vehicle…",Taking safety measures,Free cancellation,from,$82.02,per adult,More info,
,Not sure? You can cancel this reservation up to 24 hours in advance for a full refund.,By Basma Transport & Tours,https://www.tripadvisor.com/AttractionProductReview-g295419-d20320745-Jeddah_Airport_to_Makkah_Hotel_Private_Transfer-Jeddah_Makkah_Province.html,https://dynamic-media-cdn.tripadvisor.com/media/photo-o/1b/27/c7/e7/caption.jpg?w=500&h=400&s=1,Jeddah Airport to Makkah Hotel Private Transfer,48.,https://www.tripadvisor.com/Attraction_Review-g295419-d20267044-Reviews-Basma_Transport_Tours-Jeddah_Makkah_Province.html,2 hours,"Ensure an easy arrival with Jeddah International Airport Arrival Transfer. Skip the headache, hassle, and expense of finding…",Taking safety measures,Free cancellation,from,$108.00,per group,More info,
,Not sure? You can cancel this reservation up to 24 hours in advance for a full refund.,"By PROFi DRIVER Jeddah, Saudi Arabia",https://www.tripadvisor.com/AttractionProductReview-g295419-d21137559-Jeddah_Airport_Transfers_Jeddah_to_King_Abdulaziz_Airport_JED_in_Business_Car-Jedd.html,https://dynamic-media-cdn.tripadvisor.com/media/photo-o/1b/91/59/1a/caption.jpg?w=500&h=400&s=1,Jeddah Airport Transfers: Jeddah to King Abdulaziz Airport JED in Business Car,49.,https://www.tripadvisor.com/Attraction_Review-g295419-d21131820-Reviews-PROFi_DRIVER_Jeddah_Saudi_Arabia-Jeddah_Makkah_Province.html,30 minutes,"Your safety is our crew’s biggest priority. Before your journey even begins, your chauffeur completely disinfects the vehicle…",Taking safety measures,Free cancellation,from,$79.20,per adult,More info,
,Not sure? You can cancel this reservation up to 24 hours in advance for a full refund.,"By PROFi DRIVER Jeddah, Saudi Arabia",https://www.tripadvisor.com/AttractionProductReview-g295419-d21137571-Arrival_Private_Transfers_King_Abdulaziz_Airport_JED_to_Jeddah_in_Luxury_SUV-Jedda.html,https://dynamic-media-cdn.tripadvisor.com/media/photo-o/1b/91/59/2a/caption.jpg?w=500&h=400&s=1,Arrival Private Transfers: King Abdulaziz Airport JED to Jeddah in Luxury SUV,50.,https://www.tripadvisor.com/Attraction_Review-g295419-d21131820-Reviews-PROFi_DRIVER_Jeddah_Saudi_Arabia-Jeddah_Makkah_Province.html,30 minutes,"Your safety is our crew’s biggest priority. Before your journey even begins, your driver completely disinfects the vehicle…",Taking safety measures,Free cancellation,from,$84.85,per adult,More info,
,Not sure? You can cancel this reservation up to 24 hours in advance for a full refund.,By Basma Transport & Tours,https://www.tripadvisor.com/AttractionProductReview-g295419-d20321910-Combo_Umrah_Holly_Places_Transfer_JED_Airport_MED_MAK_JED_Airport-Jeddah_Makkah_Pr.html,https://dynamic-media-cdn.tripadvisor.com/media/photo-o/1b/27/cd/fb/caption.jpg?w=500&h=400&s=1,Combo Umrah & Holly Places Transfer (JED Airport-MED-MAK-JED Airport),51.,https://www.tripadvisor.com/Attraction_Review-g295419-d20267044-Reviews-Basma_Transport_Tours-Jeddah_Makkah_Province.html,5–30 days,"Now enjoy your own private customize Umrah trip. Full combo pack of all ground transfers, sightseeing and Makkah / Madinah…",Taking safety measures,Free cancellation,from,$560.00,per group,More info,
,Not sure? You can cancel this reservation up to 24 hours in advance for a full refund.,,https://www.tripadvisor.com/AttractionProductReview-g295419-d20231287-Combo_Umrah_Pack_JED_Airport_Mak_Med_Med_Airport_With_Mak_Med_Holy_Places-Jeddah_M.html,https://dynamic-media-cdn.tripadvisor.com/media/photo-o/1b/06/3d/c1/caption.jpg?w=500&h=400&s=1,Combo Umrah Pack (JED Airport -Mak-Med-Med Airport With Mak & Med Holy Places,52.,,5–30 days,"Now enjoy your own customize Umrah trip. Full combo pack of all transfers, sightseeing and Makkah Madinah Holy Places as…",Taking safety measures,Free cancellation,from,$427.00,per group,More info,
,Not sure? You can cancel this reservation up to 24 hours in advance for a full refund.,,https://www.tripadvisor.com/AttractionProductReview-g295419-d19347323-Jeddah_City_Hotel_To_Madinah_Hotel_Transfer-Jeddah_Makkah_Province.html,https://dynamic-media-cdn.tripadvisor.com/media/photo-o/1a/a7/e0/37/caption.jpg?w=500&h=400&s=1,Jeddah City Hotel To Madinah Hotel Transfer,53.,,4 hours,Start your trip to Madinah the right way with a reliable and affordable private transfer from Jeddah City to your hotel …,Taking safety measures,Free cancellation,from,$229.00,per group,More info,
,Not sure? You can cancel this reservation up to 24 hours in advance for a full refund.,By Airport Transfers in Saudi Arabia,https://www.tripadvisor.com/AttractionProductReview-g295419-d21163500-Private_Transfer_from_Rey_Abdulaziz_JED_Airport_to_Jeddah-Jeddah_Makkah_Province.html,https://dynamic-media-cdn.tripadvisor.com/media/photo-o/1b/9d/0c/2f/caption.jpg?w=500&h=400&s=1,Private Transfer from Rey Abdulaziz (JED) Airport to Jeddah,54.,https://www.tripadvisor.com/Attraction_Review-g295419-d21153680-Reviews-Airport_Transfers_in_Saudi_Arabia-Jeddah_Makkah_Province.html,45 minutes,Take the worry out of your arrival to Rey Abdulaziz (JED) Airport and pre-book a private transfer to suit your group size…,Taking safety measures,Free cancellation,from,$75.80,per group,More info,
,Not sure? You can cancel this reservation up to 24 hours in advance for a full refund.,By MYTRIP Saudi Tours,https://www.tripadvisor.com/AttractionProductReview-g295419-d21162183-Jeddah_Trip_one_day_trip-Jeddah_Makkah_Province.html,https://dynamic-media-cdn.tripadvisor.com/media/photo-o/1b/9c/f3/8f/caption.jpg?w=500&h=400&s=1,Jeddah Trip (one day trip),55.,https://www.tripadvisor.com/Attraction_Review-g293995-d19804231-Reviews-MYTRIP_Saudi_Tours-Riyadh_Riyadh_Province.html,12–14 hours,Enjoy Jeddah amidst beautiful memories and dreams Jeddah wears an embroidered dress of pride and brilliance And flirting…,Taking safety measures,Free cancellation,from,$479.00,per adult,More info,Bus Tours
,Not sure? You can cancel this reservation up to 24 hours in advance for a full refund.,By Saudi Discovery,https://www.tripadvisor.com/AttractionProductReview-g295419-d23854474-Dining_in_Jeddah_at_Al_Nakheel_Restaurant-Jeddah_Makkah_Province.html,https://dynamic-media-cdn.tripadvisor.com/media/photo-o/21/eb/0f/6c/caption.jpg?w=500&h=400&s=1,Dining in Jeddah at Al Nakheel Restaurant,56.,https://www.tripadvisor.com/Attraction_Review-g293995-d23844054-Reviews-Saudi_Discovery-Riyadh_Riyadh_Province.html,4 hours,"One of Jeddah's oldest and most well-known venus is located along the corniche overlooking the RED SEA.

Experience / Highlights…",Taking safety measures,Free cancellation,from,$109.00,per adult,More info,Bus Tours
,Not sure? You can cancel this reservation up to 24 hours in advance for a full refund.,"By PROFi DRIVER Jeddah, Saudi Arabia",https://www.tripadvisor.com/AttractionProductReview-g295419-d21137565-Jeddah_Airport_Transfers_Jeddah_to_King_Abdulaziz_Airport_JED_in_Luxury_SUV-Jeddah.html,https://dynamic-media-cdn.tripadvisor.com/media/photo-o/1b/91/59/23/caption.jpg?w=500&h=400&s=1,Jeddah Airport Transfers: Jeddah to King Abdulaziz Airport JED in Luxury SUV,57.,https://www.tripadvisor.com/Attraction_Review-g295419-d21131820-Reviews-PROFi_DRIVER_Jeddah_Saudi_Arabia-Jeddah_Makkah_Province.html,30 minutes,"Your safety is our crew’s biggest priority. Before your journey even begins, your chauffeur completely disinfects the vehicle…",Taking safety measures,Free cancellation,from,$84.85,per adult,More info,
,Free Cancellation up to 7 days in advance,By MYTRIP Saudi Tours,https://www.tripadvisor.com/AttractionProductReview-g295419-d21136542-Jeddah_King_Abdullah_Economic_City_2_days_trip-Jeddah_Makkah_Province.html,https://dynamic-media-cdn.tripadvisor.com/media/photo-o/1b/91/46/6f/caption.jpg?w=500&h=400&s=1,Jeddah – King Abdullah Economic City (2 days trip),58.,https://www.tripadvisor.com/Attraction_Review-g293995-d19804231-Reviews-MYTRIP_Saudi_Tours-Riyadh_Riyadh_Province.html,2 days,"Enjoy jeddah amidst beautiful memories and dreams jeddah wears an embroidered dress of pride and brilliance, And flirting…",Taking safety measures,Free cancellation,from,$999.00,per adult,More info,Bus Tours
,Not sure? You can cancel this reservation up to 24 hours in advance for a full refund.,,https://www.tripadvisor.com/AttractionProductReview-g295419-d19347319-Jeddah_Airport_To_Makkah_Hotel_Arrival_Transfer-Jeddah_Makkah_Province.html,https://dynamic-media-cdn.tripadvisor.com/media/photo-o/1a/a7/e0/2e/caption.jpg?w=500&h=400&s=1,Jeddah Airport To Makkah Hotel : Arrival Transfer,59.,,1–2 hours,"• Reliable and Affordable Private Transfer to Makkah.

• All our Drivers are expert Knowledge of Jeddah and the Surrounding…",Taking safety measures,Free cancellation,from,$110.00,per group,More info,
,Not sure? You can cancel this reservation up to 24 hours in advance for a full refund.,"By PROFi DRIVER Jeddah, Saudi Arabia",https://www.tripadvisor.com/AttractionProductReview-g295419-d21137570-Departure_Private_Transfers_Jeddah_to_King_Abdulaziz_Airport_JED_in_Luxury_Van-Jed.html,https://dynamic-media-cdn.tripadvisor.com/media/photo-o/1b/91/59/29/caption.jpg?w=500&h=400&s=1,Departure Private Transfers: Jeddah to King Abdulaziz Airport JED in Luxury Van,60.,https://www.tripadvisor.com/Attraction_Review-g295419-d21131820-Reviews-PROFi_DRIVER_Jeddah_Saudi_Arabia-Jeddah_Makkah_Province.html,30 minutes,"Your safety is our crew’s biggest priority. Before your journey even begins, your chauffeur completely disinfects the vehicle…",Taking safety measures,Free cancellation,from,$82.02,per adult,More info,
3,,,,,,,,1,,,2,,,,,