WlYyy,cctrW,iPqaD,iPqaD href,FmrIP href,dugSS src,bUshh,cIVmB,iPqaD href 2,WlYyy 2,WlYyy 3,ySnDE,WlYyy 4,WlYyy 5,cctrW 2,ccVGl,WlYyy 6,ccVGl 2,WlYyy 7,dXxty
586 places sorted by traveler favorites,"Tours, activities and experiences bookable on Tripadvisor, ranked using exclusive Tripadvisor data including reviews, ratings, photos, popularity, user preferences, price, and bookings made through Tripadvisor.",Clear all filters,https://www.tripadvisor.com/ClientLink?value=dWhSXy9BdHRyYWN0aW9ucy1nMjU1MDYwLUFjdGl2aXRpZXMtYV9hbGxBdHRyYWN0aW9ucy50cnVlLVN5ZG5leV9OZXdfU291dGhfV2FsZXMuaHRtbF9majI%3D,,,,,,,,,,,,,,,,
35,Not sure? You can cancel this reservation up to 24 hours in advance for a full refund.,By Journey Beyond Cruise Sydney,https://www.tripadvisor.com/AttractionProductReview-g255060-d19985317-Journey_Beyond_Cruise_Sydney_Harbour_All_inclusive_Lunch_Cruise-Sydney_New_South_W.html#REVIEWS,https://www.tripadvisor.com/AttractionProductReview-g255060-d19985317-Journey_Beyond_Cruise_Sydney_Harbour_All_inclusive_Lunch_Cruise-Sydney_New_South_W.html,https://dynamic-media-cdn.tripadvisor.com/media/photo-o/1a/f0/69/20/caption.jpg?w=500&h=400&s=1,Journey Beyond Cruise Sydney Harbour - All inclusive Lunch Cruise,1.,https://www.tripadvisor.com/Attraction_Review-g255060-d19930716-Reviews-Journey_Beyond_Cruise_Sydney-Sydney_New_South_Wales.html,Full-day Tours,2–3 hours,Step on board and begin your Sydney Harbour adventure. Our modern 78ft vessel is designed to feel luxurious and super comfortable…,Free cancellation,100% of travelers recommend this experience,This number is based on the percentage of all Tripadvisor reviews for this product that have a bubble rating of 4 or higher,from,$93.01,per adult,More info,
93,Not sure? You can cancel this reservation up to 24 hours in advance for a full refund.,By FJ Tours - Day Tours,https://www.tripadvisor.com/AttractionProductReview-g255060-d11456299-Blue_Mountains_Day_Trip_from_Sydney_Including_Scenic_World-Sydney_New_South_Wales.html#REVIEWS,https://www.tripadvisor.com/AttractionProductReview-g255060-d11456299-Blue_Mountains_Day_Trip_from_Sydney_Including_Scenic_World-Sydney_New_South_Wales.html,https://dynamic-media-cdn.tripadvisor.com/media/photo-o/1c/66/02/bc/caption.jpg?w=500&h=400&s=1,Blue Mountains Day Trip from Sydney Including Scenic World,2.,https://www.tripadvisor.com/Attraction_Review-g255060-d556307-Reviews-FJ_Tours_Day_Tours-Sydney_New_South_Wales.html,Bus Tours,6+ hours,Explore the beautiful Blue Mountains on a day trip from Sydney. Start your day with a visit to Featherdale Wildlife Park…,Free cancellation,,,from,$117.18,per adult,More info,Taking safety measures
3,Not sure? You can cancel this reservation up to 24 hours in advance for a full refund.,By Opera Australia,https://www.tripadvisor.com/AttractionProductReview-g255060-d11478621-Opera_on_Sydney_Harbour_The_Phantom_of_the_Opera-Sydney_New_South_Wales.html#REVIEWS,https://www.tripadvisor.com/AttractionProductReview-g255060-d11478621-Opera_on_Sydney_Harbour_The_Phantom_of_the_Opera-Sydney_New_South_Wales.html,https://dynamic-media-cdn.tripadvisor.com/media/photo-o/21/55/15/88/caption.jpg?w=500&h=400&s=1,Opera on Sydney Harbour: The Phantom of the Opera,3.,https://www.tripadvisor.com/Attraction_Review-g255060-d607639-Reviews-Opera_Australia-Sydney_New_South_Wales.html,Theaters,2–3 hours,Experience the phenomenon of the longest-running show in musical history as it comes to the Handa Opera on Sydney Harbour…,Free cancellation,,,from,$72.50,per adult,More info,Taking safety measures
118,Not sure? You can cancel this reservation up to 24 hours in advance for a full refund.,By FJ Tours - Day Tours,https://www.tripadvisor.com/AttractionProductReview-g255060-d12918061-All_Inclusive_Full_Day_Blue_Mountains_Trip_from_Sydney-Sydney_New_South_Wales.html#REVIEWS,https://www.tripadvisor.com/AttractionProductReview-g255060-d12918061-All_Inclusive_Full_Day_Blue_Mountains_Trip_from_Sydney-Sydney_New_South_Wales.html,https://dynamic-media-cdn.tripadvisor.com/media/photo-o/1a/5e/2b/9b/caption.jpg?w=500&h=400&s=1,All Inclusive Full-Day Blue Mountains Trip from Sydney,4.,https://www.tripadvisor.com/Attraction_Review-g255060-d556307-Reviews-FJ_Tours_Day_Tours-Sydney_New_South_Wales.html,Full-day Tours,6+ hours,Explore the beautiful Blue Mountains on a day trip from Sydney. Start your day with a visit to Featherdale Wildlife Park…,Free cancellation,93% of travelers recommend this experience,This number is based on the percentage of all Tripadvisor reviews for this product that have a bubble rating of 4 or higher,from,$135.48,per adult,More info,
52,Free Cancellation up to 3 days in advance,By Sydney Helitours,https://www.tripadvisor.com/AttractionProductReview-g255060-d11448742-Sydney_Harbour_Tour_by_Helicopter-Sydney_New_South_Wales.html#REVIEWS,https://www.tripadvisor.com/AttractionProductReview-g255060-d11448742-Sydney_Harbour_Tour_by_Helicopter-Sydney_New_South_Wales.html,https://dynamic-media-cdn.tripadvisor.com/media/photo-o/1b/5e/79/4c/caption.jpg?w=500&h=400&s=1,Sydney Harbour Tour by Helicopter,5.,https://www.tripadvisor.com/Attraction_Review-g255060-d1860710-Reviews-Sydney_Helitours-Sydney_New_South_Wales.html,Helicopter Tours,2 hours,Fly over beautiful Sydney Harbour by helicopter for a bird's-eye view of Sydney. Your expert pilot will provide informative…,Free cancellation,90% of travelers recommend this experience,This number is based on the percentage of all Tripadvisor reviews for this product that have a bubble rating of 4 or higher,from,$174.18,per adult,More info,
7,Not sure? You can cancel this reservation up to 24 hours in advance for a full refund.,By Sydney Seaplanes,https://www.tripadvisor.com/AttractionProductReview-g552113-d11449131-Lunch_at_Cottage_Point_Inn_by_Seaplane_from_Sydney-Rose_Bay_Greater_Sydney_New_Sou.html#REVIEWS,https://www.tripadvisor.com/AttractionProductReview-g552113-d11449131-Lunch_at_Cottage_Point_Inn_by_Seaplane_from_Sydney-Rose_Bay_Greater_Sydney_New_Sou.html,https://dynamic-media-cdn.tripadvisor.com/media/photo-o/1a/57/aa/69/caption.jpg?w=500&h=400&s=1,Lunch at Cottage Point Inn by Seaplane from Sydney,6.,https://www.tripadvisor.com/Attraction_Review-g552113-d556205-Reviews-Sydney_Seaplanes-Rose_Bay_Greater_Sydney_New_South_Wales.html,City Tours,4 hours,Catch a Sydney Seaplane and fly to Cottage Point Inn for lunch. Perched on the water's edge in the heart of the Ku-ring-…,Free cancellation,,,from,$424.76,per adult,More info,Taking safety measures
18,Not sure? You can cancel this reservation up to 24 hours in advance for a full refund.,By Wildlife Tours Australia,https://www.tripadvisor.com/AttractionProductReview-g255060-d13225251-Hunter_Valley_Wine_Tour_from_Sydney_with_Lunch_and_3_Cellar_Door_Tastings-Sydney_N.html#REVIEWS,https://www.tripadvisor.com/AttractionProductReview-g255060-d13225251-Hunter_Valley_Wine_Tour_from_Sydney_with_Lunch_and_3_Cellar_Door_Tastings-Sydney_N.html,https://dynamic-media-cdn.tripadvisor.com/media/photo-o/1a/60/93/42/caption.jpg?w=500&h=400&s=1,Hunter Valley Wine Tour from Sydney with Lunch and 3 Cellar Door Tastings,7.,https://www.tripadvisor.com/Attraction_Review-g255060-d13544184-Reviews-Wildlife_Tours_Australia-Sydney_New_South_Wales.html,Bus Tours,6+ hours,INDULGE YOUR SENSES TO ONE OF AUSTRALIA'S MOST FAMOUS WINE REGION..... As we travel around the Hunter Valley on this interactive…,Free cancellation,94% of travelers recommend this experience,This number is based on the percentage of all Tripadvisor reviews for this product that have a bubble rating of 4 or higher,from,$128.16,per adult,More info,
22,Not sure? You can cancel this reservation up to 24 hours in advance for a full refund.,By Journey Beyond Cruise Sydney,https://www.tripadvisor.com/AttractionProductReview-g255060-d19985318-Journey_Beyond_Cruise_Sydney_Harbour_All_inclusive_Dinner_Cruise-Sydney_New_South_.html#REVIEWS,https://www.tripadvisor.com/AttractionProductReview-g255060-d19985318-Journey_Beyond_Cruise_Sydney_Harbour_All_inclusive_Dinner_Cruise-Sydney_New_South_.html,https://dynamic-media-cdn.tripadvisor.com/media/photo-o/1a/ef/f6/4a/caption.jpg?w=500&h=400&s=1,Journey Beyond Cruise Sydney Harbour - All inclusive Dinner Cruise,8.,https://www.tripadvisor.com/Attraction_Review-g255060-d19930716-Reviews-Journey_Beyond_Cruise_Sydney-Sydney_New_South_Wales.html,Coffee Cruises,3 hours,Experience one of the world's most iconic destinations in style. Cruise around the beautiful Sydney Harbour and enjoy a …,Free cancellation,95% of travelers recommend this experience,This number is based on the percentage of all Tripadvisor reviews for this product that have a bubble rating of 4 or higher,from,$133.29,per adult,More info,
23,Not sure? You can cancel this reservation up to 24 hours in advance for a full refund.,By Captain Cook Cruises,https://www.tripadvisor.com/AttractionProductReview-g255060-d11448923-Sydney_Harbour_Sunset_Dinner_Cruise-Sydney_New_South_Wales.html#REVIEWS,https://www.tripadvisor.com/AttractionProductReview-g255060-d11448923-Sydney_Harbour_Sunset_Dinner_Cruise-Sydney_New_South_Wales.html,https://dynamic-media-cdn.tripadvisor.com/media/photo-o/1c/29/d7/8a/caption.jpg?w=500&h=400&s=1,Sydney Harbour Sunset Dinner Cruise,9.,https://www.tripadvisor.com/Attraction_Review-g255060-d259699-Reviews-Captain_Cook_Cruises-Sydney_New_South_Wales.html,,2 hours,"Cruise Sydney Harbour and watch Sydney light up on an early-dinner sunset cruise aboard MV Sydney 2000, the most prestigious…",Free cancellation,,,from,$72.50,per adult,More info,Taking safety measures
105,Not sure? You can cancel this reservation up to 24 hours in advance for a full refund.,By Blue Ribbon Day Tours - Blue Mountain Tours,https://www.tripadvisor.com/AttractionProductReview-g255060-d14888206-Blue_Mountains_PRIVATE_Day_Tour_from_Sydney_with_Wildlife_Park_and_River_Cruise-Sy.html#REVIEWS,https://www.tripadvisor.com/AttractionProductReview-g255060-d14888206-Blue_Mountains_PRIVATE_Day_Tour_from_Sydney_with_Wildlife_Park_and_River_Cruise-Sy.html,https://dynamic-media-cdn.tripadvisor.com/media/photo-o/1c/5e/28/c6/caption.jpg?w=500&h=400&s=1,Blue Mountains PRIVATE Day Tour from Sydney with Wildlife Park and River Cruise,10.,https://www.tripadvisor.com/Attraction_Review-g255060-d4294615-Reviews-Blue_Ribbon_Day_Tours_Blue_Mountain_Tours-Sydney_New_South_Wales.html,Bus Tours,6+ hours,Convenient city hotel pick up in our new SUV your PRIVATE fully guided tour to the Blue Mountains World Heritage national…,Free cancellation,98% of travelers recommend this experience,This number is based on the percentage of all Tripadvisor reviews for this product that have a bubble rating of 4 or higher,from,$175.76,per adult,More info,
26,Not sure? You can cancel this reservation up to 24 hours in advance for a full refund.,By Trippas White Group,https://www.tripadvisor.com/AttractionProductReview-g255060-d12463302-Infinity_at_Sydney_Tower-Sydney_New_South_Wales.html#REVIEWS,https://www.tripadvisor.com/AttractionProductReview-g255060-d12463302-Infinity_at_Sydney_Tower-Sydney_New_South_Wales.html,https://dynamic-media-cdn.tripadvisor.com/media/photo-o/1a/7b/e1/42/caption.jpg?w=500&h=400&s=1,Infinity at Sydney Tower,11.,https://www.tripadvisor.com/Attraction_Review-g255060-d16740441-Reviews-Trippas_White_Group-Sydney_New_South_Wales.html,,2 hours,"Enjoy an elegant meal while overlooking the stunning Sydney skyline at Infinity Sydney Tower, soaring 88 stories above the…",Free cancellation,,,from,$54.93,per adult,More info,Taking safety measures
41,Not sure? You can cancel this reservation up to 24 hours in advance for a full refund.,By Blue Ribbon Day Tours - Blue Mountain Tours,https://www.tripadvisor.com/AttractionProductReview-g255060-d14861625-PRIVATE_All_Day_Blue_Mountains_Tour_with_Professional_Guide_for_Up_to_4_People-Syd.html#REVIEWS,https://www.tripadvisor.com/AttractionProductReview-g255060-d14861625-PRIVATE_All_Day_Blue_Mountains_Tour_with_Professional_Guide_for_Up_to_4_People-Syd.html,https://dynamic-media-cdn.tripadvisor.com/media/photo-o/1c/5e/28/d0/caption.jpg?w=500&h=400&s=1,PRIVATE All-Day Blue Mountains Tour with Professional Guide for Up to 4 People,12.,https://www.tripadvisor.com/Attraction_Review-g255060-d4294615-Reviews-Blue_Ribbon_Day_Tours_Blue_Mountain_Tours-Sydney_New_South_Wales.html,Bus Tours,6+ hours,This full day PRIVATE tour of the World Heritage Blue Mountains is with a fully professional guide with over 30 years experience…,Free cancellation,97% of travelers recommend this experience,This number is based on the percentage of all Tripadvisor reviews for this product that have a bubble rating of 4 or higher,from,$549.26,per group,More info,
"1,756",Not sure? You can cancel this reservation up to 24 hours in advance for a full refund.,By Anderson's Tours,https://www.tripadvisor.com/AttractionProductReview-g255060-d11467795-All_Inclusive_Blue_Mountains_Small_Group_Day_Trip_from_Sydney-Sydney_New_South_Wal.html#REVIEWS,https://www.tripadvisor.com/AttractionProductReview-g255060-d11467795-All_Inclusive_Blue_Mountains_Small_Group_Day_Trip_from_Sydney-Sydney_New_South_Wal.html,https://dynamic-media-cdn.tripadvisor.com/media/photo-o/1a/64/7f/32/caption.jpg?w=500&h=400&s=1,All Inclusive Blue Mountains Small-Group Day Trip from Sydney,13.,https://www.tripadvisor.com/Attraction_Review-g255060-d1573194-Reviews-Anderson_s_Tours-Sydney_New_South_Wales.html,Bus Tours,6+ hours,See all that the majestic World Heritage-listed Blue Mountains are famous for! Enjoy our tour the #1 rated experience on…,Free cancellation,96% of travelers recommend this experience,This number is based on the percentage of all Tripadvisor reviews for this product that have a bubble rating of 4 or higher,from,$106.19,per adult,More info,
136,Not sure? You can cancel this reservation up to 24 hours in advance for a full refund.,By Dave's Pub Walks,https://www.tripadvisor.com/AttractionProductReview-g255060-d11474396-The_Rocks_Pub_Walking_Tour-Sydney_New_South_Wales.html#REVIEWS,https://www.tripadvisor.com/AttractionProductReview-g255060-d11474396-The_Rocks_Pub_Walking_Tour-Sydney_New_South_Wales.html,https://dynamic-media-cdn.tripadvisor.com/media/photo-o/1a/d2/80/79/caption.jpg?w=500&h=400&s=1,The Rocks Pub Walking Tour,14.,https://www.tripadvisor.com/Attraction_Review-g255060-d9460050-Reviews-Dave_s_Pub_Walks-Sydney_New_South_Wales.html,Walking Tours,2–3 hours,Drink In History and explore Sydney's most historic settlement on The Rocks Pub Walk. This 2.5 hour small group historical…,Free cancellation,99% of travelers recommend this experience,This number is based on the percentage of all Tripadvisor reviews for this product that have a bubble rating of 4 or higher,from,$76.90,per adult,More info,
361,Not sure? You can cancel this reservation up to 24 hours in advance for a full refund.,By Sydney Opera House,https://www.tripadvisor.com/AttractionProductReview-g255060-d11447451-Sydney_Opera_House_Official_Guided_Walking_Tour-Sydney_New_South_Wales.html#REVIEWS,https://www.tripadvisor.com/AttractionProductReview-g255060-d11447451-Sydney_Opera_House_Official_Guided_Walking_Tour-Sydney_New_South_Wales.html,https://dynamic-media-cdn.tripadvisor.com/media/photo-o/1c/03/0e/5a/caption.jpg?w=500&h=400&s=1,Sydney Opera House Official Guided Walking Tour,15.,https://www.tripadvisor.com/Attraction_Review-g255060-d257278-Reviews-Sydney_Opera_House-Sydney_New_South_Wales.html,Monuments and Memorials,1 hour,There is so much to discover just by coming inside on our Sydney Opera House Tour. Walk the halls and foyer spaces and learn…,Free cancellation,91% of travelers recommend this experience,This number is based on the percentage of all Tripadvisor reviews for this product that have a bubble rating of 4 or higher,from,$31.49,per adult,More info,
21,Not sure? You can cancel this reservation up to 24 hours in advance for a full refund.,By Blue Ribbon Day Tours - Blue Mountain Tours,https://www.tripadvisor.com/AttractionProductReview-g255060-d14861626-Blue_Mountains_PRIVATE_Tour_with_Wildlife_Park_and_River_Cruise-Sydney_New_South_W.html#REVIEWS,https://www.tripadvisor.com/AttractionProductReview-g255060-d14861626-Blue_Mountains_PRIVATE_Tour_with_Wildlife_Park_and_River_Cruise-Sydney_New_South_W.html,https://dynamic-media-cdn.tripadvisor.com/media/photo-o/1d/02/61/67/caption.jpg?w=500&h=400&s=1,Blue Mountains PRIVATE Tour with Wildlife Park and River Cruise,16.,https://www.tripadvisor.com/Attraction_Review-g255060-d4294615-Reviews-Blue_Ribbon_Day_Tours_Blue_Mountain_Tours-Sydney_New_South_Wales.html,Bus Tours,6+ hours,"Your own PRIVATE day tour with a professional  guide to the Blue Mountains. 

Your guide is a local who has over 30 years…",Free cancellation,100% of travelers recommend this experience,This number is based on the percentage of all Tripadvisor reviews for this product that have a bubble rating of 4 or higher,from,$248.26,per adult,More info,
6,Not sure? You can cancel this reservation up to 24 hours in advance for a full refund.,By Captain Cook Cruises,https://www.tripadvisor.com/AttractionProductReview-g255060-d11448915-Sydney_Harbour_Gold_Penfolds_Dinner_Cruise-Sydney_New_South_Wales.html#REVIEWS,https://www.tripadvisor.com/AttractionProductReview-g255060-d11448915-Sydney_Harbour_Gold_Penfolds_Dinner_Cruise-Sydney_New_South_Wales.html,https://dynamic-media-cdn.tripadvisor.com/media/photo-o/1c/25/53/94/caption.jpg?w=500&h=400&s=1,Sydney Harbour Gold Penfolds Dinner Cruise,17.,https://www.tripadvisor.com/Attraction_Review-g255060-d259699-Reviews-Captain_Cook_Cruises-Sydney_New_South_Wales.html,Night Cruises,2 hours,Treat yourself to a premium dining experience on Sydney Harbour. Cruise in luxury while dining on a six-course degustation…,Free cancellation,,,from,$189.68,per adult,More info,Taking safety measures
338,Not sure? You can cancel this reservation up to 24 hours in advance for a full refund.,By Big Bus Sydney,https://www.tripadvisor.com/AttractionProductReview-g255060-d11450389-Big_Bus_Sydney_and_Bondi_Hop_on_Hop_off_Tour-Sydney_New_South_Wales.html#REVIEWS,https://www.tripadvisor.com/AttractionProductReview-g255060-d11450389-Big_Bus_Sydney_and_Bondi_Hop_on_Hop_off_Tour-Sydney_New_South_Wales.html,https://dynamic-media-cdn.tripadvisor.com/media/photo-o/1a/5b/42/f3/caption.jpg?w=500&h=400&s=1,Big Bus Sydney and Bondi Hop-on Hop-off Tour,18.,https://www.tripadvisor.com/Attraction_Review-g255060-d12572428-Reviews-Big_Bus_Sydney-Sydney_New_South_Wales.html,Bus Tours,1–2 hours,"Explore Sydney and Bondi Beach on this hop-on hop-off sightseeing tour, which takes you by double-decker bus to 34 stops…",Free cancellation,,,from,$36.14,per adult,More info,Taking safety measures
232,Not sure? You can cancel this reservation up to 24 hours in advance for a full refund.,By Gourmet Getaway Tours,https://www.tripadvisor.com/AttractionProductReview-g255060-d11458687-Day_Trip_with_Chef_Led_Hunter_Valley_Gourmet_Food_and_Wine_from_Sydney-Sydney_New_.html#REVIEWS,https://www.tripadvisor.com/AttractionProductReview-g255060-d11458687-Day_Trip_with_Chef_Led_Hunter_Valley_Gourmet_Food_and_Wine_from_Sydney-Sydney_New_.html,https://dynamic-media-cdn.tripadvisor.com/media/photo-o/1a/53/de/31/caption.jpg?w=500&h=400&s=1,Day Trip with Chef-Led Hunter Valley Gourmet Food and Wine from Sydney,19.,https://www.tripadvisor.com/Attraction_Review-g255060-d7171789-Reviews-Gourmet_Getaway_Tours-Sydney_New_South_Wales.html,Bus Tours,6+ hours,"Wine tours are nothing without the perfect surroundings in which to indulge. Nestled inland from Newcastle, the Hunter Valley…",Free cancellation,100% of travelers recommend this experience,This number is based on the percentage of all Tripadvisor reviews for this product that have a bubble rating of 4 or higher,from,$152.17,per adult,More info,
7,Not sure? You can cancel this reservation up to 24 hours in advance for a full refund.,By Fly Australia Charter,https://www.tripadvisor.com/AttractionProductReview-g255060-d17716890-Blue_Mountains_Scenic_Flight-Sydney_New_South_Wales.html#REVIEWS,https://www.tripadvisor.com/AttractionProductReview-g255060-d17716890-Blue_Mountains_Scenic_Flight-Sydney_New_South_Wales.html,https://dynamic-media-cdn.tripadvisor.com/media/photo-o/1b/4d/c1/24/caption.jpg?w=500&h=400&s=1,Blue Mountains Scenic Flight,20.,https://www.tripadvisor.com/Attraction_Review-g255060-d13982478-Reviews-Fly_Australia_Charter-Sydney_New_South_Wales.html,Private and Luxury,1 hour,"Discover the Blue Mountains National Park by air on board a scenic flight light aircraft, an experience to be remembered…",Free cancellation,,,from,$145.74,per adult,More info,Taking safety measures
61,Not sure? You can cancel this reservation up to 24 hours in advance for a full refund.,By Sea Life Sydney Aquarium,https://www.tripadvisor.com/AttractionProductReview-g255060-d12086321-Sydney_Attractions_Pass_SEA_LIFE_Aquarium_Sydney_Tower_Eye_WILD_LIFE_Zoo_and_Madam.html#REVIEWS,https://www.tripadvisor.com/AttractionProductReview-g255060-d12086321-Sydney_Attractions_Pass_SEA_LIFE_Aquarium_Sydney_Tower_Eye_WILD_LIFE_Zoo_and_Madam.html,https://dynamic-media-cdn.tripadvisor.com/media/photo-o/1d/92/a8/38/caption.jpg?w=500&h=400&s=1,"Sydney Attractions Pass: SEA LIFE Aquarium, Sydney Tower Eye, WILD LIFE Zoo and Madame Tussauds",21.,https://www.tripadvisor.com/Attraction_Review-g255060-d256853-Reviews-Sea_Life_Sydney_Aquarium-Sydney_New_South_Wales.html,Sightseeing Passes,3+ days,"Visit your choice of two, three or four of Sydney’s most popular attractions at your own pace with this Sydney combo pass…",Free cancellation,,,from,$41.74,per adult,More info,Taking safety measures
62,,By Sydney Harbour Tall Ships,https://www.tripadvisor.com/AttractionProductReview-g255060-d11450553-Sydney_Harbour_Tall_Ship_Afternoon_Discovery_Cruise-Sydney_New_South_Wales.html#REVIEWS,https://www.tripadvisor.com/AttractionProductReview-g255060-d11450553-Sydney_Harbour_Tall_Ship_Afternoon_Discovery_Cruise-Sydney_New_South_Wales.html,https://dynamic-media-cdn.tripadvisor.com/media/photo-o/1a/ef/44/69/caption.jpg?w=500&h=400&s=1,Sydney Harbour Tall Ship Afternoon Discovery Cruise,22.,https://www.tripadvisor.com/Attraction_Review-g255060-d1420815-Reviews-Sydney_Harbour_Tall_Ships-Sydney_New_South_Wales.html,Sailing,1–2 hours,Board one of our traditional tall ships Southern Swan or the impressive Soren Larsen and discover the sights and sounds …,,93% of travelers recommend this experience,This number is based on the percentage of all Tripadvisor reviews for this product that have a bubble rating of 4 or higher,from,$35.88,per adult,More info,Taking safety measures
60,Not sure? You can cancel this reservation up to 24 hours in advance for a full refund.,By Activity Tours Australia,https://www.tripadvisor.com/AttractionProductReview-g255060-d11452014-Small_Group_Hunter_Valley_Wine_and_Cheese_Tasting_Tour_from_Sydney-Sydney_New_Sout.html#REVIEWS,https://www.tripadvisor.com/AttractionProductReview-g255060-d11452014-Small_Group_Hunter_Valley_Wine_and_Cheese_Tasting_Tour_from_Sydney-Sydney_New_Sout.html,https://dynamic-media-cdn.tripadvisor.com/media/photo-o/1a/f1/61/0e/caption.jpg?w=500&h=400&s=1,Small-Group Hunter Valley Wine and Cheese Tasting Tour from Sydney,23.,https://www.tripadvisor.com/Attraction_Review-g255060-d1019256-Reviews-Activity_Tours_Australia-Sydney_New_South_Wales.html,Bus Tours,6+ hours,Tantalize your taste buds on a small-group Hunter Valley wine- and cheese-tasting tour from Sydney. On this guided wine-…,Free cancellation,98% of travelers recommend this experience,This number is based on the percentage of all Tripadvisor reviews for this product that have a bubble rating of 4 or higher,from,$128.16,per adult,More info,
4,Not sure? You can cancel this reservation up to 24 hours in advance for a full refund.,By Personalised Sydney Tours,https://www.tripadvisor.com/AttractionProductReview-g528956-d21172348-The_Complete_Hunter_Valley_Wine_Tour_of_Pokolbin_Mt_View_Lovedale_and_Rothbury-Gos.html#REVIEWS,https://www.tripadvisor.com/AttractionProductReview-g528956-d21172348-The_Complete_Hunter_Valley_Wine_Tour_of_Pokolbin_Mt_View_Lovedale_and_Rothbury-Gos.html,https://dynamic-media-cdn.tripadvisor.com/media/photo-o/1b/a4/1d/12/caption.jpg?w=500&h=400&s=1,"The Complete Hunter Valley Wine Tour of Pokolbin, Mt View, Lovedale and Rothbury",24.,https://www.tripadvisor.com/Attraction_Review-g255060-d18194653-Reviews-Personalised_Sydney_Tours-Sydney_New_South_Wales.html,Bus Tours,7–12 hours,"See more, taste more and experience more of the Hunter Valley - Australia's oldest wine region. 

In addition to seeing …",Free cancellation,,,from,$300.26,per adult,More info,Taking safety measures
332,Not sure? You can cancel this reservation up to 24 hours in advance for a full refund.,By Flamin' Galah Sydney Tours & Airport Transfers,https://www.tripadvisor.com/AttractionProductReview-g255060-d11453558-Location_Tours_to_Home_and_Away-Sydney_New_South_Wales.html#REVIEWS,https://www.tripadvisor.com/AttractionProductReview-g255060-d11453558-Location_Tours_to_Home_and_Away-Sydney_New_South_Wales.html,https://dynamic-media-cdn.tripadvisor.com/media/photo-o/18/1e/c4/ab/official-home-and-away.jpg?w=500&h=400&s=1,Location Tours to Home and Away,25.,https://www.tripadvisor.com/Attraction_Review-g255060-d2212315-Reviews-Flamin_Galah_Sydney_Tours_Airport_Transfers-Sydney_New_South_Wales.html,Bus Tours,5 hours,"Location tours to Home & Away, allow fans from all over the World to connect with their favourite TV show. 

FILMING VERY…",Free cancellation,,,from,$76.90,per adult,More info,Taking safety measures
53,Not sure? You can cancel this reservation up to 24 hours in advance for a full refund.,By Ultimate Travel,https://www.tripadvisor.com/AttractionProductReview-g552104-d17525392-7_Day_Tour_in_Sydney_with_Airport_Pickup-Mascot_Greater_Sydney_New_South_Wales.html#REVIEWS,https://www.tripadvisor.com/AttractionProductReview-g552104-d17525392-7_Day_Tour_in_Sydney_with_Airport_Pickup-Mascot_Greater_Sydney_New_South_Wales.html,https://dynamic-media-cdn.tripadvisor.com/media/photo-o/1a/79/b0/29/caption.jpg?w=500&h=400&s=1,7-Day Tour in Sydney with Airport Pickup,26.,https://www.tripadvisor.com/Attraction_Review-g255060-d17514865-Reviews-Ultimate_Travel-Sydney_New_South_Wales.html,Rail Tours,3+ days,Looking for an epic start to your adventure Down Under? We’ll introduce you to Sydney highlighting iconic destinations; …,Free cancellation,100% of travelers recommend this experience,This number is based on the percentage of all Tripadvisor reviews for this product that have a bubble rating of 4 or higher,from,$624.99,per adult,More info,
11,Not sure? You can cancel this reservation up to 24 hours in advance for a full refund.,By Captain Cook Cruises,https://www.tripadvisor.com/AttractionProductReview-g255060-d11448918-Sydney_Harbour_Top_Deck_Lunch_Cruise-Sydney_New_South_Wales.html#REVIEWS,https://www.tripadvisor.com/AttractionProductReview-g255060-d11448918-Sydney_Harbour_Top_Deck_Lunch_Cruise-Sydney_New_South_Wales.html,https://dynamic-media-cdn.tripadvisor.com/media/photo-o/1c/29/e8/5c/caption.jpg?w=500&h=400&s=1,Sydney Harbour Top Deck Lunch Cruise,27.,https://www.tripadvisor.com/Attraction_Review-g255060-d259699-Reviews-Captain_Cook_Cruises-Sydney_New_South_Wales.html,Day Cruises,3 hours,Cruise aboard Sydney Harbour on Sydney's flagship MV Sydney 2000. Enjoy stunning views of Sydney Harbour from the upper …,Free cancellation,100% of travelers recommend this experience,This number is based on the percentage of all Tripadvisor reviews for this product that have a bubble rating of 4 or higher,from,$79.83,per adult,More info,
109,Not sure? You can cancel this reservation up to 24 hours in advance for a full refund.,By Activity Tours Australia,https://www.tripadvisor.com/AttractionProductReview-g255060-d11452013-Small_Group_Blue_Mountains_Day_Trip_from_Sydney_with_Wildlife_Park-Sydney_New_Sout.html#REVIEWS,https://www.tripadvisor.com/AttractionProductReview-g255060-d11452013-Small_Group_Blue_Mountains_Day_Trip_from_Sydney_with_Wildlife_Park-Sydney_New_Sout.html,https://dynamic-media-cdn.tripadvisor.com/media/photo-o/1a/84/12/af/caption.jpg?w=500&h=400&s=1,Small-Group Blue Mountains Day Trip from Sydney with Wildlife Park,28.,https://www.tripadvisor.com/Attraction_Review-g255060-d1019256-Reviews-Activity_Tours_Australia-Sydney_New_South_Wales.html,Bus Tours,6+ hours,Escape the city and enjoy the tranquility of the UNESCO World Heritage-listed Blue Mountains on this day trip from Sydney…,Free cancellation,91% of travelers recommend this experience,This number is based on the percentage of all Tripadvisor reviews for this product that have a bubble rating of 4 or higher,from,$113.51,per adult,More info,
307,Not sure? You can cancel this reservation up to 24 hours in advance for a full refund.,By Thunder Jet Boat Sydney,https://www.tripadvisor.com/AttractionProductReview-g255060-d11990572-30_Minute_Sydney_Harbour_Jet_Boat_Ride_Thunder_Twist-Sydney_New_South_Wales.html#REVIEWS,https://www.tripadvisor.com/AttractionProductReview-g255060-d11990572-30_Minute_Sydney_Harbour_Jet_Boat_Ride_Thunder_Twist-Sydney_New_South_Wales.html,https://dynamic-media-cdn.tripadvisor.com/media/photo-o/1a/f6/81/d2/caption.jpg?w=500&h=400&s=1,30-Minute Sydney Harbour Jet Boat Ride: Thunder Twist,29.,https://www.tripadvisor.com/Attraction_Review-g255060-d4116429-Reviews-Thunder_Jet_Boat_Sydney-Sydney_New_South_Wales.html,,30 minutes,Experience what jet boating is all about on Australia's most exciting Jet Boat! Get ready to hold on tight as the 'Thunder…,Free cancellation,98% of travelers recommend this experience,This number is based on the percentage of all Tripadvisor reviews for this product that have a bubble rating of 4 or higher,from,$62.25,per adult,More info,
4,Not sure? You can cancel this reservation up to 24 hours in advance for a full refund.,By Oz Whale Watching,https://www.tripadvisor.com/AttractionProductReview-g255060-d11473295-Sydney_Harbour_Progressive_Long_Lunch_Cruise-Sydney_New_South_Wales.html#REVIEWS,https://www.tripadvisor.com/AttractionProductReview-g255060-d11473295-Sydney_Harbour_Progressive_Long_Lunch_Cruise-Sydney_New_South_Wales.html,https://dynamic-media-cdn.tripadvisor.com/media/photo-o/1c/99/0c/44/caption.jpg?w=500&h=400&s=1,Sydney Harbour Progressive Long Lunch Cruise,30.,https://www.tripadvisor.com/Attraction_Review-g255060-d3369701-Reviews-Oz_Whale_Watching-Sydney_New_South_Wales.html,Lunch Cruises,4–5 hours,The most delicious and unique way to experience Sydney Harbour. Come aboard your luxury cruiser where you will be taken …,Free cancellation,,,from,$435.74,per adult,More info,Taking safety measures
1,,,,,,,,,2,,,,,,,,,,
Frequently Asked Questions about Sydney,,,,,,,,,Which experiences are best for tours in Sydney?,What are the best places for tours in Sydney?,,Which places provide the best tours in Sydney for kids and families?,Which places provide the best tours in Sydney for couples?,,,Which places provide the best tours in Sydney for groups?,,Which places provide the best tours in Sydney for travelers on a budget?,
586 places sorted by traveler favorites,"Tours, activities and experiences bookable on Tripadvisor, ranked using exclusive Tripadvisor data including reviews, ratings, photos, popularity, user preferences, price, and bookings made through Tripadvisor.",Clear all filters,https://www.tripadvisor.com/ClientLink?value=NnRKXy9BdHRyYWN0aW9ucy1nMjU1MDYwLUFjdGl2aXRpZXMtYV9hbGxBdHRyYWN0aW9ucy50cnVlLVN5ZG5leV9OZXdfU291dGhfV2FsZXMuaHRtbF9TcjA%3D,,,,,,,,,,,,,,,,
1,Free Cancellation up to 3 days in advance,By Sydney Helitours,https://www.tripadvisor.com/AttractionProductReview-g255060-d11448743-Private_Hunter_Valley_Lunch_Tour_by_Helicopter-Sydney_New_South_Wales.html#REVIEWS,https://www.tripadvisor.com/AttractionProductReview-g255060-d11448743-Private_Hunter_Valley_Lunch_Tour_by_Helicopter-Sydney_New_South_Wales.html,https://dynamic-media-cdn.tripadvisor.com/media/photo-o/1a/5b/7a/f2/caption.jpg?w=500&h=400&s=1,Private Hunter Valley Lunch Tour by Helicopter,31.,https://www.tripadvisor.com/Attraction_Review-g255060-d1860710-Reviews-Sydney_Helitours-Sydney_New_South_Wales.html,Helicopter Tours,5 hours,Indulge in a day of luxury and treat someone special to an amazing wining and dining experience. Fly from Sydney to the …,Free cancellation,,,from,"$1,066.98",per adult,More info,Taking safety measures
3,,By Blue Sky Helicopters,https://www.tripadvisor.com/AttractionProductReview-g255060-d19008113-Private_Helicopter_Flight_Over_Sydney_Beaches_for_2_or_3_people_20_Minutes-Sydney_.html#REVIEWS,https://www.tripadvisor.com/AttractionProductReview-g255060-d19008113-Private_Helicopter_Flight_Over_Sydney_Beaches_for_2_or_3_people_20_Minutes-Sydney_.html,https://dynamic-media-cdn.tripadvisor.com/media/photo-o/1b/a3/fd/97/caption.jpg?w=500&h=400&s=1,Private Helicopter Flight Over Sydney & Beaches for 2 or 3 people - 20 Minutes,32.,https://www.tripadvisor.com/Attraction_Review-g255060-d2141993-Reviews-Blue_Sky_Helicopters-Sydney_New_South_Wales.html,Adventure Tours,20 minutes,Discover all of Sydney's famous icons during a thrilling 20 minute helicopter flight. Take off from Mascot Airport and fly…,,,,from,$498.79,per group,More info,Taking safety measures
14,Not sure? You can cancel this reservation up to 24 hours in advance for a full refund.,By Sydney Nimble Tours,https://www.tripadvisor.com/AttractionProductReview-g255060-d17244038-Royal_National_Park_Tour-Sydney_New_South_Wales.html#REVIEWS,https://www.tripadvisor.com/AttractionProductReview-g255060-d17244038-Royal_National_Park_Tour-Sydney_New_South_Wales.html,https://dynamic-media-cdn.tripadvisor.com/media/photo-o/1a/56/d8/9f/caption.jpg?w=500&h=400&s=1,Royal National Park Tour,33.,https://www.tripadvisor.com/Attraction_Review-g255060-d15519277-Reviews-Sydney_Nimble_Tours-Sydney_New_South_Wales.html,Bus Tours,6+ hours,This tour is exclusively for your group. The Royal National Park has a range of beautiful natural formations - freshwater…,Free cancellation,100% of travelers recommend this experience,This number is based on the percentage of all Tripadvisor reviews for this product that have a bubble rating of 4 or higher,from,$175.76,per adult,More info,
369,Not sure? You can cancel this reservation up to 24 hours in advance for a full refund.,By Oz Whale Watching,https://www.tripadvisor.com/AttractionProductReview-g255060-d11453198-Sydney_Whale_Watching_Cruise_Including_Lunch_or_Breakfast-Sydney_New_South_Wales.html#REVIEWS,https://www.tripadvisor.com/AttractionProductReview-g255060-d11453198-Sydney_Whale_Watching_Cruise_Including_Lunch_or_Breakfast-Sydney_New_South_Wales.html,https://dynamic-media-cdn.tripadvisor.com/media/photo-o/1a/64/23/24/caption.jpg?w=500&h=400&s=1,Sydney Whale-Watching Cruise Including Lunch or Breakfast,34.,https://www.tripadvisor.com/Attraction_Review-g255060-d3369701-Reviews-Oz_Whale_Watching-Sydney_New_South_Wales.html,Catamaran Cruises,4 hours,This is Sydney's only true 3 in 1 whale watching cruise. Including a city sights cruise with live commentary on Sydney's…,Free cancellation,97% of travelers recommend this experience,This number is based on the percentage of all Tripadvisor reviews for this product that have a bubble rating of 4 or higher,from,$72.50,per adult,More info,
627,Not sure? You can cancel this reservation up to 24 hours in advance for a full refund.,By Bonza Bike Tours,https://www.tripadvisor.com/AttractionProductReview-g255060-d11448137-Sydney_Bike_Tours-Sydney_New_South_Wales.html#REVIEWS,https://www.tripadvisor.com/AttractionProductReview-g255060-d11448137-Sydney_Bike_Tours-Sydney_New_South_Wales.html,https://dynamic-media-cdn.tripadvisor.com/media/photo-o/1a/64/11/0c/caption.jpg?w=500&h=400&s=1,Sydney Bike Tours,35.,https://www.tripadvisor.com/Attraction_Review-g255060-d1017705-Reviews-Bonza_Bike_Tours-Sydney_New_South_Wales.html,Bike Tours,5 hours,What could be more fun than touring the beautiful waterfront city of Sydney by bike? Your no-stress cycling tour takes you…,Free cancellation,95% of travelers recommend this experience,This number is based on the percentage of all Tripadvisor reviews for this product that have a bubble rating of 4 or higher,from,$73.48,per adult,More info,
605,Not sure? You can cancel this reservation up to 24 hours in advance for a full refund.,By The Rocks Walking Tours,https://www.tripadvisor.com/AttractionProductReview-g255060-d11470265-Sydney_The_Rocks_Guided_Walking_Tour-Sydney_New_South_Wales.html#REVIEWS,https://www.tripadvisor.com/AttractionProductReview-g255060-d11470265-Sydney_The_Rocks_Guided_Walking_Tour-Sydney_New_South_Wales.html,https://dynamic-media-cdn.tripadvisor.com/media/photo-o/1c/03/0e/60/caption.jpg?w=500&h=400&s=1,Sydney The Rocks Guided Walking Tour,36.,https://www.tripadvisor.com/Attraction_Review-g255060-d1113298-Reviews-The_Rocks_Walking_Tours-Sydney_New_South_Wales.html,City Tours,1–2 hours,Delve into the history of Sydney and British Australia on a leisurely 90-minute walking tour in The Rocks district with …,Free cancellation,98% of travelers recommend this experience,This number is based on the percentage of all Tripadvisor reviews for this product that have a bubble rating of 4 or higher,from,$23.44,per adult,More info,
2,Not sure? You can cancel this reservation up to 24 hours in advance for a full refund.,By Go Beyond Tours,https://www.tripadvisor.com/AttractionProductReview-g255060-d21172653-Southern_Highlands_South_Coast_Private_Tour_From_Sydney-Sydney_New_South_Wales.html#REVIEWS,https://www.tripadvisor.com/AttractionProductReview-g255060-d21172653-Southern_Highlands_South_Coast_Private_Tour_From_Sydney-Sydney_New_South_Wales.html,https://dynamic-media-cdn.tripadvisor.com/media/photo-o/1b/a4/50/31/caption.jpg?w=500&h=400&s=1,Southern Highlands & South Coast Private Tour From Sydney,37.,https://www.tripadvisor.com/Attraction_Review-g255060-d9719549-Reviews-Go_Beyond_Tours-Sydney_New_South_Wales.html,Bus Tours,6+ hours,"Our Southern Highlands Tours allow you to experience walking over the tops of the trees like a bird, driving on a road built…",Free cancellation,,,from,$186.75,per adult,More info,Taking safety measures
,Not sure? You can cancel this reservation up to 24 hours in advance for a full refund.,By Go Beyond Tours,,https://www.tripadvisor.com/AttractionProductReview-g255060-d21095231-Sydney_City_Harbour_Bondi_Private_Tour_with_Airport_pick_up_or_drop_off-Sydney_New.html,https://dynamic-media-cdn.tripadvisor.com/media/photo-o/1b/85/75/c0/caption.jpg?w=500&h=400&s=1,"Sydney City, Harbour & Bondi Private Tour, with Airport pick up or drop off",38.,https://www.tripadvisor.com/Attraction_Review-g255060-d9719549-Reviews-Go_Beyond_Tours-Sydney_New_South_Wales.html,Bus Tours,6 hours,"Our Sydney City Tour includes the Sydney Opera House, Sydney Harbour Bridge, Royal Botanic Gardens, and historic Macquarie…",Free cancellation,,,from,$157.45,per adult,More info,Taking safety measures
26,Not sure? You can cancel this reservation up to 24 hours in advance for a full refund.,By Sydney Guided Tours,https://www.tripadvisor.com/AttractionProductReview-g255060-d18912850-Sydney_Private_Tour_Featuring_Wilderness_Wildlife_Waves_Waterfalls_and_Wine-Sydney.html#REVIEWS,https://www.tripadvisor.com/AttractionProductReview-g255060-d18912850-Sydney_Private_Tour_Featuring_Wilderness_Wildlife_Waves_Waterfalls_and_Wine-Sydney.html,https://dynamic-media-cdn.tripadvisor.com/media/photo-o/1c/0c/83/17/caption.jpg?w=500&h=400&s=1,"Sydney Private Tour Featuring Wilderness, Wildlife, Waves, Waterfalls and Wine",39.,https://www.tripadvisor.com/Attraction_Review-g255060-d17737815-Reviews-Sydney_Guided_Tours-Sydney_New_South_Wales.html,Bus Tours,10–11 hours,"Explore breathtaking wilderness, visit beautiful beaches, pat kangaroos or hug an emu, away from the usual tourist trail…",Free cancellation,100% of travelers recommend this experience,This number is based on the percentage of all Tripadvisor reviews for this product that have a bubble rating of 4 or higher,from,$300.26,per adult,More info,
4,Not sure? You can cancel this reservation up to 24 hours in advance for a full refund.,By Real Sydney Tours,https://www.tripadvisor.com/AttractionProductReview-g552113-d17372989-Secret_Sydney_Hidden_Beaches_and_Gardens-Rose_Bay_Greater_Sydney_New_South_Wales.html#REVIEWS,https://www.tripadvisor.com/AttractionProductReview-g552113-d17372989-Secret_Sydney_Hidden_Beaches_and_Gardens-Rose_Bay_Greater_Sydney_New_South_Wales.html,https://dynamic-media-cdn.tripadvisor.com/media/photo-o/1a/64/08/e4/caption.jpg?w=500&h=400&s=1,Secret Sydney: Hidden Beaches and Gardens,40.,https://www.tripadvisor.com/Attraction_Review-g255060-d1725012-Reviews-Real_Sydney_Tours-Sydney_New_South_Wales.html,Bus Tours,3 hours,In this exclusive private group tour we let you into the best-kept secrets of Sydney’s stunning hidden spots. It’s a photographer…,Free cancellation,,,from,$183.09,per adult,More info,Taking safety measures
14,Not sure? You can cancel this reservation up to 24 hours in advance for a full refund.,By Oz Whale Watching,https://www.tripadvisor.com/AttractionProductReview-g255060-d11473296-Small_Group_Luxury_Sydney_Whale_Watching_Cruise-Sydney_New_South_Wales.html#REVIEWS,https://www.tripadvisor.com/AttractionProductReview-g255060-d11473296-Small_Group_Luxury_Sydney_Whale_Watching_Cruise-Sydney_New_South_Wales.html,https://dynamic-media-cdn.tripadvisor.com/media/photo-o/1a/f0/de/da/caption.jpg?w=500&h=400&s=1,Small-Group Luxury Sydney Whale Watching Cruise,41.,https://www.tripadvisor.com/Attraction_Review-g255060-d3369701-Reviews-Oz_Whale_Watching-Sydney_New_South_Wales.html,,4 hours,Enjoy a luxury whale watching cruise with no more the 10 passengers on board. Cruise through Sydney Heads and into the Pacific…,Free cancellation,92% of travelers recommend this experience,This number is based on the percentage of all Tripadvisor reviews for this product that have a bubble rating of 4 or higher,from,$238.01,per adult,More info,
16,Not sure? You can cancel this reservation up to 24 hours in advance for a full refund.,By Dingo Tours,https://www.tripadvisor.com/AttractionProductReview-g255060-d11469179-Blue_Mountains_Small_Group_Insider_Tour_from_Sydney-Sydney_New_South_Wales.html#REVIEWS,https://www.tripadvisor.com/AttractionProductReview-g255060-d11469179-Blue_Mountains_Small_Group_Insider_Tour_from_Sydney-Sydney_New_South_Wales.html,https://dynamic-media-cdn.tripadvisor.com/media/photo-o/1a/63/e9/4a/caption.jpg?w=500&h=400&s=1,Blue Mountains Small-Group Insider Tour from Sydney,42.,https://www.tripadvisor.com/Attraction_Review-g261627-d4587690-Reviews-Dingo_Tours-Randwick_Greater_Sydney_New_South_Wales.html,Full-day Tours,6+ hours,"Enjoy this small group day trip from Sydney with a maximum of 10 guests as you discover magnificent valleys, rivers and …",Free cancellation,93% of travelers recommend this experience,This number is based on the percentage of all Tripadvisor reviews for this product that have a bubble rating of 4 or higher,from,$178.69,per adult,More info,
196,Not sure? You can cancel this reservation up to 24 hours in advance for a full refund.,By Oz Jet Boating Sydney Harbour,https://www.tripadvisor.com/AttractionProductReview-g255060-d11448215-Sydney_Harbour_Jet_Boat_Thrill_Ride_30_Minutes-Sydney_New_South_Wales.html#REVIEWS,https://www.tripadvisor.com/AttractionProductReview-g255060-d11448215-Sydney_Harbour_Jet_Boat_Thrill_Ride_30_Minutes-Sydney_New_South_Wales.html,https://dynamic-media-cdn.tripadvisor.com/media/photo-o/1a/62/b0/a5/caption.jpg?w=500&h=400&s=1,Sydney Harbour Jet Boat Thrill Ride: 30 Minutes,43.,https://www.tripadvisor.com/Attraction_Review-g255060-d1972160-Reviews-Oz_Jet_Boating_Sydney_Harbour-Sydney_New_South_Wales.html,,30 minutes,Feel your adrenalin rush on a 30-minute Sydney Harbour Jet Boat Thrill Ride. As the jet boat powers across Sydney Harbour…,Free cancellation,98% of travelers recommend this experience,This number is based on the percentage of all Tripadvisor reviews for this product that have a bubble rating of 4 or higher,from,$62.25,per adult,More info,
31,Not sure? You can cancel this reservation up to 24 hours in advance for a full refund.,By Go Beyond Tours,https://www.tripadvisor.com/AttractionProductReview-g255060-d11477086-Small_Group_Sydney_s_Northern_Beaches_and_Ku_ring_gai_National_Park_Bus_Tour-Sydne.html#REVIEWS,https://www.tripadvisor.com/AttractionProductReview-g255060-d11477086-Small_Group_Sydney_s_Northern_Beaches_and_Ku_ring_gai_National_Park_Bus_Tour-Sydne.html,https://dynamic-media-cdn.tripadvisor.com/media/photo-o/1a/60/e9/eb/caption.jpg?w=500&h=400&s=1,Small-Group Sydney's Northern Beaches and Ku-ring-gai National Park Bus Tour,44.,https://www.tripadvisor.com/Attraction_Review-g255060-d9719549-Reviews-Go_Beyond_Tours-Sydney_New_South_Wales.html,Bus Tours,6+ hours,"Explore Sydney’s famous Northern Beaches and enjoy a day of sun, sand, and surf on this small-group sightseeing tour. Take…",Free cancellation,100% of travelers recommend this experience,This number is based on the percentage of all Tripadvisor reviews for this product that have a bubble rating of 4 or higher,from,$164.78,per adult,More info,
152,,By Sydney Tours-R-Us,https://www.tripadvisor.com/AttractionProductReview-g255060-d11459874-Full_Day_Private_Blue_Mountains_Tour_with_Wildlife_Park_River_Cruise-Sydney_New_So.html#REVIEWS,https://www.tripadvisor.com/AttractionProductReview-g255060-d11459874-Full_Day_Private_Blue_Mountains_Tour_with_Wildlife_Park_River_Cruise-Sydney_New_So.html,https://dynamic-media-cdn.tripadvisor.com/media/photo-o/1a/54/44/16/caption.jpg?w=500&h=400&s=1,Full-Day Private Blue Mountains Tour with Wildlife Park & River Cruise,45.,https://www.tripadvisor.com/Attraction_Review-g255060-d1069437-Reviews-Sydney_Tours_R_Us-Sydney_New_South_Wales.html,Bus Tours,6+ hours,"Enjoy this Private day tour, minimum 2 people, maximum 21 people to the Blue Mountains from Sydney. Travelling by air-conditioned…",,,,from,$277.56,per adult,More info,Taking safety measures
64,Not sure? You can cancel this reservation up to 24 hours in advance for a full refund.,By Virtual Room: Virtual Reality Sydney,https://www.tripadvisor.com/AttractionProductReview-g255060-d13195285-Virtual_Room_40_50min_VR_Time_Travel_Escape_Room_Adventure_for_2_Players-Sydney_Ne.html#REVIEWS,https://www.tripadvisor.com/AttractionProductReview-g255060-d13195285-Virtual_Room_40_50min_VR_Time_Travel_Escape_Room_Adventure_for_2_Players-Sydney_Ne.html,https://dynamic-media-cdn.tripadvisor.com/media/photo-o/1a/65/79/d3/caption.jpg?w=500&h=400&s=1,Virtual Room - 40-50min VR Time Travel Escape Room Adventure for 2+ Players,46.,https://www.tripadvisor.com/Attraction_Review-g255060-d12970140-Reviews-Virtual_Room_Virtual_Reality_Sydney-Sydney_New_South_Wales.html,,1 hour,The future of entertainment is now here with Virtual Room – the world’s best team-based VR experience located in central…,Free cancellation,98% of travelers recommend this experience,This number is based on the percentage of all Tripadvisor reviews for this product that have a bubble rating of 4 or higher,from,$43.21,per adult,More info,
,Not sure? You can cancel this reservation up to 24 hours in advance for a full refund.,By Captain Cook Cruises,,https://www.tripadvisor.com/AttractionProductReview-g255060-d23313821-Sydney_Harbour_Bar_Cruise-Sydney_New_South_Wales.html,https://dynamic-media-cdn.tripadvisor.com/media/photo-o/1c/da/90/0d/caption.jpg?w=500&h=400&s=1,Sydney Harbour Bar Cruise,47.,https://www.tripadvisor.com/Attraction_Review-g255060-d259699-Reviews-Captain_Cook_Cruises-Sydney_New_South_Wales.html,Day Cruises,1–2 hours,"Introducing Sydney's newest waterfront bar experience, the Harbour Bar.

The Harbour Bar is an ideal relaxed, floating bar…",Free cancellation,,,from,$21.24,per adult,More info,Taking safety measures
103,Not sure? You can cancel this reservation up to 24 hours in advance for a full refund.,By Sydney Pub Tours,https://www.tripadvisor.com/AttractionProductReview-g255060-d12866844-Sydney_The_Rocks_Historical_Pub_Tour_with_Drinks_and_Dinner-Sydney_New_South_Wales.html#REVIEWS,https://www.tripadvisor.com/AttractionProductReview-g255060-d12866844-Sydney_The_Rocks_Historical_Pub_Tour_with_Drinks_and_Dinner-Sydney_New_South_Wales.html,https://dynamic-media-cdn.tripadvisor.com/media/photo-o/1a/be/cd/24/caption.jpg?w=500&h=400&s=1,Sydney The Rocks Historical Pub Tour with Drinks and Dinner,48.,https://www.tripadvisor.com/Attraction_Review-g255060-d4172294-Reviews-Sydney_Pub_Tours-Sydney_New_South_Wales.html,Walking Tours,3–4 hours,Come on an all-inclusive journey to Sydney's oldest and most charismatic pubs as you wander through Australia’s oldest neighbourhood…,Free cancellation,100% of travelers recommend this experience,This number is based on the percentage of all Tripadvisor reviews for this product that have a bubble rating of 4 or higher,from,$100.33,per adult,More info,
46,Not sure? You can cancel this reservation up to 24 hours in advance for a full refund.,By Sydney Tower Eye Observation Deck,https://www.tripadvisor.com/AttractionProductReview-g255060-d12086285-Sydney_Tower_Eye_Ticket-Sydney_New_South_Wales.html#REVIEWS,https://www.tripadvisor.com/AttractionProductReview-g255060-d12086285-Sydney_Tower_Eye_Ticket-Sydney_New_South_Wales.html,https://dynamic-media-cdn.tripadvisor.com/media/photo-o/1c/3e/97/f1/caption.jpg?w=500&h=400&s=1,Sydney Tower Eye Ticket,49.,https://www.tripadvisor.com/Attraction_Review-g255060-d256631-Reviews-Sydney_Tower_Eye_Observation_Deck-Sydney_New_South_Wales.html,Skyscrapers & Towers,1–2 hours,View Sydney in all its breathtaking glory from Sydney Tower Eye and the Observation Deck. At 309 meters (1000 feet) the …,Free cancellation,,,from,$18.16,per adult,More info,Taking safety measures
36,Not sure? You can cancel this reservation up to 24 hours in advance for a full refund.,By Captain Cook Cruises,https://www.tripadvisor.com/AttractionProductReview-g255060-d11448913-Sydney_Harbour_Dinner_Cruise-Sydney_New_South_Wales.html#REVIEWS,https://www.tripadvisor.com/AttractionProductReview-g255060-d11448913-Sydney_Harbour_Dinner_Cruise-Sydney_New_South_Wales.html,https://dynamic-media-cdn.tripadvisor.com/media/photo-o/1c/24/31/66/caption.jpg?w=500&h=400&s=1,Sydney Harbour Dinner Cruise,50.,https://www.tripadvisor.com/Attraction_Review-g255060-d259699-Reviews-Captain_Cook_Cruises-Sydney_New_South_Wales.html,Day Cruises,2 hours,Book a table for a Sydney Harbour dinner cruise aboard the our flagship vessel MV Sydney 2000. The choice is yours whether…,Free cancellation,,,from,$120.84,per adult,More info,Taking safety measures
4,Not sure? You can cancel this reservation up to 24 hours in advance for a full refund.,By Wildscape Adventures,https://www.tripadvisor.com/AttractionProductReview-g255060-d19708494-Blue_Mountains_Hiking_Glow_worms_Cave_Wildlife_Spotlighting_Night_Adventure-Sydney.html#REVIEWS,https://www.tripadvisor.com/AttractionProductReview-g255060-d19708494-Blue_Mountains_Hiking_Glow_worms_Cave_Wildlife_Spotlighting_Night_Adventure-Sydney.html,https://dynamic-media-cdn.tripadvisor.com/media/photo-o/1c/83/9f/13/caption.jpg?w=500&h=400&s=1,Blue Mountains Hiking Glow worms Cave Wildlife Spotlighting Night Adventure,51.,https://www.tripadvisor.com/Attraction_Review-g255060-d19682782-Reviews-Wildscape_Adventures-Sydney_New_South_Wales.html,,4 hours,"This is a truly an extraordinary Magical Adventure. 

It ll be a new thrilling and fun experience as You ll be guided bush…",Free cancellation,,,from,$128.16,per adult,More info,
52,Not sure? You can cancel this reservation up to 24 hours in advance for a full refund.,By Thunder Jet Boat Sydney,https://www.tripadvisor.com/AttractionProductReview-g255060-d20303968-45_Minute_Extreme_Adrenaline_Rush_Ride-Sydney_New_South_Wales.html#REVIEWS,https://www.tripadvisor.com/AttractionProductReview-g255060-d20303968-45_Minute_Extreme_Adrenaline_Rush_Ride-Sydney_New_South_Wales.html,https://dynamic-media-cdn.tripadvisor.com/media/photo-o/1b/20/a6/05/caption.jpg?w=500&h=400&s=1,45 Minute Extreme Adrenaline Rush Ride,52.,https://www.tripadvisor.com/Attraction_Review-g255060-d4116429-Reviews-Thunder_Jet_Boat_Sydney-Sydney_New_South_Wales.html,,45 minutes,"Experience what jet boating is all about on Australia's most exciting Jet Boat! Get ready to hold on

tight as the 'Thunder…",Free cancellation,100% of travelers recommend this experience,This number is based on the percentage of all Tripadvisor reviews for this product that have a bubble rating of 4 or higher,from,$72.50,per adult,More info,
165,Not sure? You can cancel this reservation up to 24 hours in advance for a full refund.,By Journey Walks,https://www.tripadvisor.com/AttractionProductReview-g255060-d12604213-Convicts_and_The_Rocks_Sydney_s_Walking_Tour_Led_by_Historian-Sydney_New_South_Wal.html#REVIEWS,https://www.tripadvisor.com/AttractionProductReview-g255060-d12604213-Convicts_and_The_Rocks_Sydney_s_Walking_Tour_Led_by_Historian-Sydney_New_South_Wal.html,https://dynamic-media-cdn.tripadvisor.com/media/photo-o/1a/c1/d3/8f/caption.jpg?w=500&h=400&s=1,Convicts and The Rocks: Sydney's Walking Tour Led by Historian,53.,https://www.tripadvisor.com/Attraction_Review-g255060-d10822849-Reviews-Journey_Walks-Sydney_New_South_Wales.html,City Tours,2–3 hours,"Expect fascinating history, delivered with energy and insight on a walking exploration of Sydney's colonial birthplace: …",Free cancellation,100% of travelers recommend this experience,This number is based on the percentage of all Tripadvisor reviews for this product that have a bubble rating of 4 or higher,from,$26.72,per adult,More info,
173,Not sure? You can cancel this reservation up to 24 hours in advance for a full refund.,By Ocean Extreme,https://www.tripadvisor.com/AttractionProductReview-g255060-d11476948-Sydney_Whale_Watching_by_Speed_Boat-Sydney_New_South_Wales.html#REVIEWS,https://www.tripadvisor.com/AttractionProductReview-g255060-d11476948-Sydney_Whale_Watching_by_Speed_Boat-Sydney_New_South_Wales.html,https://dynamic-media-cdn.tripadvisor.com/media/photo-o/1a/64/42/75/caption.jpg?w=500&h=400&s=1,Sydney Whale-Watching by Speed Boat,54.,https://www.tripadvisor.com/Attraction_Review-g255060-d4549721-Reviews-Ocean_Extreme-Sydney_New_South_Wales.html,,2 hours,Board a speed boat for one of the most exciting and most personal whale-watching experiences in Sydney. You will blast out…,Free cancellation,100% of travelers recommend this experience,This number is based on the percentage of all Tripadvisor reviews for this product that have a bubble rating of 4 or higher,from,$87.15,per adult,More info,
85,Not sure? You can cancel this reservation up to 24 hours in advance for a full refund.,By Sydney Speed Boat Adventures,https://www.tripadvisor.com/AttractionProductReview-g552113-d20197658-Sydney_Speed_Boat_Adventure_Harbour_Tour-Rose_Bay_Greater_Sydney_New_South_Wales.html#REVIEWS,https://www.tripadvisor.com/AttractionProductReview-g552113-d20197658-Sydney_Speed_Boat_Adventure_Harbour_Tour-Rose_Bay_Greater_Sydney_New_South_Wales.html,https://dynamic-media-cdn.tripadvisor.com/media/photo-o/1a/fa/e0/15/caption.jpg?w=500&h=400&s=1,Sydney Speed Boat Adventure Harbour Tour,55.,https://www.tripadvisor.com/Attraction_Review-g255060-d16814721-Reviews-Sydney_Speed_Boat_Adventures-Sydney_New_South_Wales.html,City Tours,2–3 hours,IF BOOKING MORE THAN ONE BOAT MAKE SEPARATE RESERVATIONS FOR EACH BOAT. Experience the adventure of a lifetime on our Speed…,Free cancellation,100% of travelers recommend this experience,This number is based on the percentage of all Tripadvisor reviews for this product that have a bubble rating of 4 or higher,from,$76.84,per adult,More info,
44,Not sure? You can cancel this reservation up to 24 hours in advance for a full refund.,By Trippas White Group,https://www.tripadvisor.com/AttractionProductReview-g255060-d12463303-Skyfeast_at_Sydney_Tower-Sydney_New_South_Wales.html#REVIEWS,https://www.tripadvisor.com/AttractionProductReview-g255060-d12463303-Skyfeast_at_Sydney_Tower-Sydney_New_South_Wales.html,https://dynamic-media-cdn.tripadvisor.com/media/photo-o/1c/92/4e/c9/caption.jpg?w=500&h=400&s=1,Skyfeast at Sydney Tower,56.,https://www.tripadvisor.com/Attraction_Review-g255060-d16740441-Reviews-Trippas_White_Group-Sydney_New_South_Wales.html,,1–2 hours,"Enjoy panoramic views and an incredible meal at the Sydney Tower revolving Restaurant, perched atop the tallest building…",Free cancellation,,,from,$65.91,per adult,More info,Taking safety measures
85,Not sure? You can cancel this reservation up to 24 hours in advance for a full refund.,By Sydney Harbour Tall Ships,https://www.tripadvisor.com/AttractionProductReview-g255060-d11450555-Sydney_Harbour_Tall_Ship_Twilight_Dinner_Cruise-Sydney_New_South_Wales.html#REVIEWS,https://www.tripadvisor.com/AttractionProductReview-g255060-d11450555-Sydney_Harbour_Tall_Ship_Twilight_Dinner_Cruise-Sydney_New_South_Wales.html,https://dynamic-media-cdn.tripadvisor.com/media/photo-o/1a/d6/84/88/caption.jpg?w=500&h=400&s=1,Sydney Harbour Tall Ship Twilight Dinner Cruise,57.,https://www.tripadvisor.com/Attraction_Review-g255060-d1420815-Reviews-Sydney_Harbour_Tall_Ships-Sydney_New_South_Wales.html,Sailing,2 hours,Step aboard the beautiful Southern Swan or the magnificent Soren Larsen and set sail on this twilight dinner cruise like…,Free cancellation,,,from,$65.18,per adult,More info,Taking safety measures
20,,By Sea Sydney Harbour,https://www.tripadvisor.com/AttractionProductReview-g255060-d13328611-Sunset_and_Sparkle_Sydney_Harbour_Cruise-Sydney_New_South_Wales.html#REVIEWS,https://www.tripadvisor.com/AttractionProductReview-g255060-d13328611-Sunset_and_Sparkle_Sydney_Harbour_Cruise-Sydney_New_South_Wales.html,https://dynamic-media-cdn.tripadvisor.com/media/photo-o/1a/5e/17/e6/caption.jpg?w=500&h=400&s=1,Sunset and Sparkle Sydney Harbour Cruise,58.,https://www.tripadvisor.com/Attraction_Review-g255060-d7895762-Reviews-Sea_Sydney_Harbour-Sydney_New_South_Wales.html,Sunset Cruises,1 hour,Sea Sydney Harbour by dusk and enjoy the stunning Sydney landmarks as the sun sets and the city lights come to life. The…,,95% of travelers recommend this experience,This number is based on the percentage of all Tripadvisor reviews for this product that have a bubble rating of 4 or higher,from,$33.83,per adult,More info,Taking safety measures
4,Not sure? You can cancel this reservation up to 24 hours in advance for a full refund.,By Manly Sailing,https://www.tripadvisor.com/AttractionProductReview-g552103-d17331672-Sydney_Harbour_Try_Sailing_Experience-Manly_Greater_Sydney_New_South_Wales.html#REVIEWS,https://www.tripadvisor.com/AttractionProductReview-g552103-d17331672-Sydney_Harbour_Try_Sailing_Experience-Manly_Greater_Sydney_New_South_Wales.html,https://dynamic-media-cdn.tripadvisor.com/media/photo-o/1a/63/11/86/caption.jpg?w=500&h=400&s=1,Sydney Harbour - Try Sailing Experience,59.,https://www.tripadvisor.com/Attraction_Review-g552103-d3670632-Reviews-Manly_Sailing-Manly_Greater_Sydney_New_South_Wales.html,Adventure Tours,3 hours,"Ahoy there, sailor! Embark on a three hour sailing cruise and experience the magic of Sydney from the water. Departing from…",Free cancellation,,,from,$123.77,per adult,More info,
364,,By Dave's Brewery Tours,https://www.tripadvisor.com/AttractionProductReview-g255060-d11454875-Sydney_Beer_and_Brewery_Tour-Sydney_New_South_Wales.html#REVIEWS,https://www.tripadvisor.com/AttractionProductReview-g255060-d11454875-Sydney_Beer_and_Brewery_Tour-Sydney_New_South_Wales.html,https://dynamic-media-cdn.tripadvisor.com/media/photo-o/1a/5a/bb/93/caption.jpg?w=500&h=400&s=1,Sydney Beer and Brewery Tour,60.,https://www.tripadvisor.com/Attraction_Review-g255060-d6536716-Reviews-Dave_s_Brewery_Tours-Sydney_New_South_Wales.html,Bus Tours,6–7 hours,Sample your way through Sydney's thriving craft beer scene with a guide who takes you behind the scenes at the city’s best…,,97% of travelers recommend this experience,This number is based on the percentage of all Tripadvisor reviews for this product that have a bubble rating of 4 or higher,from,$108.75,per adult,More info,
2,,,,,,,,,1,3,,,,,,,,,
586 places sorted by traveler favorites,"Tours, activities and experiences bookable on Tripadvisor, ranked using exclusive Tripadvisor data including reviews, ratings, photos, popularity, user preferences, price, and bookings made through Tripadvisor.",Clear all filters,https://www.tripadvisor.com/ClientLink?value=MGI4Xy9BdHRyYWN0aW9ucy1nMjU1MDYwLUFjdGl2aXRpZXMtYV9hbGxBdHRyYWN0aW9ucy50cnVlLVN5ZG5leV9OZXdfU291dGhfV2FsZXMuaHRtbF9Jak4%3D,,,,,,,,,,,,,,,,
58,Not sure? You can cancel this reservation up to 24 hours in advance for a full refund.,By Taste Tours,https://www.tripadvisor.com/AttractionProductReview-g255060-d11472286-Sydney_Food_Tour_A_Taste_of_Chinatown-Sydney_New_South_Wales.html#REVIEWS,https://www.tripadvisor.com/AttractionProductReview-g255060-d11472286-Sydney_Food_Tour_A_Taste_of_Chinatown-Sydney_New_South_Wales.html,https://dynamic-media-cdn.tripadvisor.com/media/photo-o/1a/bc/d0/9e/caption.jpg?w=500&h=400&s=1,Sydney Food Tour: A Taste of Chinatown,61.,https://www.tripadvisor.com/Attraction_Review-g255060-d4941133-Reviews-Taste_Tours-Sydney_New_South_Wales.html,Walking Tours,3 hours,Taste your way through Sydney's bustling Chinatown as your guide shares personal stories of migration and settlement through…,Free cancellation,100% of travelers recommend this experience,This number is based on the percentage of all Tripadvisor reviews for this product that have a bubble rating of 4 or higher,from,$86.30,per adult,More info,
2,Not sure? You can cancel this reservation up to 24 hours in advance for a full refund.,By Sydney Opera House,https://www.tripadvisor.com/AttractionProductReview-g255060-d15237384-Sydney_Opera_House_Tour_Meal_Drink_at_Opera_Kitchen-Sydney_New_South_Wales.html#REVIEWS,https://www.tripadvisor.com/AttractionProductReview-g255060-d15237384-Sydney_Opera_House_Tour_Meal_Drink_at_Opera_Kitchen-Sydney_New_South_Wales.html,https://dynamic-media-cdn.tripadvisor.com/media/photo-o/1c/55/0b/d5/caption.jpg?w=500&h=400&s=1,Sydney Opera House Tour & Meal + Drink at Opera Kitchen,62.,https://www.tripadvisor.com/Attraction_Review-g255060-d257278-Reviews-Sydney_Opera_House-Sydney_New_South_Wales.html,Attractions & Museums,2 hours,Make the most of a day out at the Opera House by going on our 1-hour tour followed by a lunch or early dinner at one of …,Free cancellation,,,from,$58.59,per adult,More info,Taking safety measures
8,Not sure? You can cancel this reservation up to 24 hours in advance for a full refund.,By Dreamtime Southern X,https://www.tripadvisor.com/AttractionProductReview-g255060-d18925122-Illi_Langi_The_Rocks_Aboriginal_Dreaming_Tour-Sydney_New_South_Wales.html#REVIEWS,https://www.tripadvisor.com/AttractionProductReview-g255060-d18925122-Illi_Langi_The_Rocks_Aboriginal_Dreaming_Tour-Sydney_New_South_Wales.html,https://dynamic-media-cdn.tripadvisor.com/media/photo-o/1a/c1/ae/58/caption.jpg?w=500&h=400&s=1,illi-Langi The Rocks Aboriginal Dreaming Tour,63.,https://www.tripadvisor.com/Attraction_Review-g255060-d13946732-Reviews-Dreamtime_Southern_X-Sydney_New_South_Wales.html,Private and Luxury,1–2 hours,Be touched by the most ancient human culture on earth in a 90-minute leisurely walkabout with an Aboriginal guide in The…,Free cancellation,,,from,$43.21,per adult,More info,Taking safety measures
26,Not sure? You can cancel this reservation up to 24 hours in advance for a full refund.,By Captain Cook Cruises,https://www.tripadvisor.com/AttractionProductReview-g255060-d11448914-Sydney_Harbour_Hop_on_Hop_off_Cruise-Sydney_New_South_Wales.html#REVIEWS,https://www.tripadvisor.com/AttractionProductReview-g255060-d11448914-Sydney_Harbour_Hop_on_Hop_off_Cruise-Sydney_New_South_Wales.html,https://dynamic-media-cdn.tripadvisor.com/media/photo-o/1c/2a/13/9b/caption.jpg?w=500&h=400&s=1,Sydney Harbour Hop-on Hop-off Cruise,64.,https://www.tripadvisor.com/Attraction_Review-g255060-d259699-Reviews-Captain_Cook_Cruises-Sydney_New_South_Wales.html,Hop on Hop Off,6+ hours,There's no better way to see the sights of Sydney Harbour than on a hop-on hop-off harbour cruise. You can jump on and off…,Free cancellation,,,from,$30.76,per adult,More info,Taking safety measures
56,Not sure? You can cancel this reservation up to 24 hours in advance for a full refund.,By Captain Cook Cruises,https://www.tripadvisor.com/AttractionProductReview-g255060-d11448926-Sydney_Harbour_Ferry_with_Taronga_Zoo_Entry_Ticket-Sydney_New_South_Wales.html#REVIEWS,https://www.tripadvisor.com/AttractionProductReview-g255060-d11448926-Sydney_Harbour_Ferry_with_Taronga_Zoo_Entry_Ticket-Sydney_New_South_Wales.html,https://dynamic-media-cdn.tripadvisor.com/media/photo-o/1c/2b/56/65/caption.jpg?w=500&h=400&s=1,Sydney Harbour Ferry with Taronga Zoo Entry Ticket,65.,https://www.tripadvisor.com/Attraction_Review-g255060-d259699-Reviews-Captain_Cook_Cruises-Sydney_New_South_Wales.html,Attractions & Museums,4–8 hours,Enjoy a fun-filled day cruising through beautiful Sydney Harbour and visiting Taronga Zoo. See iconic Sydney landmarks from…,Free cancellation,,,from,$50.78,per adult,More info,Taking safety measures
82,Not sure? You can cancel this reservation up to 24 hours in advance for a full refund.,By Lets Go Surfing,https://www.tripadvisor.com/AttractionProductReview-g947961-d11447377-Surfing_Lessons_on_Sydney_s_Bondi_Beach-Bondi_Greater_Sydney_New_South_Wales.html#REVIEWS,https://www.tripadvisor.com/AttractionProductReview-g947961-d11447377-Surfing_Lessons_on_Sydney_s_Bondi_Beach-Bondi_Greater_Sydney_New_South_Wales.html,https://dynamic-media-cdn.tripadvisor.com/media/photo-o/1a/5c/77/b4/caption.jpg?w=500&h=400&s=1,Surfing Lessons on Sydney's Bondi Beach,66.,https://www.tripadvisor.com/Attraction_Review-g947961-d278629-Reviews-Lets_Go_Surfing-Bondi_Greater_Sydney_New_South_Wales.html,Surfing Lessons,2 hours,"What better place to learn to surf than on world-famous Bondi Beach? Here you'll find fantastic waves, sunbathing beauties…",Free cancellation,96% of travelers recommend this experience,This number is based on the percentage of all Tripadvisor reviews for this product that have a bubble rating of 4 or higher,from,$62.25,per adult,More info,
8,Not sure? You can cancel this reservation up to 24 hours in advance for a full refund.,By Captain Cook Cruises,https://www.tripadvisor.com/AttractionProductReview-g255060-d11448917-Sydney_Harbour_High_Tea_Cruise-Sydney_New_South_Wales.html#REVIEWS,https://www.tripadvisor.com/AttractionProductReview-g255060-d11448917-Sydney_Harbour_High_Tea_Cruise-Sydney_New_South_Wales.html,https://dynamic-media-cdn.tripadvisor.com/media/photo-o/1c/24/2a/35/caption.jpg?w=500&h=400&s=1,Sydney Harbour High Tea Cruise,67.,https://www.tripadvisor.com/Attraction_Review-g255060-d259699-Reviews-Captain_Cook_Cruises-Sydney_New_South_Wales.html,,1–2 hours,Ladies and gentlemen: All aboard for High Tea at sea! Start your Sydney Harbour cruise in style with a glass of sparkling…,Free cancellation,,,from,$54.93,per adult,More info,Taking safety measures
17,Not sure? You can cancel this reservation up to 24 hours in advance for a full refund.,By Local Sauce Tours,https://www.tripadvisor.com/AttractionProductReview-g255060-d17591068-Hidden_Sydney_Walking_Tour_Stories_Food_Coffee-Sydney_New_South_Wales.html#REVIEWS,https://www.tripadvisor.com/AttractionProductReview-g255060-d17591068-Hidden_Sydney_Walking_Tour_Stories_Food_Coffee-Sydney_New_South_Wales.html,https://dynamic-media-cdn.tripadvisor.com/media/photo-o/21/99/69/dc/caption.jpg?w=500&h=400&s=1,"Hidden Sydney Walking Tour - Stories, Food & Coffee",68.,https://www.tripadvisor.com/Attraction_Review-g255060-d17580103-Reviews-Local_Sauce_Tours-Sydney_New_South_Wales.html,Walking Tours,3 hours,"Join a knowledgeable local guide on a fun walk through the inner-city areas of Pyrmont, Ultimo and Glebe! Often missed by…",Free cancellation,100% of travelers recommend this experience,This number is based on the percentage of all Tripadvisor reviews for this product that have a bubble rating of 4 or higher,from,$36.62,per adult,More info,
83,Not sure? You can cancel this reservation up to 24 hours in advance for a full refund.,By Chinese Garden of Friendship,https://www.tripadvisor.com/AttractionProductReview-g255060-d16702118-Chinese_Garden_General_Admission_Ticket-Sydney_New_South_Wales.html#REVIEWS,https://www.tripadvisor.com/AttractionProductReview-g255060-d16702118-Chinese_Garden_General_Admission_Ticket-Sydney_New_South_Wales.html,https://dynamic-media-cdn.tripadvisor.com/media/photo-o/1a/74/15/ad/caption.jpg?w=500&h=400&s=1,Chinese Garden General Admission Ticket,69.,https://www.tripadvisor.com/Attraction_Review-g255060-d259700-Reviews-Chinese_Garden_of_Friendship-Sydney_New_South_Wales.html,Parks,45–60 minutes,You'll spend a day exploring secluded garden—Darling Harbour’s Chinese Garden of Friendship . Join our team and feed the…,Free cancellation,98% of travelers recommend this experience,This number is based on the percentage of all Tripadvisor reviews for this product that have a bubble rating of 4 or higher,from,$5.86,per adult,More info,
6,Not sure? You can cancel this reservation up to 24 hours in advance for a full refund.,By Sydney Opera House,https://www.tripadvisor.com/AttractionProductReview-g255060-d15305401-Sydney_Opera_House_Architectural_Tour-Sydney_New_South_Wales.html#REVIEWS,https://www.tripadvisor.com/AttractionProductReview-g255060-d15305401-Sydney_Opera_House_Architectural_Tour-Sydney_New_South_Wales.html,https://dynamic-media-cdn.tripadvisor.com/media/photo-o/1c/6e/1f/0b/caption.jpg?w=500&h=400&s=1,Sydney Opera House Architectural Tour,70.,https://www.tripadvisor.com/Attraction_Review-g255060-d257278-Reviews-Sydney_Opera_House-Sydney_New_South_Wales.html,Monuments and Memorials,1 hour,"Sydney Opera House has launched its first ever Architectural Tour, revealing the story behind the creation of Utzon’s masterpiece…",Free cancellation,,,from,$31.49,per adult,More info,Taking safety measures
43,Not sure? You can cancel this reservation up to 24 hours in advance for a full refund.,By Dark Stories Sydney,https://www.tripadvisor.com/AttractionProductReview-g255060-d15217428-Sydney_Dark_Stories_True_Crime_Tour-Sydney_New_South_Wales.html#REVIEWS,https://www.tripadvisor.com/AttractionProductReview-g255060-d15217428-Sydney_Dark_Stories_True_Crime_Tour-Sydney_New_South_Wales.html,https://dynamic-media-cdn.tripadvisor.com/media/photo-o/1c/d1/4f/fa/caption.jpg?w=500&h=400&s=1,Sydney Dark Stories True Crime Tour,71.,https://www.tripadvisor.com/Attraction_Review-g255060-d15519261-Reviews-Dark_Stories_Sydney-Sydney_New_South_Wales.html,Private and Luxury,1–2 hours,"Take a Walk on the Dark Side...

Sail into town and enjoy a glimpse into Sydney's past, revealing the hidden secrets of …",Free cancellation,97% of travelers recommend this experience,This number is based on the percentage of all Tripadvisor reviews for this product that have a bubble rating of 4 or higher,from,$25.24,per adult,More info,
43,Not sure? You can cancel this reservation up to 24 hours in advance for a full refund.,By Taste Tours,https://www.tripadvisor.com/AttractionProductReview-g255060-d15342822-Taste_of_Sydney_Barangaroo_and_the_Rocks-Sydney_New_South_Wales.html#REVIEWS,https://www.tripadvisor.com/AttractionProductReview-g255060-d15342822-Taste_of_Sydney_Barangaroo_and_the_Rocks-Sydney_New_South_Wales.html,https://dynamic-media-cdn.tripadvisor.com/media/photo-o/1a/bc/d0/9c/caption.jpg?w=500&h=400&s=1,Taste of Sydney - Barangaroo and the Rocks,72.,https://www.tripadvisor.com/Attraction_Review-g255060-d4941133-Reviews-Taste_Tours-Sydney_New_South_Wales.html,Walking Tours,3–4 hours,"Australia has the best food and views. Let us introduce you to some of the best dining in the city, and the must-see locations…",Free cancellation,97% of travelers recommend this experience,This number is based on the percentage of all Tripadvisor reviews for this product that have a bubble rating of 4 or higher,from,$114.80,per adult,More info,
8,Not sure? You can cancel this reservation up to 24 hours in advance for a full refund.,By City Unscripted Sydney,https://www.tripadvisor.com/AttractionProductReview-g255060-d18274937-Sydney_Private_Tours_by_Locals_100_Personalized_See_the_City_Unscripted-Sydney_New.html#REVIEWS,https://www.tripadvisor.com/AttractionProductReview-g255060-d18274937-Sydney_Private_Tours_by_Locals_100_Personalized_See_the_City_Unscripted-Sydney_New.html,https://dynamic-media-cdn.tripadvisor.com/media/photo-o/1c/9a/fe/6a/caption.jpg?w=500&h=400&s=1,"Sydney Private Tours by Locals: 100% Personalized, See the City Unscripted",73.,https://www.tripadvisor.com/Attraction_Review-g255060-d17413759-Reviews-City_Unscripted_Sydney-Sydney_New_South_Wales.html,City Tours,6+ hours,"You’ll join one of our Sydney hosts, who can’t wait to share their city with you. Deciding where to go and what to skip …",Free cancellation,,,from,$179.58,per adult,More info,Taking safety measures
147,Not sure? You can cancel this reservation up to 24 hours in advance for a full refund.,By Sea Life Sydney Aquarium,https://www.tripadvisor.com/AttractionProductReview-g255060-d12086288-SEA_LIFE_Sydney_Aquarium_Entrance_Ticket-Sydney_New_South_Wales.html#REVIEWS,https://www.tripadvisor.com/AttractionProductReview-g255060-d12086288-SEA_LIFE_Sydney_Aquarium_Entrance_Ticket-Sydney_New_South_Wales.html,https://dynamic-media-cdn.tripadvisor.com/media/photo-o/1c/3e/9c/fa/caption.jpg?w=500&h=400&s=1,SEA LIFE Sydney Aquarium Entrance Ticket,74.,https://www.tripadvisor.com/Attraction_Review-g255060-d256853-Reviews-Sea_Life_Sydney_Aquarium-Sydney_New_South_Wales.html,Aquariums,1–2 hours,Take on a discovery journey through SEA LIFE Sydney Aquarium’s themed zones including the Penguin Expedition. This world…,Free cancellation,,,from,$28.12,per adult,More info,Taking safety measures
18,Not sure? You can cancel this reservation up to 24 hours in advance for a full refund.,By Madame Tussauds Sydney,https://www.tripadvisor.com/AttractionProductReview-g255060-d12086284-Madame_Tussauds_Sydney_Entrance_Ticket-Sydney_New_South_Wales.html#REVIEWS,https://www.tripadvisor.com/AttractionProductReview-g255060-d12086284-Madame_Tussauds_Sydney_Entrance_Ticket-Sydney_New_South_Wales.html,https://dynamic-media-cdn.tripadvisor.com/media/photo-o/1c/69/f0/27/caption.jpg?w=500&h=400&s=1,Madame Tussauds Sydney Entrance Ticket,75.,https://www.tripadvisor.com/Attraction_Review-g255060-d3134560-Reviews-Madame_Tussauds_Sydney-Sydney_New_South_Wales.html,Attractions & Museums,1–2 hours,It’s time to feel famous at Madame Tussauds Sydney! Get up-close & personal and with your favorite celebrities and become…,Free cancellation,,,from,$26.95,per adult,More info,Taking safety measures
10,,By Sea Sydney Harbour,https://www.tripadvisor.com/AttractionProductReview-g255060-d13837038-Vivid_90_Minute_Sydney_Harbour_Catamaran_Cruise_with_BYO_Drinks-Sydney_New_South_W.html#REVIEWS,https://www.tripadvisor.com/AttractionProductReview-g255060-d13837038-Vivid_90_Minute_Sydney_Harbour_Catamaran_Cruise_with_BYO_Drinks-Sydney_New_South_W.html,https://dynamic-media-cdn.tripadvisor.com/media/photo-o/1a/b5/b0/7d/caption.jpg?w=500&h=400&s=1,Vivid 90-Minute Sydney Harbour Catamaran Cruise with BYO Drinks,76.,https://www.tripadvisor.com/Attraction_Review-g255060-d7895762-Reviews-Sea_Sydney_Harbour-Sydney_New_South_Wales.html,Catamaran Cruises,1–2 hours,Experience the Vivid Sydney Festival from a prime location on a boat cruising Sydney Harbour. See the spectacular sights…,,100% of travelers recommend this experience,This number is based on the percentage of all Tripadvisor reviews for this product that have a bubble rating of 4 or higher,from,$35.88,per adult,More info,Taking safety measures
2,Not sure? You can cancel this reservation up to 24 hours in advance for a full refund.,By Emu Trekkers,https://www.tripadvisor.com/AttractionProductReview-g255060-d19920021-Hike_to_the_Figure_Eight_Pools-Sydney_New_South_Wales.html#REVIEWS,https://www.tripadvisor.com/AttractionProductReview-g255060-d19920021-Hike_to_the_Figure_Eight_Pools-Sydney_New_South_Wales.html,https://dynamic-media-cdn.tripadvisor.com/media/photo-o/1c/cb/d8/a6/caption.jpg?w=500&h=400&s=1,Hike to the Figure Eight Pools,77.,https://www.tripadvisor.com/Attraction_Review-g255060-d12911620-Reviews-Emu_Trekkers-Sydney_New_South_Wales.html,Rail Tours,7–10 hours,This guided adventure to the Figure Eight Pools rock formation in the Royal National Park is a trip that cannot be missed…,Free cancellation,,,from,$65.18,per adult,More info,Taking safety measures
14,Not sure? You can cancel this reservation up to 24 hours in advance for a full refund.,By Sydney Cricket Ground,https://www.tripadvisor.com/AttractionProductReview-g255060-d15222238-Behind_The_Scenes_Sydney_Cricket_Ground_SCG_Guided_Walking_Tour-Sydney_New_South_W.html#REVIEWS,https://www.tripadvisor.com/AttractionProductReview-g255060-d15222238-Behind_The_Scenes_Sydney_Cricket_Ground_SCG_Guided_Walking_Tour-Sydney_New_South_W.html,https://dynamic-media-cdn.tripadvisor.com/media/photo-o/1a/c9/39/1d/caption.jpg?w=500&h=400&s=1,Behind The Scenes: Sydney Cricket Ground (SCG) Guided Walking Tour,78.,https://www.tripadvisor.com/Attraction_Review-g255060-d265773-Reviews-Sydney_Cricket_Ground-Sydney_New_South_Wales.html,Attractions & Museums,1–2 hours,"Tread the Path of Champions - unforgettable for locals, international visitors and sports fans of all ages

This 90-minute…",Free cancellation,100% of travelers recommend this experience,This number is based on the percentage of all Tripadvisor reviews for this product that have a bubble rating of 4 or higher,from,$24.17,per adult,More info,
24,Not sure? You can cancel this reservation up to 24 hours in advance for a full refund.,By Dark Stories Sydney,https://www.tripadvisor.com/AttractionProductReview-g255060-d19091077-Sydney_s_Razor_Gang_True_Crime_Tour-Sydney_New_South_Wales.html#REVIEWS,https://www.tripadvisor.com/AttractionProductReview-g255060-d19091077-Sydney_s_Razor_Gang_True_Crime_Tour-Sydney_New_South_Wales.html,https://dynamic-media-cdn.tripadvisor.com/media/photo-o/1c/dd/8c/9b/caption.jpg?w=500&h=400&s=1,Sydney's Razor Gang True Crime Tour,79.,https://www.tripadvisor.com/Attraction_Review-g255060-d15519261-Reviews-Dark_Stories_Sydney-Sydney_New_South_Wales.html,Private and Luxury,1–2 hours,"Experience Sydney in a time of a war, when the Razor Gangs battled for supremacy, & the balance between good & evil sat …",Free cancellation,100% of travelers recommend this experience,This number is based on the percentage of all Tripadvisor reviews for this product that have a bubble rating of 4 or higher,from,$24.90,per adult,More info,
4,Not sure? You can cancel this reservation up to 24 hours in advance for a full refund.,By Captain Cook Cruises,https://www.tripadvisor.com/AttractionProductReview-g255060-d16750006-Sydney_Harbour_Hop_On_Hop_Off_Cruise_with_Taronga_Zoo_entry-Sydney_New_South_Wales.html#REVIEWS,https://www.tripadvisor.com/AttractionProductReview-g255060-d16750006-Sydney_Harbour_Hop_On_Hop_Off_Cruise_with_Taronga_Zoo_entry-Sydney_New_South_Wales.html,https://dynamic-media-cdn.tripadvisor.com/media/photo-o/1c/2b/4e/ef/caption.jpg?w=500&h=400&s=1,Sydney Harbour Hop On Hop Off Cruise with Taronga Zoo entry,80.,https://www.tripadvisor.com/Attraction_Review-g255060-d259699-Reviews-Captain_Cook_Cruises-Sydney_New_South_Wales.html,Day Trips,4–16 hours,Enjoy the freedom of a 2-Day Hop On Hop Off cruise pass allowing you to visit up to 5 famous harbourside precincts including…,Free cancellation,,,from,$58.59,per adult,More info,Taking safety measures
3,Not sure? You can cancel this reservation up to 24 hours in advance for a full refund.,By Oz Whale Watching,https://www.tripadvisor.com/AttractionProductReview-g255060-d19277480-Sydney_Harbour_Discovery_Cruise_Including_Lunch-Sydney_New_South_Wales.html#REVIEWS,https://www.tripadvisor.com/AttractionProductReview-g255060-d19277480-Sydney_Harbour_Discovery_Cruise_Including_Lunch-Sydney_New_South_Wales.html,https://dynamic-media-cdn.tripadvisor.com/media/photo-o/1a/86/59/1d/caption.jpg?w=500&h=400&s=1,Sydney Harbour Discovery Cruise Including Lunch,81.,https://www.tripadvisor.com/Attraction_Review-g255060-d3369701-Reviews-Oz_Whale_Watching-Sydney_New_South_Wales.html,Lunch Cruises,3 hours,Experience the vastness of Sydney Harbour while enjoying a BBQ lunch and live commentary. While on board you will discover…,Free cancellation,,,from,$51.22,per adult,More info,Taking safety measures
1,Not sure? You can cancel this reservation up to 24 hours in advance for a full refund.,By Sydney's Wonders Tours,https://www.tripadvisor.com/AttractionProductReview-g255060-d19758511-Sydney_Sightseeing_Bus_Tours-Sydney_New_South_Wales.html#REVIEWS,https://www.tripadvisor.com/AttractionProductReview-g255060-d19758511-Sydney_Sightseeing_Bus_Tours-Sydney_New_South_Wales.html,https://dynamic-media-cdn.tripadvisor.com/media/photo-o/1a/5e/05/c0/caption.jpg?w=500&h=400&s=1,Sydney Sightseeing Bus Tours,82.,https://www.tripadvisor.com/Attraction_Review-g255060-d17851258-Reviews-Sydney_s_Wonders_Tours-Sydney_New_South_Wales.html,Bus Tours,3–4 hours,"See how much we have to offer at a lower price.

If you want to explore Sydney from the comfort of the air-conditioned bus…",Free cancellation,,,from,$20.87,per adult,More info,Taking safety measures
34,Not sure? You can cancel this reservation up to 24 hours in advance for a full refund.,By WILD LIFE Sydney Zoo,https://www.tripadvisor.com/AttractionProductReview-g255060-d12086294-WILD_LIFE_Sydney_Entrance_Ticket-Sydney_New_South_Wales.html#REVIEWS,https://www.tripadvisor.com/AttractionProductReview-g255060-d12086294-WILD_LIFE_Sydney_Entrance_Ticket-Sydney_New_South_Wales.html,https://dynamic-media-cdn.tripadvisor.com/media/photo-o/1c/3e/97/f2/caption.jpg?w=500&h=400&s=1,WILD LIFE Sydney Entrance Ticket,83.,https://www.tripadvisor.com/Attraction_Review-g255060-d632150-Reviews-WILD_LIFE_Sydney_Zoo-Sydney_New_South_Wales.html,Zoo Tickets & Passes,1 hour,"Explore WILD LIFE Sydney, an authentic Australian wildlife experience in the heart of Sydney's Darling Harbour. WILD LIFE…",Free cancellation,,,from,$26.95,per adult,More info,Taking safety measures
74,Not sure? You can cancel this reservation up to 24 hours in advance for a full refund.,By Lantern Ghost Tours,https://www.tripadvisor.com/AttractionProductReview-g255060-d11461026-Sydney_Ghost_Walking_Tour-Sydney_New_South_Wales.html#REVIEWS,https://www.tripadvisor.com/AttractionProductReview-g255060-d11461026-Sydney_Ghost_Walking_Tour-Sydney_New_South_Wales.html,https://dynamic-media-cdn.tripadvisor.com/media/photo-o/1b/60/8b/46/caption.jpg?w=500&h=400&s=1,Sydney Ghost Walking Tour,84.,https://www.tripadvisor.com/Attraction_Review-g255060-d9462790-Reviews-Lantern_Ghost_Tours-Sydney_New_South_Wales.html,City Tours,1–2 hours,Delve into the supernatural side of Sydney on an evening walking tour that sheds light on the city's spooky past. During…,Free cancellation,,,from,$26.72,per adult,More info,Taking safety measures
45,,By Sydney Harbour Tall Ships,https://www.tripadvisor.com/AttractionProductReview-g255060-d11450554-Sydney_Harbour_Tall_Ship_Lunch_Cruise-Sydney_New_South_Wales.html#REVIEWS,https://www.tripadvisor.com/AttractionProductReview-g255060-d11450554-Sydney_Harbour_Tall_Ship_Lunch_Cruise-Sydney_New_South_Wales.html,https://dynamic-media-cdn.tripadvisor.com/media/photo-o/1a/60/59/fd/caption.jpg?w=500&h=400&s=1,Sydney Harbour Tall Ship Lunch Cruise,85.,https://www.tripadvisor.com/Attraction_Review-g255060-d1420815-Reviews-Sydney_Harbour_Tall_Ships-Sydney_New_South_Wales.html,Day Cruises,2 hours,"Just like the early settlers centuries ago, you too can experience the unforgettable thrill of cruising on Sydney Harbour…",,91% of travelers recommend this experience,This number is based on the percentage of all Tripadvisor reviews for this product that have a bubble rating of 4 or higher,from,$72.50,per adult,More info,Taking safety measures
9,Not sure? You can cancel this reservation up to 24 hours in advance for a full refund.,By Local Sauce Tours,https://www.tripadvisor.com/AttractionProductReview-g8572746-d20482340-Newtown_Food_and_Street_Art_Walking_Tour-Newtown_New_South_Wales.html#REVIEWS,https://www.tripadvisor.com/AttractionProductReview-g8572746-d20482340-Newtown_Food_and_Street_Art_Walking_Tour-Newtown_New_South_Wales.html,https://dynamic-media-cdn.tripadvisor.com/media/photo-o/21/99/6a/ab/caption.jpg?w=500&h=400&s=1,Newtown Food and Street Art Walking Tour,86.,https://www.tripadvisor.com/Attraction_Review-g255060-d17580103-Reviews-Local_Sauce_Tours-Sydney_New_South_Wales.html,Walking Tours,3 hours,"Eat your way through Newtown like a local and check out street art!

Newtown is a truly diverse neighbourhood, and on this…",Free cancellation,,,from,$47.60,per adult,More info,Taking safety measures
6,Not sure? You can cancel this reservation up to 24 hours in advance for a full refund.,By Hyde Park Barracks,https://www.tripadvisor.com/AttractionProductReview-g255060-d22845692-Hyde_Park_Barracks_Admission_Ticket_with_Audio_Guide-Sydney_New_South_Wales.html#REVIEWS,https://www.tripadvisor.com/AttractionProductReview-g255060-d22845692-Hyde_Park_Barracks_Admission_Ticket_with_Audio_Guide-Sydney_New_South_Wales.html,https://dynamic-media-cdn.tripadvisor.com/media/photo-o/1c/68/98/2a/caption.jpg?w=500&h=400&s=1,Hyde Park Barracks Admission Ticket with Audio-Guide,87.,https://www.tripadvisor.com/Attraction_Review-g255060-d256638-Reviews-Hyde_Park_Barracks-Sydney_New_South_Wales.html,Walking Tours,60–90 minutes,"Located in the heart of Sydney, Australia’s oldest city, the UNESCO World Heritage-listed Hyde Park Barracks is a must-visit…",Free cancellation,,,from,$17.58,per adult,More info,Taking safety measures
564,Free Cancellation up to 3 days in advance,By Kangarrific Tours,https://www.tripadvisor.com/AttractionProductReview-g255060-d13159932-Luxury_Hunter_Valley_Wildlife_Wine_Tasting_Tour_from_Sydney-Sydney_New_South_Wales.html#REVIEWS,https://www.tripadvisor.com/AttractionProductReview-g255060-d13159932-Luxury_Hunter_Valley_Wildlife_Wine_Tasting_Tour_from_Sydney-Sydney_New_South_Wales.html,https://dynamic-media-cdn.tripadvisor.com/media/photo-o/1c/ae/62/8a/caption.jpg?w=500&h=400&s=1,Luxury Hunter Valley Wildlife & Wine Tasting Tour from Sydney,88.,https://www.tripadvisor.com/Attraction_Review-g255060-d2097585-Reviews-Kangarrific_Tours-Sydney_New_South_Wales.html,Bus Tours,6+ hours,"We have a new 2020 luxury minibus, our groups size is small (11 max) and we have the most experienced Hunter Valley guide…",Free cancellation,98% of travelers recommend this experience,This number is based on the percentage of all Tripadvisor reviews for this product that have a bubble rating of 4 or higher,from,$140.61,per adult,More info,
77,Not sure? You can cancel this reservation up to 24 hours in advance for a full refund.,By Blue Mountains Tours,https://www.tripadvisor.com/AttractionProductReview-g255060-d13296426-Full_Day_Tour_in_Blue_Mountains_Three_Sisters_Scenic_World_and_Featherdale-Sydney_.html#REVIEWS,https://www.tripadvisor.com/AttractionProductReview-g255060-d13296426-Full_Day_Tour_in_Blue_Mountains_Three_Sisters_Scenic_World_and_Featherdale-Sydney_.html,https://dynamic-media-cdn.tripadvisor.com/media/photo-o/1a/64/b8/79/caption.jpg?w=500&h=400&s=1,"Full-Day Tour in Blue Mountains: Three Sisters, Scenic World and Featherdale",89.,https://www.tripadvisor.com/Attraction_Review-g1087670-d13201074-Reviews-Blue_Mountains_Tours-Glenbrook_Blue_Mountains_New_South_Wales.html,Full-day Tours,6+ hours,"This is the tour you simply must do whilst in Sydney. With over 200 consecutive 5-star TripAdvisor ratings, this all-inclusive…",Free cancellation,97% of travelers recommend this experience,This number is based on the percentage of all Tripadvisor reviews for this product that have a bubble rating of 4 or higher,from,$208.72,per adult,More info,
161,Not sure? You can cancel this reservation up to 24 hours in advance for a full refund.,By Coast Warriors,https://www.tripadvisor.com/AttractionProductReview-g255060-d11990570-Blue_Mountains_Unique_Small_Group_Day_Adventure_with_BBQ_Lunch-Sydney_New_South_Wa.html#REVIEWS,https://www.tripadvisor.com/AttractionProductReview-g255060-d11990570-Blue_Mountains_Unique_Small_Group_Day_Adventure_with_BBQ_Lunch-Sydney_New_South_Wa.html,https://dynamic-media-cdn.tripadvisor.com/media/photo-o/1a/c4/2b/8d/caption.jpg?w=500&h=400&s=1,Blue Mountains Unique Small-Group Day Adventure with BBQ Lunch,90.,https://www.tripadvisor.com/Attraction_Review-g255060-d10726819-Reviews-Coast_Warriors-Sydney_New_South_Wales.html,Full-day Tours,6+ hours,Coast Warriors is Sydney’s chilled out small group tour operator own and run by Aussie locals. We have amassed hundreds …,Free cancellation,100% of travelers recommend this experience,This number is based on the percentage of all Tripadvisor reviews for this product that have a bubble rating of 4 or higher,from,$79.83,per adult,More info,
3,,,,,,,,,1,2,,4,,,,,,,
58,Not sure? You can cancel this reservation up to 24 hours in advance for a full refund.,By Taste Tours,https://www.tripadvisor.com/AttractionProductReview-g255060-d11472286-Sydney_Food_Tour_A_Taste_of_Chinatown-Sydney_New_South_Wales.html#REVIEWS,https://www.tripadvisor.com/AttractionProductReview-g255060-d11472286-Sydney_Food_Tour_A_Taste_of_Chinatown-Sydney_New_South_Wales.html,https://dynamic-media-cdn.tripadvisor.com/media/photo-o/1a/bc/d0/9e/caption.jpg?w=500&h=400&s=1,Sydney Food Tour: A Taste of Chinatown,61.,https://www.tripadvisor.com/Attraction_Review-g255060-d4941133-Reviews-Taste_Tours-Sydney_New_South_Wales.html,Walking Tours,3 hours,Taste your way through Sydney's bustling Chinatown as your guide shares personal stories of migration and settlement through…,Free cancellation,100% of travelers recommend this experience,This number is based on the percentage of all Tripadvisor reviews for this product that have a bubble rating of 4 or higher,from,$86.30,per adult,More info,
2,Not sure? You can cancel this reservation up to 24 hours in advance for a full refund.,By Sydney Opera House,https://www.tripadvisor.com/AttractionProductReview-g255060-d15237384-Sydney_Opera_House_Tour_Meal_Drink_at_Opera_Kitchen-Sydney_New_South_Wales.html#REVIEWS,https://www.tripadvisor.com/AttractionProductReview-g255060-d15237384-Sydney_Opera_House_Tour_Meal_Drink_at_Opera_Kitchen-Sydney_New_South_Wales.html,https://dynamic-media-cdn.tripadvisor.com/media/photo-o/1c/55/0b/d5/caption.jpg?w=500&h=400&s=1,Sydney Opera House Tour & Meal + Drink at Opera Kitchen,62.,https://www.tripadvisor.com/Attraction_Review-g255060-d257278-Reviews-Sydney_Opera_House-Sydney_New_South_Wales.html,Attractions & Museums,2 hours,Make the most of a day out at the Opera House by going on our 1-hour tour followed by a lunch or early dinner at one of …,Free cancellation,,,from,$58.59,per adult,More info,Taking safety measures
8,Not sure? You can cancel this reservation up to 24 hours in advance for a full refund.,By Dreamtime Southern X,https://www.tripadvisor.com/AttractionProductReview-g255060-d18925122-Illi_Langi_The_Rocks_Aboriginal_Dreaming_Tour-Sydney_New_South_Wales.html#REVIEWS,https://www.tripadvisor.com/AttractionProductReview-g255060-d18925122-Illi_Langi_The_Rocks_Aboriginal_Dreaming_Tour-Sydney_New_South_Wales.html,https://dynamic-media-cdn.tripadvisor.com/media/photo-o/1a/c1/ae/58/caption.jpg?w=500&h=400&s=1,illi-Langi The Rocks Aboriginal Dreaming Tour,63.,https://www.tripadvisor.com/Attraction_Review-g255060-d13946732-Reviews-Dreamtime_Southern_X-Sydney_New_South_Wales.html,Private and Luxury,1–2 hours,Be touched by the most ancient human culture on earth in a 90-minute leisurely walkabout with an Aboriginal guide in The…,Free cancellation,,,from,$43.21,per adult,More info,Taking safety measures
26,Not sure? You can cancel this reservation up to 24 hours in advance for a full refund.,By Captain Cook Cruises,https://www.tripadvisor.com/AttractionProductReview-g255060-d11448914-Sydney_Harbour_Hop_on_Hop_off_Cruise-Sydney_New_South_Wales.html#REVIEWS,https://www.tripadvisor.com/AttractionProductReview-g255060-d11448914-Sydney_Harbour_Hop_on_Hop_off_Cruise-Sydney_New_South_Wales.html,https://dynamic-media-cdn.tripadvisor.com/media/photo-o/1c/2a/13/9b/caption.jpg?w=500&h=400&s=1,Sydney Harbour Hop-on Hop-off Cruise,64.,https://www.tripadvisor.com/Attraction_Review-g255060-d259699-Reviews-Captain_Cook_Cruises-Sydney_New_South_Wales.html,Hop on Hop Off,6+ hours,There's no better way to see the sights of Sydney Harbour than on a hop-on hop-off harbour cruise. You can jump on and off…,Free cancellation,,,from,$30.76,per adult,More info,Taking safety measures
56,Not sure? You can cancel this reservation up to 24 hours in advance for a full refund.,By Captain Cook Cruises,https://www.tripadvisor.com/AttractionProductReview-g255060-d11448926-Sydney_Harbour_Ferry_with_Taronga_Zoo_Entry_Ticket-Sydney_New_South_Wales.html#REVIEWS,https://www.tripadvisor.com/AttractionProductReview-g255060-d11448926-Sydney_Harbour_Ferry_with_Taronga_Zoo_Entry_Ticket-Sydney_New_South_Wales.html,https://dynamic-media-cdn.tripadvisor.com/media/photo-o/1c/2b/56/65/caption.jpg?w=500&h=400&s=1,Sydney Harbour Ferry with Taronga Zoo Entry Ticket,65.,https://www.tripadvisor.com/Attraction_Review-g255060-d259699-Reviews-Captain_Cook_Cruises-Sydney_New_South_Wales.html,Attractions & Museums,4–8 hours,Enjoy a fun-filled day cruising through beautiful Sydney Harbour and visiting Taronga Zoo. See iconic Sydney landmarks from…,Free cancellation,,,from,$50.78,per adult,More info,Taking safety measures
82,Not sure? You can cancel this reservation up to 24 hours in advance for a full refund.,By Lets Go Surfing,https://www.tripadvisor.com/AttractionProductReview-g947961-d11447377-Surfing_Lessons_on_Sydney_s_Bondi_Beach-Bondi_Greater_Sydney_New_South_Wales.html#REVIEWS,https://www.tripadvisor.com/AttractionProductReview-g947961-d11447377-Surfing_Lessons_on_Sydney_s_Bondi_Beach-Bondi_Greater_Sydney_New_South_Wales.html,https://dynamic-media-cdn.tripadvisor.com/media/photo-o/1a/5c/77/b4/caption.jpg?w=500&h=400&s=1,Surfing Lessons on Sydney's Bondi Beach,66.,https://www.tripadvisor.com/Attraction_Review-g947961-d278629-Reviews-Lets_Go_Surfing-Bondi_Greater_Sydney_New_South_Wales.html,Surfing Lessons,2 hours,"What better place to learn to surf than on world-famous Bondi Beach? Here you'll find fantastic waves, sunbathing beauties…",Free cancellation,96% of travelers recommend this experience,This number is based on the percentage of all Tripadvisor reviews for this product that have a bubble rating of 4 or higher,from,$62.25,per adult,More info,
4,,,,,,,,,1,3,,5,,,,,,,