FmrIP href,dugSS src,bUshh,cIVmB,iPqaD href,WlYyy,WlYyy 2,WlYyy 3,iPqaD href 2,dugSS src 2,WlYyy 4,iPqaD,iPqaD href 4,WlYyy 5,dkvhj,WlYyy 6
https://www.tripadvisor.com/Attraction_Review-g1802184-d2093377-Reviews-Hegra-AlUla_Al_Madinah_Province.html,https://dynamic-media-cdn.tripadvisor.com/media/photo-o/1b/73/0d/2f/one-of-alula-s-most-famous.jpg?w=500&h=400&s=1,Hegra,1.,https://www.tripadvisor.com/Attraction_Review-g1802184-d2093377-Reviews-Hegra-AlUla_Al_Madinah_Province.html#REVIEWS,275,Historic Sites • Ancient Ruins,Open now,https://www.tripadvisor.com/Profile/WKeikes,https://dynamic-media-cdn.tripadvisor.com/media/photo-o/16/71/21/56/wiep-k.jpg?w=100&h=-1&s=1,By,WKeikes,https://www.tripadvisor.com/ShowUserReviews-g1802184-d2093377-r753108195-Hegra-AlUla_Al_Madinah_Province.html,I've been flying hot air balloon over the Tombs in,Madain Saleh,"during the Winter in tantora festival, it was amazing!!!"
https://www.tripadvisor.com/Attraction_Review-g1802184-d7811061-Reviews-Jabal_AlFil_Elephant_Rock-AlUla_Al_Madinah_Province.html,https://dynamic-media-cdn.tripadvisor.com/media/photo-o/1b/73/20/eb/this-spectacular-rock.jpg?w=500&h=-1&s=1,Jabal AlFil (Elephant Rock),2.,https://www.tripadvisor.com/Attraction_Review-g1802184-d7811061-Reviews-Jabal_AlFil_Elephant_Rock-AlUla_Al_Madinah_Province.html#REVIEWS,91,Geologic Formations,Open now,https://www.tripadvisor.com/Profile/angeloo388,https://dynamic-media-cdn.tripadvisor.com/media/photo-o/15/0d/9f/9c/angelo-o.jpg?w=100&h=-1&s=1,By,angeloo388,https://www.tripadvisor.com/ShowUserReviews-g1802184-d7811061-r743931629-Jabal_AlFil_Elephant_Rock-AlUla_Al_Madinah_Province.html,inside an amazing landscape,Amazing place,
https://www.tripadvisor.com/Attraction_Review-g1802184-d5966052-Reviews-Old_Town_of_AlUla-AlUla_Al_Madinah_Province.html,https://dynamic-media-cdn.tripadvisor.com/media/photo-o/1b/73/0c/cc/the-house-of-900-houses.jpg?w=500&h=400&s=1,Old Town of AlUla,3.,https://www.tripadvisor.com/Attraction_Review-g1802184-d5966052-Reviews-Old_Town_of_AlUla-AlUla_Al_Madinah_Province.html#REVIEWS,60,Points of Interest & Landmarks,Open now,,,,,,,,
https://www.tripadvisor.com/Attraction_Review-g1802184-d17778493-Reviews-AlUla_Museum-AlUla_Al_Madinah_Province.html,https://dynamic-media-cdn.tripadvisor.com/media/photo-o/18/76/65/52/100-000-10-000-bc-in.jpg?w=500&h=400&s=1,AlUla Museum,4.,https://www.tripadvisor.com/Attraction_Review-g1802184-d17778493-Reviews-AlUla_Museum-AlUla_Al_Madinah_Province.html#REVIEWS,2,History Museums,Temporarily closed,,,,,,,,
https://www.tripadvisor.com/Attraction_Review-g1802184-d17778511-Reviews-Hijaz_Railway_Station-AlUla_Al_Madinah_Province.html,https://dynamic-media-cdn.tripadvisor.com/media/photo-o/1b/81/71/bd/the-hijaz-railway-ran.jpg?w=500&h=400&s=1,Hijaz Railway Station,5.,https://www.tripadvisor.com/Attraction_Review-g1802184-d17778511-Reviews-Hijaz_Railway_Station-AlUla_Al_Madinah_Province.html#REVIEWS,7,History Museums,Open now,,,,,,,,
https://www.tripadvisor.com/Attraction_Review-g1802184-d20356612-Reviews-Maraya-AlUla_Al_Madinah_Province.html,https://dynamic-media-cdn.tripadvisor.com/media/photo-o/1b/7f/e1/d8/the-world-s-largest-mirrored.jpg?w=500&h=-1&s=1,Maraya,6.,https://www.tripadvisor.com/Attraction_Review-g1802184-d20356612-Reviews-Maraya-AlUla_Al_Madinah_Province.html#REVIEWS,6,Architectural Buildings • Theaters,Temporarily closed,https://www.tripadvisor.com/Profile/thelukebox,https://dynamic-media-cdn.tripadvisor.com/media/photo-o/1a/f6/e9/bb/default-avatar-2020-65.jpg?w=100&h=-1&s=1,By,thelukebox,https://www.tripadvisor.com/ShowUserReviews-g1802184-d20356612-r796427933-Maraya-AlUla_Al_Madinah_Province.html,"We saw an amazing dance show by the Caracalla company, which used the",desert,backdrop as part of the scenery.
https://www.tripadvisor.com/Attraction_Review-g1802184-d20871364-Reviews-Al_Diwan-AlUla_Al_Madinah_Province.html,https://dynamic-media-cdn.tripadvisor.com/media/photo-o/1b/73/0c/0e/religious-or-ritual-practices.jpg?w=500&h=400&s=1,Al Diwan,7.,https://www.tripadvisor.com/Attraction_Review-g1802184-d20871364-Reviews-Al_Diwan-AlUla_Al_Madinah_Province.html#REVIEWS,5,Ancient Ruins • Points of Interest & Landmarks,Open now,,,,,,,,
https://www.tripadvisor.com/Attraction_Review-g1802184-d20287897-Reviews-Madain_Saleh_Tours-AlUla_Al_Madinah_Province.html,https://dynamic-media-cdn.tripadvisor.com/media/photo-o/1b/18/e1/d1/caption.jpg?w=500&h=400&s=1,Madain Saleh Tours,8.,https://www.tripadvisor.com/Attraction_Review-g1802184-d20287897-Reviews-Madain_Saleh_Tours-AlUla_Al_Madinah_Province.html#REVIEWS,3,Multi-day Tours • Hiking & Camping Tours,,https://www.tripadvisor.com/Profile/F1415NLlidial,https://dynamic-media-cdn.tripadvisor.com/media/photo-o/1a/f6/e4/a9/default-avatar-2020-50.jpg?w=100&h=-1&s=1,By,F1415NLlidial,https://www.tripadvisor.com/ShowUserReviews-g1802184-d20287897-r771562327-Madain_Saleh_Tours-AlUla_Al_Madinah_Province.html,We booked 3 day tour of,Saudi Arabia,with an English speaking tour guide and this was the best decision we could have...
https://www.tripadvisor.com/Attraction_Review-g1802184-d20871302-Reviews-Jabal_Ithlib-AlUla_Al_Madinah_Province.html,https://dynamic-media-cdn.tripadvisor.com/media/photo-o/1b/80/08/0a/jabal-ithlib-a-natural.jpg?w=500&h=400&s=1,Jabal Ithlib,9.,https://www.tripadvisor.com/Attraction_Review-g1802184-d20871302-Reviews-Jabal_Ithlib-AlUla_Al_Madinah_Province.html#REVIEWS,3,Historic Sites • Ancient Ruins,Open now,,,,,,,,
https://www.tripadvisor.com/Attraction_Review-g1802184-d23367728-Reviews-Husaak_Adventures-AlUla_Al_Madinah_Province.html,https://dynamic-media-cdn.tripadvisor.com/media/photo-o/1c/f0/29/cb/caption.jpg?w=500&h=400&s=1,Husaak Adventures,10.,https://www.tripadvisor.com/Attraction_Review-g1802184-d23367728-Reviews-Husaak_Adventures-AlUla_Al_Madinah_Province.html#REVIEWS,7,Multi-day Tours • Bike Tours,,https://www.tripadvisor.com/Profile/352rawana,https://dynamic-media-cdn.tripadvisor.com/media/photo-o/1a/f6/df/2b/default-avatar-2020-39.jpg?w=100&h=-1&s=1,By,352rawana,https://www.tripadvisor.com/ShowUserReviews-g1802184-d23367728-r788409251-Husaak_Adventures-AlUla_Al_Madinah_Province.html,Husak,Adventure trail,+ Stargazing experience
https://www.tripadvisor.com/Attraction_Review-g1802184-d20943532-Reviews-Jabal_Ikmah-AlUla_Al_Madinah_Province.html,https://dynamic-media-cdn.tripadvisor.com/media/photo-o/1b/85/89/e6/alula-open-library.jpg?w=500&h=-1&s=1,Jabal Ikmah,11.,https://www.tripadvisor.com/Attraction_Review-g1802184-d20943532-Reviews-Jabal_Ikmah-AlUla_Al_Madinah_Province.html#REVIEWS,2,Historic Sites • Points of Interest & Landmarks,,,,,,,,,
https://www.tripadvisor.com/Attraction_Review-g1802184-d21387487-Reviews-Al_Ula_Tours-AlUla_Al_Madinah_Province.html,https://dynamic-media-cdn.tripadvisor.com/media/photo-o/1c/48/ec/e4/caption.jpg?w=500&h=400&s=1,Al Ula Tours,12.,https://www.tripadvisor.com/Attraction_Review-g1802184-d21387487-Reviews-Al_Ula_Tours-AlUla_Al_Madinah_Province.html#REVIEWS,1,Multi-day Tours • Hiking & Camping Tours,,,,,,,,,
https://www.tripadvisor.com/Attraction_Review-g1802184-d20886098-Reviews-Lion_Tombs_of_Dadan-AlUla_Al_Madinah_Province.html,https://dynamic-media-cdn.tripadvisor.com/media/photo-o/1b/80/08/95/alula-was-also-capital.jpg?w=1200&h=-1&s=1,Lion Tombs of Dadan,13.,https://www.tripadvisor.com/Attraction_Review-g1802184-d20886098-Reviews-Lion_Tombs_of_Dadan-AlUla_Al_Madinah_Province.html#REVIEWS,4,Ancient Ruins,,,,,,,,,
https://www.tripadvisor.com/Attraction_Review-g1802184-d21363156-Reviews-AlUla_Al_Madinah_Province.html,https://dynamic-media-cdn.tripadvisor.com/media/photo-o/1c/3d/24/46/caption.jpg?w=1100&h=-1&s=1,جاده للمغامرات,14.,,,Hiking & Camping Tours • Nature & Wildlife Tours,,,,,,,,,
https://www.tripadvisor.com/Attraction_Review-g1802184-d21381548-Reviews-AlUla_Fresh-AlUla_Al_Madinah_Province.html,https://dynamic-media-cdn.tripadvisor.com/media/photo-o/1c/46/8d/cf/caption.jpg?w=1000&h=-1&s=1,AlUla Fresh,15.,,,Nature & Wildlife Tours,,,,,,,,,
https://www.tripadvisor.com/Attraction_Review-g1802184-d23406486-Reviews-Mahfol_Makfol-AlUla_Al_Madinah_Province.html,https://dynamic-media-cdn.tripadvisor.com/media/photo-o/1d/00/a2/26/caption.jpg?w=1100&h=-1&s=1,Mahfol Makfol,16.,,Open now,Parasailing & Paragliding • River Rafting & Tubing,,,,,,,,,
https://www.tripadvisor.com/Attraction_Review-g1802184-d23300247-Reviews-PEAKS-AlUla_Al_Madinah_Province.html,https://dynamic-media-cdn.tripadvisor.com/media/photo-o/1c/d4/4e/ba/caption.jpg?w=1200&h=-1&s=1,PEAKS,17.,,Open now,City Tours • Paint & Pottery Studios,,,,,,,,,
https://www.tripadvisor.com/Attraction_Review-g1802184-d20009444-Reviews-Abdullah_alsultan-AlUla_Al_Madinah_Province.html,https://dynamic-media-cdn.tripadvisor.com/media/photo-o/1a/c2/a0/5b/caption.jpg?w=1100&h=-1&s=1,abdullah alsultan,18.,,,Adrenaline & Extreme Tours,,,,,,,,,
https://www.tripadvisor.com/Attraction_Review-g1802184-d23851753-Reviews-Dooma-AlUla_Al_Madinah_Province.html,https://dynamic-media-cdn.tripadvisor.com/media/photo-o/21/e7/f4/ae/caption.jpg?w=1200&h=-1&s=1,dooma,19.,,,Private Tours • Nature & Wildlife Tours,,,,,,,,,