WlYyy,FmrIP href,dugSS src,bUshh,cIVmB,iPqaD href 2,WlYyy 2,WlYyy 3,iPqaD href 3,dugSS src 2,WlYyy 5,iPqaD,iPqaD href 5,WlYyy 6,dkvhj,WlYyy 7
"1,000+ places sorted by traveler favorites",,,,,,,,,,,,,,,
"30,113",https://www.tripadvisor.com/Attraction_Review-g298570-d317521-Reviews-Petronas_Twin_Towers-Kuala_Lumpur_Wilayah_Persekutuan.html,https://dynamic-media-cdn.tripadvisor.com/media/photo-o/16/76/d5/e8/die-petronas-towers-sind.jpg?w=500&h=-1&s=1,Petronas Twin Towers,1.,https://www.tripadvisor.com/Attraction_Review-g298570-d317521-Reviews-Petronas_Twin_Towers-Kuala_Lumpur_Wilayah_Persekutuan.html#REVIEWS,Architectural Buildings,Open now,https://www.tripadvisor.com/Profile/217fredg,https://dynamic-media-cdn.tripadvisor.com/media/photo-o/13/55/57/1a/fred-g.jpg?w=100&h=-1&s=1,By,217fredg,https://www.tripadvisor.com/ShowUserReviews-g298570-d317521-r624625975-Petronas_Twin_Towers-Kuala_Lumpur_Wilayah_Persekutuan.html,The visit includes 15 min on the,sky bridge,which offers a great view and is an impressive architectural structure.
106,https://www.tripadvisor.com/Attraction_Review-g298570-d11856592-Reviews-MinNature_Malaysia-Kuala_Lumpur_Wilayah_Persekutuan.html,https://dynamic-media-cdn.tripadvisor.com/media/photo-o/1b/a3/f5/20/a-grand-miniature-scale.jpg?w=500&h=400&s=1,MinNature Malaysia,2.,https://www.tripadvisor.com/Attraction_Review-g298570-d11856592-Reviews-MinNature_Malaysia-Kuala_Lumpur_Wilayah_Persekutuan.html#REVIEWS,Speciality Museums,Open now,https://www.tripadvisor.com/Profile/J0Ykk,https://dynamic-media-cdn.tripadvisor.com/media/photo-o/1a/f6/e2/11/default-avatar-2020-41.jpg?w=100&h=-1&s=1,By,J0Ykk,https://www.tripadvisor.com/ShowUserReviews-g298570-d11856592-r824498059-MinNature_Malaysia-Kuala_Lumpur_Wilayah_Persekutuan.html,"I admit, I was also incredibly curious as",Sungei Wang Plaza,was a blast from the past for me.
"6,221",https://www.tripadvisor.com/Attraction_Review-g298570-d1517316-Reviews-Aquaria-Kuala_Lumpur_Wilayah_Persekutuan.html,https://dynamic-media-cdn.tripadvisor.com/media/photo-o/19/c9/ff/14/aquaria.jpg?w=500&h=400&s=1,Aquaria,3.,https://www.tripadvisor.com/Attraction_Review-g298570-d1517316-Reviews-Aquaria-Kuala_Lumpur_Wilayah_Persekutuan.html#REVIEWS,Aquariums,,https://www.tripadvisor.com/Profile/MisterN52,https://dynamic-media-cdn.tripadvisor.com/media/photo-o/0d/bf/94/07/mistern52.jpg?w=100&h=-1&s=1,By,MisterN52,https://www.tripadvisor.com/ShowUserReviews-g298570-d1517316-r571684286-Aquaria-Kuala_Lumpur_Wilayah_Persekutuan.html,It is worthwhile taking your time to appreciate the diverse forms of,marine life,"on display, both fresh and saltwater."
"13,093",https://www.tripadvisor.com/Attraction_Review-g298570-d7226070-Reviews-KLCC_Park-Kuala_Lumpur_Wilayah_Persekutuan.html,https://dynamic-media-cdn.tripadvisor.com/media/photo-o/05/1a/78/94/kuala-lumpur-city-centre.jpg?w=500&h=400&s=1,KLCC Park,4.,https://www.tripadvisor.com/Attraction_Review-g298570-d7226070-Reviews-KLCC_Park-Kuala_Lumpur_Wilayah_Persekutuan.html#REVIEWS,Parks,Open now,https://www.tripadvisor.com/Profile/128basils,https://dynamic-media-cdn.tripadvisor.com/media/photo-o/13/ed/b5/1d/basil-s.jpg?w=100&h=-1&s=1,By,128basils,https://www.tripadvisor.com/ShowUserReviews-g298570-d7226070-r601357870-KLCC_Park-Kuala_Lumpur_Wilayah_Persekutuan.html,excellent place to stroll and unwind after a busy day....the place to relax or for exercise ....nice,running track,.
"2,354",https://www.tripadvisor.com/Attraction_Review-g298570-d454884-Reviews-Royal_Selangor_Visitor_Centre-Kuala_Lumpur_Wilayah_Persekutuan.html,https://dynamic-media-cdn.tripadvisor.com/media/photo-o/16/05/e4/db/learn-about-animal-shaped.jpg?w=500&h=400&s=1,Royal Selangor Visitor Centre,5.,https://www.tripadvisor.com/Attraction_Review-g298570-d454884-Reviews-Royal_Selangor_Visitor_Centre-Kuala_Lumpur_Wilayah_Persekutuan.html#REVIEWS,Visitor Centers,,https://www.tripadvisor.com/Profile/SherryG918,https://dynamic-media-cdn.tripadvisor.com/media/photo-o/1a/f6/e9/ef/default-avatar-2020-66.jpg?w=100&h=-1&s=1,By,SherryG918,https://www.tripadvisor.com/ShowUserReviews-g298570-d454884-r599437764-Royal_Selangor_Visitor_Centre-Kuala_Lumpur_Wilayah_Persekutuan.html,The museum/gallery of the,pewter products,"was probably my favorite part of the tour, and learning that its still most..."
"7,959",https://www.tripadvisor.com/Attraction_Review-g298570-d455105-Reviews-Kuala_Lumpur_Bird_Park-Kuala_Lumpur_Wilayah_Persekutuan.html,https://dynamic-media-cdn.tripadvisor.com/media/photo-o/07/e2/f5/f5/kuala-lumpur-bird-park.jpg?w=500&h=-1&s=1,Kuala Lumpur Bird Park,6.,https://www.tripadvisor.com/Attraction_Review-g298570-d455105-Reviews-Kuala_Lumpur_Bird_Park-Kuala_Lumpur_Wilayah_Persekutuan.html#REVIEWS,Nature & Wildlife Areas • Parks,,https://www.tripadvisor.com/Profile/racheltS6,https://dynamic-media-cdn.tripadvisor.com/media/photo-o/1a/65/25/34/avatar.jpg?w=100&h=-1&s=1,By,racheltS6,https://www.tripadvisor.com/ShowUserReviews-g298570-d455105-r735562605-Kuala_Lumpur_Bird_Park-Kuala_Lumpur_Wilayah_Persekutuan.html,A lovely open experience to have so many peacocks fluttering their wings at you and,free flight,birds just walking past.
"8,641",https://www.tripadvisor.com/Attraction_Review-g298570-d454880-Reviews-Menara_Kuala_Lumpur-Kuala_Lumpur_Wilayah_Persekutuan.html,https://dynamic-media-cdn.tripadvisor.com/media/photo-o/0b/e7/cb/99/view-from-the-kl-tower.jpg?w=500&h=-1&s=1,Menara Kuala Lumpur,7.,https://www.tripadvisor.com/Attraction_Review-g298570-d454880-Reviews-Menara_Kuala_Lumpur-Kuala_Lumpur_Wilayah_Persekutuan.html#REVIEWS,Observation Decks & Towers,Open now,https://www.tripadvisor.com/Profile/AndyB-GC,https://dynamic-media-cdn.tripadvisor.com/media/photo-o/18/18/a8/2c/caption.jpg?w=100&h=-1&s=1,By,AndyB-GC,https://www.tripadvisor.com/ShowUserReviews-g298570-d454880-r687135122-Menara_Kuala_Lumpur-Kuala_Lumpur_Wilayah_Persekutuan.html,- free with sky deck ticket Observation deck has small shops selling tourist style gifts and drinks.,Observation deck,
"4,118",https://www.tripadvisor.com/Attraction_Review-g298570-d1222050-Reviews-Pavilion_KL-Kuala_Lumpur_Wilayah_Persekutuan.html,https://dynamic-media-cdn.tripadvisor.com/media/photo-o/13/7a/6e/a9/pavilion-kl-s-facade.jpg?w=500&h=-1&s=1,Pavilion KL,8.,https://www.tripadvisor.com/Attraction_Review-g298570-d1222050-Reviews-Pavilion_KL-Kuala_Lumpur_Wilayah_Persekutuan.html#REVIEWS,Shopping Malls,Open now,https://www.tripadvisor.com/Profile/Afiz4,https://dynamic-media-cdn.tripadvisor.com/media/photo-o/1a/f6/f2/b8/default-avatar-2020-26.jpg?w=100&h=-1&s=1,By,Afiz4,https://www.tripadvisor.com/ShowUserReviews-g298570-d1222050-r612451940-Pavilion_KL-Kuala_Lumpur_Wilayah_Persekutuan.html,"You can come here for mid to high end shopping, comfy cinema, extensive n comfortable clean",food court,", there’s also..."
"3,497",https://www.tripadvisor.com/Attraction_Review-g298570-d455067-Reviews-Islamic_Arts_Museum_Malaysia-Kuala_Lumpur_Wilayah_Persekutuan.html,https://dynamic-media-cdn.tripadvisor.com/media/photo-o/09/ae/45/c2/photo1jpg.jpg?w=500&h=-1&s=1,Islamic Arts Museum Malaysia,9.,https://www.tripadvisor.com/Attraction_Review-g298570-d455067-Reviews-Islamic_Arts_Museum_Malaysia-Kuala_Lumpur_Wilayah_Persekutuan.html#REVIEWS,Art Museums,,https://www.tripadvisor.com/Profile/aimranfauzi,https://dynamic-media-cdn.tripadvisor.com/media/photo-o/1a/f6/ed/00/default-avatar-2020-4.jpg?w=100&h=-1&s=1,By,aimranfauzi,https://www.tripadvisor.com/ShowUserReviews-g298570-d455067-r680874570-Islamic_Arts_Museum_Malaysia-Kuala_Lumpur_Wilayah_Persekutuan.html,The Islamic Arts Museum is very strategically located opposite the,National Mosque,and close to many other attraction...
"7,501",https://www.tripadvisor.com/Attraction_Review-g298570-d1943478-Reviews-Jalan_Alor-Kuala_Lumpur_Wilayah_Persekutuan.html,https://dynamic-media-cdn.tripadvisor.com/media/photo-o/09/dd/72/22/jalan-alor.jpg?w=500&h=-1&s=1,Jalan Alor,10.,https://www.tripadvisor.com/Attraction_Review-g298570-d1943478-Reviews-Jalan_Alor-Kuala_Lumpur_Wilayah_Persekutuan.html#REVIEWS,Neighborhoods,,https://www.tripadvisor.com/Profile/jessicatD6460OX,https://dynamic-media-cdn.tripadvisor.com/media/photo-o/0c/75/b8/f2/jessica-m.jpg?w=100&h=-1&s=1,By,jessicatD6460OX,https://www.tripadvisor.com/ShowUserReviews-g298570-d1943478-r689954033-Jalan_Alor-Kuala_Lumpur_Wilayah_Persekutuan.html,The whole Street is plenty of bars and shops where you can have delicious,street food,and enjoy the night with some f...
"2,154",https://www.tripadvisor.com/Attraction_Review-g298570-d456578-Reviews-Suria_KLCC_Mall-Kuala_Lumpur_Wilayah_Persekutuan.html,https://dynamic-media-cdn.tripadvisor.com/media/photo-o/19/67/0e/38/located-in-the-heart.jpg?w=500&h=400&s=1,Suria KLCC Mall,11.,https://www.tripadvisor.com/Attraction_Review-g298570-d456578-Reviews-Suria_KLCC_Mall-Kuala_Lumpur_Wilayah_Persekutuan.html#REVIEWS,Shopping Malls,Open now,https://www.tripadvisor.com/Profile/enzomG8118JD,https://dynamic-media-cdn.tripadvisor.com/media/photo-o/22/08/00/10/enzo-m.jpg?w=100&h=-1&s=1,By,enzomG8118JD,https://www.tripadvisor.com/ShowUserReviews-g298570-d456578-r827209204-Suria_KLCC_Mall-Kuala_Lumpur_Wilayah_Persekutuan.html,was very good as well becoming the perfect spot to pamper my kids with a great piece of cake or a fresh do...,Food court,
"1,358",https://www.tripadvisor.com/Attraction_Review-g298570-d451263-Reviews-Perdana_Botanical_Garden-Kuala_Lumpur_Wilayah_Persekutuan.html,https://dynamic-media-cdn.tripadvisor.com/media/photo-o/16/94/bb/93/20190223-132315-largejpg.jpg?w=500&h=-1&s=1,Perdana Botanical Garden,12.,https://www.tripadvisor.com/Attraction_Review-g298570-d451263-Reviews-Perdana_Botanical_Garden-Kuala_Lumpur_Wilayah_Persekutuan.html#REVIEWS,Parks • Gardens,,https://www.tripadvisor.com/Profile/SimonWWTraveler,https://dynamic-media-cdn.tripadvisor.com/media/photo-o/1a/f6/f1/06/default-avatar-2020-18.jpg?w=100&h=-1&s=1,By,SimonWWTraveler,https://www.tripadvisor.com/ShowUserReviews-g298570-d451263-r788987067-Perdana_Botanical_Garden-Kuala_Lumpur_Wilayah_Persekutuan.html,Walking,Lake Gardens,
"1,428",https://www.tripadvisor.com/Attraction_Review-g298570-d457134-Reviews-Thean_Hou_Temple-Kuala_Lumpur_Wilayah_Persekutuan.html,https://dynamic-media-cdn.tripadvisor.com/media/photo-o/12/69/6d/17/img-20180225-154530-largejpg.jpg?w=500&h=400&s=1,Thean Hou Temple,13.,https://www.tripadvisor.com/Attraction_Review-g298570-d457134-Reviews-Thean_Hou_Temple-Kuala_Lumpur_Wilayah_Persekutuan.html#REVIEWS,Religious Sites,,https://www.tripadvisor.com/Profile/Hemanshu27,https://dynamic-media-cdn.tripadvisor.com/media/photo-o/07/68/5c/21/hemanshu27.jpg?w=100&h=-1&s=1,By,Hemanshu27,https://www.tripadvisor.com/ShowUserReviews-g298570-d457134-r568090095-Thean_Hou_Temple-Kuala_Lumpur_Wilayah_Persekutuan.html,It is advisable to go there by,taxi,as it is on a steep hill that provides lovely views of KL.
"1,508",https://www.tripadvisor.com/Attraction_Review-g298570-d456577-Reviews-BB_Park_Bukit_Bintang-Kuala_Lumpur_Wilayah_Persekutuan.html,https://dynamic-media-cdn.tripadvisor.com/media/photo-o/16/bd/31/dc/vine-dine-music.jpg?w=500&h=400&s=1,BB Park Bukit Bintang,14.,https://www.tripadvisor.com/Attraction_Review-g298570-d456577-Reviews-BB_Park_Bukit_Bintang-Kuala_Lumpur_Wilayah_Persekutuan.html#REVIEWS,Shopping Malls,Open now,,,,,,,,
"1,294",https://www.tripadvisor.com/Attraction_Review-g298570-d1752037-Reviews-Petrosains_Science_Discovery_Centre-Kuala_Lumpur_Wilayah_Persekutuan.html,https://dynamic-media-cdn.tripadvisor.com/media/photo-o/17/25/1a/4d/photo1jpg.jpg?w=500&h=-1&s=1,Petrosains Science Discovery Centre,15.,https://www.tripadvisor.com/Attraction_Review-g298570-d1752037-Reviews-Petrosains_Science_Discovery_Centre-Kuala_Lumpur_Wilayah_Persekutuan.html#REVIEWS,Science Museums,,https://www.tripadvisor.com/Profile/colinb259,https://dynamic-media-cdn.tripadvisor.com/media/photo-o/1a/f6/ec/a2/default-avatar-2020-3.jpg?w=100&h=-1&s=1,By,colinb259,https://www.tripadvisor.com/ShowUserReviews-g298570-d1752037-r667948514-Petrosains_Science_Discovery_Centre-Kuala_Lumpur_Wilayah_Persekutuan.html,What a great place for,kids and adults,.
999,https://www.tripadvisor.com/Attraction_Review-g298570-d456590-Reviews-Mid_Valley_Megamall-Kuala_Lumpur_Wilayah_Persekutuan.html,https://dynamic-media-cdn.tripadvisor.com/media/photo-o/13/b2/78/37/photo0jpg.jpg?w=500&h=400&s=1,Mid Valley Megamall,16.,https://www.tripadvisor.com/Attraction_Review-g298570-d456590-Reviews-Mid_Valley_Megamall-Kuala_Lumpur_Wilayah_Persekutuan.html#REVIEWS,Shopping Malls,Open now,https://www.tripadvisor.com/Profile/Aritia2312,https://dynamic-media-cdn.tripadvisor.com/media/photo-o/1a/f6/f2/7a/default-avatar-2020-25.jpg?w=100&h=-1&s=1,By,Aritia2312,https://www.tripadvisor.com/ShowUserReviews-g298570-d456590-r730254082-Mid_Valley_Megamall-Kuala_Lumpur_Wilayah_Persekutuan.html,Always enjoyed shopping in,midvalley,", lots of choices from F&B , retails , entertainment and etc ."
"4,920",https://www.tripadvisor.com/Attraction_Review-g298570-d450992-Reviews-Central_Market_Kuala_Lumpur-Kuala_Lumpur_Wilayah_Persekutuan.html,https://dynamic-media-cdn.tripadvisor.com/media/photo-o/13/8c/99/41/central-market.jpg?w=500&h=400&s=1,Central Market Kuala Lumpur,17.,https://www.tripadvisor.com/Attraction_Review-g298570-d450992-Reviews-Central_Market_Kuala_Lumpur-Kuala_Lumpur_Wilayah_Persekutuan.html#REVIEWS,Points of Interest & Landmarks • Shopping Malls,Open now,https://www.tripadvisor.com/Profile/JayaMaruthan,https://dynamic-media-cdn.tripadvisor.com/media/photo-o/0d/40/a8/8d/avatar.jpg?w=100&h=-1&s=1,By,JayaMaruthan,https://www.tripadvisor.com/ShowUserReviews-g298570-d450992-r662634986-Central_Market_Kuala_Lumpur-Kuala_Lumpur_Wilayah_Persekutuan.html,This place is fully,air-conditioned,and you can shop at ease without being affected by the overwhelming heat of KL city.
590,https://www.tripadvisor.com/Attraction_Review-g298570-d13820696-Reviews-Museum_of_Illusions-Kuala_Lumpur_Wilayah_Persekutuan.html,https://dynamic-media-cdn.tripadvisor.com/media/photo-o/16/84/b5/98/colour-room.jpg?w=500&h=400&s=1,Museum of Illusions,18.,https://www.tripadvisor.com/Attraction_Review-g298570-d13820696-Reviews-Museum_of_Illusions-Kuala_Lumpur_Wilayah_Persekutuan.html#REVIEWS,Speciality Museums • Children's Museums,Open now,https://www.tripadvisor.com/Profile/Cva1015,https://dynamic-media-cdn.tripadvisor.com/media/photo-o/1a/f6/f1/42/default-avatar-2020-20.jpg?w=100&h=-1&s=1,By,Cva1015,https://www.tripadvisor.com/ShowUserReviews-g298570-d13820696-r661759424-Museum_of_Illusions-Kuala_Lumpur_Wilayah_Persekutuan.html,Its a amazing place to have,fun,"with your brain, friends and family... Thank you Miss Aina for the exploration.."
"1,060",https://www.tripadvisor.com/Attraction_Review-g298570-d454881-Reviews-National_Museum-Kuala_Lumpur_Wilayah_Persekutuan.html,https://dynamic-media-cdn.tripadvisor.com/media/photo-o/16/1c/7b/d9/photo9jpg.jpg?w=500&h=400&s=1,National Museum,19.,https://www.tripadvisor.com/Attraction_Review-g298570-d454881-Reviews-National_Museum-Kuala_Lumpur_Wilayah_Persekutuan.html#REVIEWS,History Museums,,https://www.tripadvisor.com/Profile/yss97,https://dynamic-media-cdn.tripadvisor.com/media/photo-o/1b/68/8e/0a/caption.jpg?w=100&h=-1&s=1,By,yss97,https://www.tripadvisor.com/ShowUserReviews-g298570-d454881-r624841331-National_Museum-Kuala_Lumpur_Wilayah_Persekutuan.html,"There are 4 galleries covering Pre-historic, the Malay royals galley, the",colonial era,and finally modern Malaysia af...
"1,300",https://www.tripadvisor.com/Attraction_Review-g298570-d8142447-Reviews-Lake_Symphony-Kuala_Lumpur_Wilayah_Persekutuan.html,https://dynamic-media-cdn.tripadvisor.com/media/photo-o/16/b4/0b/5d/suria-klcc.jpg?w=500&h=-1&s=1,Lake Symphony,20.,https://www.tripadvisor.com/Attraction_Review-g298570-d8142447-Reviews-Lake_Symphony-Kuala_Lumpur_Wilayah_Persekutuan.html#REVIEWS,Points of Interest & Landmarks • Fountains,,https://www.tripadvisor.com/Profile/ArsitekADin,https://dynamic-media-cdn.tripadvisor.com/media/photo-o/1b/47/e5/fb/ahmad-d.jpg?w=100&h=-1&s=1,By,ArsitekADin,https://www.tripadvisor.com/ShowUserReviews-g298570-d8142447-r564648073-Lake_Symphony-Kuala_Lumpur_Wilayah_Persekutuan.html,Enjoy the harmony of symphony between the dancing,water fountain,and the melodious music.
"4,364",https://www.tripadvisor.com/Attraction_Review-g298570-d5929193-Reviews-KLCC_Bukit_Bintang_Pedestrian_Walkway-Kuala_Lumpur_Wilayah_Persekutuan.html,https://dynamic-media-cdn.tripadvisor.com/media/photo-o/11/d7/28/c8/pedestrian-walkway.jpg?w=500&h=400&s=1,KLCC - Bukit Bintang Pedestrian Walkway,21.,https://www.tripadvisor.com/Attraction_Review-g298570-d5929193-Reviews-KLCC_Bukit_Bintang_Pedestrian_Walkway-Kuala_Lumpur_Wilayah_Persekutuan.html#REVIEWS,Scenic Walking Areas,Open now,https://www.tripadvisor.com/Profile/suppu1974,https://dynamic-media-cdn.tripadvisor.com/media/photo-o/1a/f6/e5/66/default-avatar-2020-53.jpg?w=100&h=-1&s=1,By,suppu1974,https://www.tripadvisor.com/ShowUserReviews-g298570-d5929193-r666900650-KLCC_Bukit_Bintang_Pedestrian_Walkway-Kuala_Lumpur_Wilayah_Persekutuan.html,Really Fascinating and a great way to reach,Pavilion Mall,
"2,733",https://www.tripadvisor.com/Attraction_Review-g298570-d456569-Reviews-Berjaya_Times_Square_Kuala_Lumpur-Kuala_Lumpur_Wilayah_Persekutuan.html,https://dynamic-media-cdn.tripadvisor.com/media/photo-o/0c/86/64/c2/dsc-0243-largejpg.jpg?w=500&h=400&s=1,Berjaya Times Square Kuala Lumpur,22.,https://www.tripadvisor.com/Attraction_Review-g298570-d456569-Reviews-Berjaya_Times_Square_Kuala_Lumpur-Kuala_Lumpur_Wilayah_Persekutuan.html#REVIEWS,Shopping Malls,Open now,,,,,,,,
"2,217",https://www.tripadvisor.com/Attraction_Review-g298570-d451274-Reviews-National_Mosque_Masjid_Negara-Kuala_Lumpur_Wilayah_Persekutuan.html,https://dynamic-media-cdn.tripadvisor.com/media/photo-o/13/53/e8/82/mosque.jpg?w=500&h=-1&s=1,National Mosque (Masjid Negara),23.,https://www.tripadvisor.com/Attraction_Review-g298570-d451274-Reviews-National_Mosque_Masjid_Negara-Kuala_Lumpur_Wilayah_Persekutuan.html#REVIEWS,Religious Sites,,,,,,,,,
984,https://www.tripadvisor.com/Attraction_Review-g298570-d456588-Reviews-Jamek_Mosque-Kuala_Lumpur_Wilayah_Persekutuan.html,https://dynamic-media-cdn.tripadvisor.com/media/photo-o/15/43/de/ca/jamek-mosque.jpg?w=500&h=-1&s=1,Jamek Mosque,24.,https://www.tripadvisor.com/Attraction_Review-g298570-d456588-Reviews-Jamek_Mosque-Kuala_Lumpur_Wilayah_Persekutuan.html#REVIEWS,Religious Sites,,,,,,,,,
"1,098",https://www.tripadvisor.com/Attraction_Review-g298570-d456562-Reviews-Sultan_Abdul_Samad_Building-Kuala_Lumpur_Wilayah_Persekutuan.html,https://dynamic-media-cdn.tripadvisor.com/media/photo-o/12/21/ca/e8/sultan-abdul-samad.jpg?w=500&h=-1&s=1,Sultan Abdul Samad Building,25.,https://www.tripadvisor.com/Attraction_Review-g298570-d456562-Reviews-Sultan_Abdul_Samad_Building-Kuala_Lumpur_Wilayah_Persekutuan.html#REVIEWS,Architectural Buildings,,https://www.tripadvisor.com/Profile/740Elly48,https://dynamic-media-cdn.tripadvisor.com/media/photo-o/1a/f6/ed/00/default-avatar-2020-4.jpg?w=100&h=-1&s=1,By,740Elly48,https://www.tripadvisor.com/ShowUserReviews-g298570-d456562-r599480364-Sultan_Abdul_Samad_Building-Kuala_Lumpur_Wilayah_Persekutuan.html,It has a very high,clock tower,", copper domes and fancy arches."
"11,634",https://www.tripadvisor.com/Attraction_Review-g298570-d447384-Reviews-Chinatown-Kuala_Lumpur_Wilayah_Persekutuan.html,https://dynamic-media-cdn.tripadvisor.com/media/photo-o/0c/54/ef/d1/chinatown.jpg?w=500&h=-1&s=1,Chinatown,26.,https://www.tripadvisor.com/Attraction_Review-g298570-d447384-Reviews-Chinatown-Kuala_Lumpur_Wilayah_Persekutuan.html#REVIEWS,Neighborhoods,,https://www.tripadvisor.com/Profile/Ibnebatutariz2018,https://dynamic-media-cdn.tripadvisor.com/media/photo-o/15/ad/8b/d1/ibnebatutariz2018.jpg?w=100&h=-1&s=1,By,Ibnebatutariz2018,https://www.tripadvisor.com/ShowUserReviews-g298570-d447384-r695472925-Chinatown-Kuala_Lumpur_Wilayah_Persekutuan.html,"Lively, colorful Chinatown is centered on",Petaling Street,", known for its fashion shops and a large covered market wit..."
"1,663",https://www.tripadvisor.com/Attraction_Review-g298570-d2373838-Reviews-Kuala_Lumpur_City_Gallery-Kuala_Lumpur_Wilayah_Persekutuan.html,https://dynamic-media-cdn.tripadvisor.com/media/photo-o/10/2c/96/1c/20170706-095513-richtone.jpg?w=500&h=-1&s=1,Kuala Lumpur City Gallery,27.,https://www.tripadvisor.com/Attraction_Review-g298570-d2373838-Reviews-Kuala_Lumpur_City_Gallery-Kuala_Lumpur_Wilayah_Persekutuan.html#REVIEWS,Visitor Centers • Speciality Museums,,https://www.tripadvisor.com/Profile/kallyq2017,https://dynamic-media-cdn.tripadvisor.com/media/photo-f/01/2e/70/5e/avatar036.jpg?w=100&h=-1&s=1,By,kallyq2017,https://www.tripadvisor.com/ShowUserReviews-g298570-d2373838-r566074431-Kuala_Lumpur_City_Gallery-Kuala_Lumpur_Wilayah_Persekutuan.html,"A small gallery to learn about the city's history, founders, the historical buildings, and in the",light show,", about t..."
538,https://www.tripadvisor.com/Attraction_Review-g298570-d2700916-Reviews-KL_Forest_Eco_Park-Kuala_Lumpur_Wilayah_Persekutuan.html,https://dynamic-media-cdn.tripadvisor.com/media/photo-o/11/a0/62/e3/p-20171228-105134-vhdr.jpg?w=500&h=400&s=1,KL Forest Eco Park,28.,https://www.tripadvisor.com/Attraction_Review-g298570-d2700916-Reviews-KL_Forest_Eco_Park-Kuala_Lumpur_Wilayah_Persekutuan.html#REVIEWS,Parks,,https://www.tripadvisor.com/Profile/DeanMcc007,https://dynamic-media-cdn.tripadvisor.com/media/photo-o/17/f1/27/6a/caption.jpg?w=100&h=-1&s=1,By,DeanMcc007,https://www.tripadvisor.com/ShowUserReviews-g298570-d2700916-r748151159-KL_Forest_Eco_Park-Kuala_Lumpur_Wilayah_Persekutuan.html,... short walk to this Mini Eco Forest - with it walk over bridges you feel like your in the middle of the,rainforest,!
"1,513",https://www.tripadvisor.com/Attraction_Review-g298570-d454885-Reviews-Sri_Maha_Mariamman_Temple-Kuala_Lumpur_Wilayah_Persekutuan.html,https://dynamic-media-cdn.tripadvisor.com/media/photo-o/10/01/ac/dd/bejarat.jpg?w=500&h=400&s=1,Sri Maha Mariamman Temple,29.,https://www.tripadvisor.com/Attraction_Review-g298570-d454885-Reviews-Sri_Maha_Mariamman_Temple-Kuala_Lumpur_Wilayah_Persekutuan.html#REVIEWS,Religious Sites,Open now,https://www.tripadvisor.com/Profile/VickySilve97,https://dynamic-media-cdn.tripadvisor.com/media/photo-o/1a/f6/f0/d5/default-avatar-2020-17.jpg?w=100&h=-1&s=1,By,VickySilve97,https://www.tripadvisor.com/ShowUserReviews-g298570-d454885-r805700139-Sri_Maha_Mariamman_Temple-Kuala_Lumpur_Wilayah_Persekutuan.html,"... you the temples you can find in Southern India, in cities like Madras/Chennai, but this one is well-hidden in",KL,.
180,https://www.tripadvisor.com/Attraction_Review-g298570-d9704225-Reviews-Masjid_Wilayah_Persekutuan-Kuala_Lumpur_Wilayah_Persekutuan.html,https://dynamic-media-cdn.tripadvisor.com/media/photo-o/10/10/4d/41/masjid-wilayah-persekutuan.jpg?w=500&h=400&s=1,Masjid Wilayah Persekutuan,30.,https://www.tripadvisor.com/Attraction_Review-g298570-d9704225-Reviews-Masjid_Wilayah_Persekutuan-Kuala_Lumpur_Wilayah_Persekutuan.html#REVIEWS,Religious Sites,,,,,,,,,
1,,,,,,2,,,,,,,,,
2,,,,,,1,3,,,,,,,,
"1,373",https://www.tripadvisor.com/Attraction_Review-g298570-d456574-Reviews-Kuala_Lumpur_Butterfly_Park-Kuala_Lumpur_Wilayah_Persekutuan.html,https://dynamic-media-cdn.tripadvisor.com/media/photo-o/0e/a8/e9/0a/vegetationen-i-fjarilsparken.jpg?w=500&h=-1&s=1,Kuala Lumpur Butterfly Park,31.,https://www.tripadvisor.com/Attraction_Review-g298570-d456574-Reviews-Kuala_Lumpur_Butterfly_Park-Kuala_Lumpur_Wilayah_Persekutuan.html#REVIEWS,Parks,,https://www.tripadvisor.com/Profile/535carmeny,https://dynamic-media-cdn.tripadvisor.com/media/photo-o/1a/f6/ee/db/default-avatar-2020-10.jpg?w=100&h=-1&s=1,By,535carmeny,https://www.tripadvisor.com/ShowUserReviews-g298570-d456574-r615595888-Kuala_Lumpur_Butterfly_Park-Kuala_Lumpur_Wilayah_Persekutuan.html,We spent good 2 hrs staying up close and taking photos of,beautiful butterflies,.
"1,146",https://www.tripadvisor.com/Attraction_Review-g298570-d456587-Reviews-Little_India_Brickfields-Kuala_Lumpur_Wilayah_Persekutuan.html,https://dynamic-media-cdn.tripadvisor.com/media/photo-o/12/6d/a5/0d/little-india-calle-principal.jpg?w=500&h=400&s=1,Little India Brickfields,32.,https://www.tripadvisor.com/Attraction_Review-g298570-d456587-Reviews-Little_India_Brickfields-Kuala_Lumpur_Wilayah_Persekutuan.html#REVIEWS,Neighborhoods,,https://www.tripadvisor.com/Profile/GordonR229,https://dynamic-media-cdn.tripadvisor.com/media/photo-o/1a/f6/de/5a/default-avatar-2020-36.jpg?w=100&h=-1&s=1,By,GordonR229,https://www.tripadvisor.com/ShowUserReviews-g298570-d456587-r612438430-Little_India_Brickfields-Kuala_Lumpur_Wilayah_Persekutuan.html,"Wear a hat, take plenty of water as it can be hot and humid; but that is true all over",KL,.
154,https://www.tripadvisor.com/Attraction_Review-g298570-d3618743-Reviews-Bukit_Tabur-Kuala_Lumpur_Wilayah_Persekutuan.html,https://dynamic-media-cdn.tripadvisor.com/media/photo-o/1a/9d/75/91/photo0jpg.jpg?w=500&h=-1&s=1,Bukit Tabur,33.,https://www.tripadvisor.com/Attraction_Review-g298570-d3618743-Reviews-Bukit_Tabur-Kuala_Lumpur_Wilayah_Persekutuan.html#REVIEWS,Mountains,,,,,,,,,
710,https://www.tripadvisor.com/Attraction_Review-g298570-d456582-Reviews-Jalan_Masjid_India-Kuala_Lumpur_Wilayah_Persekutuan.html,https://dynamic-media-cdn.tripadvisor.com/media/photo-o/07/db/03/17/jalan-masjid-india.jpg?w=500&h=400&s=1,Jalan Masjid India,34.,https://www.tripadvisor.com/Attraction_Review-g298570-d456582-Reviews-Jalan_Masjid_India-Kuala_Lumpur_Wilayah_Persekutuan.html#REVIEWS,Points of Interest & Landmarks • Flea & Street Markets,,,,,,,,,
638,https://www.tripadvisor.com/Attraction_Review-g298570-d7211856-Reviews-SOGO-Kuala_Lumpur_Wilayah_Persekutuan.html,https://dynamic-media-cdn.tripadvisor.com/media/photo-o/0a/cc/c6/d2/main-entrance-of-kl-sogo.jpg?w=500&h=400&s=1,SOGO,35.,https://www.tripadvisor.com/Attraction_Review-g298570-d7211856-Reviews-SOGO-Kuala_Lumpur_Wilayah_Persekutuan.html#REVIEWS,Shopping Malls,Open now,https://www.tripadvisor.com/Profile/slcha,https://dynamic-media-cdn.tripadvisor.com/media/photo-o/1a/f6/f2/eb/default-avatar-2020-27.jpg?w=100&h=-1&s=1,By,slcha,https://www.tripadvisor.com/ShowUserReviews-g298570-d7211856-r588642175-SOGO-Kuala_Lumpur_Wilayah_Persekutuan.html,This is one of the,shopping mall,"within the klang valley that every ""outstationers"" should visit especially during th..."
198,https://www.tripadvisor.com/Attraction_Review-g298570-d10093771-Reviews-KL_Tower_Mini_Zoo-Kuala_Lumpur_Wilayah_Persekutuan.html,https://dynamic-media-cdn.tripadvisor.com/media/photo-o/14/11/73/a1/kl.jpg?w=500&h=-1&s=1,KL Tower Mini Zoo,36.,https://www.tripadvisor.com/Attraction_Review-g298570-d10093771-Reviews-KL_Tower_Mini_Zoo-Kuala_Lumpur_Wilayah_Persekutuan.html#REVIEWS,Zoos,Open now,https://www.tripadvisor.com/Profile/queentower,https://dynamic-media-cdn.tripadvisor.com/media/photo-o/19/f2/24/12/queentower.jpg?w=100&h=-1&s=1,By,queentower,https://www.tripadvisor.com/ShowUserReviews-g298570-d10093771-r564291184-KL_Tower_Mini_Zoo-Kuala_Lumpur_Wilayah_Persekutuan.html,Can have interaction with,animals,"(parrots, goat, rabbits, chickens, and the cutie baby kangaroo)."
938,https://www.tripadvisor.com/Attraction_Review-g298570-d1419463-Reviews-Kuala_Lumpur_Convention_Centre-Kuala_Lumpur_Wilayah_Persekutuan.html,https://dynamic-media-cdn.tripadvisor.com/media/photo-o/10/1c/19/d5/kuala-lumpur-convention.jpg?w=500&h=400&s=1,Kuala Lumpur Convention Centre,37.,https://www.tripadvisor.com/Attraction_Review-g298570-d1419463-Reviews-Kuala_Lumpur_Convention_Centre-Kuala_Lumpur_Wilayah_Persekutuan.html#REVIEWS,Convention Centers,,https://www.tripadvisor.com/Profile/parpanathapalavesam,https://dynamic-media-cdn.tripadvisor.com/media/photo-o/1a/f6/f2/11/default-avatar-2020-23.jpg?w=100&h=-1&s=1,By,parpanathapalavesam,https://www.tripadvisor.com/ShowUserReviews-g298570-d1419463-r750957854-Kuala_Lumpur_Convention_Centre-Kuala_Lumpur_Wilayah_Persekutuan.html,KLCC is very suitable for large conventions and the,exhibition,space is very clean & optimised to the purpose.
222,https://www.tripadvisor.com/Attraction_Review-g298570-d2291333-Reviews-Chow_Kit_Market-Kuala_Lumpur_Wilayah_Persekutuan.html,https://dynamic-media-cdn.tripadvisor.com/media/photo-o/11/b0/77/52/meat-stalls.jpg?w=500&h=-1&s=1,Chow Kit Market,38.,https://www.tripadvisor.com/Attraction_Review-g298570-d2291333-Reviews-Chow_Kit_Market-Kuala_Lumpur_Wilayah_Persekutuan.html#REVIEWS,Flea & Street Markets,,,,,,,,,
260,https://www.tripadvisor.com/Attraction_Review-g298570-d592061-Reviews-Bank_Negara_Malaysia_Museum_and_Art_Gallery-Kuala_Lumpur_Wilayah_Persekutuan.html,https://dynamic-media-cdn.tripadvisor.com/media/photo-o/06/e4/da/65/interior.jpg?w=500&h=-1&s=1,Bank Negara Malaysia Museum and Art Gallery,39.,https://www.tripadvisor.com/Attraction_Review-g298570-d592061-Reviews-Bank_Negara_Malaysia_Museum_and_Art_Gallery-Kuala_Lumpur_Wilayah_Persekutuan.html#REVIEWS,Art Galleries • Speciality Museums,,,,,,,,,
148,https://www.tripadvisor.com/Attraction_Review-g298570-d1438257-Reviews-Kanching_Rainforest_Waterfall-Kuala_Lumpur_Wilayah_Persekutuan.html,https://dynamic-media-cdn.tripadvisor.com/media/photo-o/07/d0/fc/f4/kanching-rainforest-waterfall.jpg?w=500&h=400&s=1,Kanching Rainforest Waterfall,40.,https://www.tripadvisor.com/Attraction_Review-g298570-d1438257-Reviews-Kanching_Rainforest_Waterfall-Kuala_Lumpur_Wilayah_Persekutuan.html#REVIEWS,Parks • Forests,,https://www.tripadvisor.com/Profile/DinTheHost,https://dynamic-media-cdn.tripadvisor.com/media/photo-o/1b/15/87/bc/dinthehost.jpg?w=100&h=-1&s=1,By,DinTheHost,https://www.tripadvisor.com/ShowUserReviews-g298570-d1438257-r747516682-Kanching_Rainforest_Waterfall-Kuala_Lumpur_Wilayah_Persekutuan.html,About 45 minutes drive from,KL city,center and parking is ample.
"1,560",https://www.tripadvisor.com/Attraction_Review-g298570-d447385-Reviews-Merdeka_Square-Kuala_Lumpur_Wilayah_Persekutuan.html,https://dynamic-media-cdn.tripadvisor.com/media/photo-o/03/6b/65/98/caption.jpg?w=500&h=400&s=1,Merdeka Square,41.,https://www.tripadvisor.com/Attraction_Review-g298570-d447385-Reviews-Merdeka_Square-Kuala_Lumpur_Wilayah_Persekutuan.html#REVIEWS,Points of Interest & Landmarks,Open now,https://www.tripadvisor.com/Profile/429Happy,https://dynamic-media-cdn.tripadvisor.com/media/photo-o/08/45/9f/a3/429happy.jpg?w=100&h=-1&s=1,By,429Happy,https://www.tripadvisor.com/ShowUserReviews-g298570-d447385-r625989940-Merdeka_Square-Kuala_Lumpur_Wilayah_Persekutuan.html,"... National Textiles Museum, Old Post Office,",Sultan Abdul Samad Building,", Old town Hall, Old Court Building to name..."
"1,537",https://www.tripadvisor.com/Attraction_Review-g298570-d7618470-Reviews-Kuala_Lumpur_Sentral_Railway_Station-Kuala_Lumpur_Wilayah_Persekutuan.html,https://dynamic-media-cdn.tripadvisor.com/media/photo-o/0b/e6/94/9b/main-platform.jpg?w=500&h=400&s=1,Kuala Lumpur Sentral Railway Station,42.,https://www.tripadvisor.com/Attraction_Review-g298570-d7618470-Reviews-Kuala_Lumpur_Sentral_Railway_Station-Kuala_Lumpur_Wilayah_Persekutuan.html#REVIEWS,Points of Interest & Landmarks • Architectural Buildings,,https://www.tripadvisor.com/Profile/727376,https://dynamic-media-cdn.tripadvisor.com/media/photo-o/1a/f6/e6/ea/default-avatar-2020-54.jpg?w=100&h=-1&s=1,By,727376,https://www.tripadvisor.com/ShowUserReviews-g298570-d7618470-r772741603-Kuala_Lumpur_Sentral_Railway_Station-Kuala_Lumpur_Wilayah_Persekutuan.html,You can take,Express Train,or Bus to the Airport.
684,https://www.tripadvisor.com/Attraction_Review-g298570-d456580-Reviews-Istana_Negara-Kuala_Lumpur_Wilayah_Persekutuan.html,https://dynamic-media-cdn.tripadvisor.com/media/photo-o/12/68/35/75/caption.jpg?w=500&h=400&s=1,Istana Negara,43.,https://www.tripadvisor.com/Attraction_Review-g298570-d456580-Reviews-Istana_Negara-Kuala_Lumpur_Wilayah_Persekutuan.html#REVIEWS,Historic Sites • Architectural Buildings,,https://www.tripadvisor.com/Profile/ih716,https://dynamic-media-cdn.tripadvisor.com/media/photo-s/02/4c/b6/09/i-h.jpg?w=100&h=-1&s=1,By,ih716,https://www.tripadvisor.com/ShowUserReviews-g298570-d456580-r626470313-Istana_Negara-Kuala_Lumpur_Wilayah_Persekutuan.html,Definitely worth a short stop to admire the beautiful,Kings Palace,when you are in Kuala Lumpa.
153,https://www.tripadvisor.com/Attraction_Review-g298570-d9986363-Reviews-Sunway_Putra_Mall-Kuala_Lumpur_Wilayah_Persekutuan.html,https://dynamic-media-cdn.tripadvisor.com/media/photo-o/0e/5b/51/c1/sunway-putra-mall-from.jpg?w=500&h=400&s=1,Sunway Putra Mall,44.,https://www.tripadvisor.com/Attraction_Review-g298570-d9986363-Reviews-Sunway_Putra_Mall-Kuala_Lumpur_Wilayah_Persekutuan.html#REVIEWS,Shopping Malls,,,,,,,,,
139,https://www.tripadvisor.com/Attraction_Review-g298570-d3860678-Reviews-Bukit_Gasing_Forest_Reserve-Kuala_Lumpur_Wilayah_Persekutuan.html,https://dynamic-media-cdn.tripadvisor.com/media/photo-o/0f/6a/25/00/bukit-gasing-forest-reserve.jpg?w=500&h=400&s=1,Bukit Gasing Forest Reserve,45.,https://www.tripadvisor.com/Attraction_Review-g298570-d3860678-Reviews-Bukit_Gasing_Forest_Reserve-Kuala_Lumpur_Wilayah_Persekutuan.html#REVIEWS,Forests,,https://www.tripadvisor.com/Profile/516chrisi,https://dynamic-media-cdn.tripadvisor.com/media/photo-o/1a/f6/f2/b8/default-avatar-2020-26.jpg?w=100&h=-1&s=1,By,516chrisi,https://www.tripadvisor.com/ShowUserReviews-g298570-d3860678-r562412871-Bukit_Gasing_Forest_Reserve-Kuala_Lumpur_Wilayah_Persekutuan.html,BEst place for a,short hike,
764,https://www.tripadvisor.com/Attraction_Review-g298570-d804144-Reviews-Sungei_Wang_Plaza-Kuala_Lumpur_Wilayah_Persekutuan.html,https://dynamic-media-cdn.tripadvisor.com/media/photo-o/1a/3a/b6/56/new-sungei-wang.jpg?w=500&h=400&s=1,Sungei Wang Plaza,46.,https://www.tripadvisor.com/Attraction_Review-g298570-d804144-Reviews-Sungei_Wang_Plaza-Kuala_Lumpur_Wilayah_Persekutuan.html#REVIEWS,Shopping Malls,Open now,https://www.tripadvisor.com/Profile/fathimapochee,https://dynamic-media-cdn.tripadvisor.com/media/photo-o/1a/f6/f2/eb/default-avatar-2020-27.jpg?w=100&h=-1&s=1,By,fathimapochee,https://www.tripadvisor.com/ShowUserReviews-g298570-d804144-r576081992-Sungei_Wang_Plaza-Kuala_Lumpur_Wilayah_Persekutuan.html,The,mall,"has alot of shops, some unique fashion stores and the best part is that there is air-conditioning!"
51,https://www.tripadvisor.com/Attraction_Review-g298570-d10268775-Reviews-Bukit_Kiara_Park-Kuala_Lumpur_Wilayah_Persekutuan.html,https://dynamic-media-cdn.tripadvisor.com/media/photo-o/16/70/4d/ec/bukit-kiara-park.jpg?w=500&h=-1&s=1,Bukit Kiara Park,47.,https://www.tripadvisor.com/Attraction_Review-g298570-d10268775-Reviews-Bukit_Kiara_Park-Kuala_Lumpur_Wilayah_Persekutuan.html#REVIEWS,Biking Trails • Parks,,https://www.tripadvisor.com/Profile/yesphua,https://dynamic-media-cdn.tripadvisor.com/media/photo-o/1a/f6/ea/2e/default-avatar-2020-67.jpg?w=100&h=-1&s=1,By,yesphua,https://www.tripadvisor.com/ShowUserReviews-g298570-d10268775-r572436943-Bukit_Kiara_Park-Kuala_Lumpur_Wilayah_Persekutuan.html,... trail; don't think those fast bikers would like,hikers,getting in their way especially on the way down for bike t...
171,https://www.tripadvisor.com/Attraction_Review-g298570-d6982730-Reviews-The_Gardens_Mall-Kuala_Lumpur_Wilayah_Persekutuan.html,https://dynamic-media-cdn.tripadvisor.com/media/photo-o/0b/33/53/7a/the-gardens-mall.jpg?w=500&h=400&s=1,The Gardens Mall,48.,https://www.tripadvisor.com/Attraction_Review-g298570-d6982730-Reviews-The_Gardens_Mall-Kuala_Lumpur_Wilayah_Persekutuan.html#REVIEWS,Shopping Malls,,,,,,,,,
814,https://www.tripadvisor.com/Attraction_Review-g298570-d1962636-Reviews-Berjaya_Time_Square_Theme_Park-Kuala_Lumpur_Wilayah_Persekutuan.html,https://dynamic-media-cdn.tripadvisor.com/media/photo-o/10/16/21/aa/free-fall.jpg?w=500&h=400&s=1,Berjaya Time Square Theme Park,49.,https://www.tripadvisor.com/Attraction_Review-g298570-d1962636-Reviews-Berjaya_Time_Square_Theme_Park-Kuala_Lumpur_Wilayah_Persekutuan.html#REVIEWS,Amusement & Theme Parks,Open now,,,,,,,,
280,https://www.tripadvisor.com/Attraction_Review-g298570-d456584-Reviews-Jalan_Tuanku_Abdul_Rahman-Kuala_Lumpur_Wilayah_Persekutuan.html,https://dynamic-media-cdn.tripadvisor.com/media/photo-o/12/2a/6a/40/colorful-historical-buildings.jpg?w=500&h=400&s=1,Jalan Tuanku Abdul Rahman,50.,https://www.tripadvisor.com/Attraction_Review-g298570-d456584-Reviews-Jalan_Tuanku_Abdul_Rahman-Kuala_Lumpur_Wilayah_Persekutuan.html#REVIEWS,Points of Interest & Landmarks,,https://www.tripadvisor.com/Profile/ikamohamad,https://dynamic-media-cdn.tripadvisor.com/media/photo-o/1a/f6/e5/2b/default-avatar-2020-52.jpg?w=100&h=-1&s=1,By,ikamohamad,https://www.tripadvisor.com/ShowUserReviews-g298570-d456584-r744475353-Jalan_Tuanku_Abdul_Rahman-Kuala_Lumpur_Wilayah_Persekutuan.html,Best place for,shopping,on Hari Raya
86,https://www.tripadvisor.com/Attraction_Review-g298570-d13203545-Reviews-The_River_of_Life-Kuala_Lumpur_Wilayah_Persekutuan.html,https://dynamic-media-cdn.tripadvisor.com/media/photo-o/17/57/3e/21/2.jpg?w=500&h=400&s=1,The River of Life,51.,https://www.tripadvisor.com/Attraction_Review-g298570-d13203545-Reviews-The_River_of_Life-Kuala_Lumpur_Wilayah_Persekutuan.html#REVIEWS,Points of Interest & Landmarks • Scenic Walking Areas,,https://www.tripadvisor.com/Profile/yalmunas,https://dynamic-media-cdn.tripadvisor.com/media/photo-o/0e/5b/80/03/yalmunas.jpg?w=100&h=-1&s=1,By,yalmunas,https://www.tripadvisor.com/ShowUserReviews-g298570-d13203545-r735274479-The_River_of_Life-Kuala_Lumpur_Wilayah_Persekutuan.html,"The area at night is beautiful with colored lights, water fountain shows and a water fog/",mist,.
605,https://www.tripadvisor.com/Attraction_Review-g298570-d2689186-Reviews-National_Textile_Museum-Kuala_Lumpur_Wilayah_Persekutuan.html,https://dynamic-media-cdn.tripadvisor.com/media/photo-o/0f/d6/46/f0/national-textile-museum.jpg?w=500&h=-1&s=1,National Textile Museum,52.,https://www.tripadvisor.com/Attraction_Review-g298570-d2689186-Reviews-National_Textile_Museum-Kuala_Lumpur_Wilayah_Persekutuan.html#REVIEWS,Speciality Museums,,https://www.tripadvisor.com/Profile/429Happy,https://dynamic-media-cdn.tripadvisor.com/media/photo-o/08/45/9f/a3/429happy.jpg?w=100&h=-1&s=1,By,429Happy,https://www.tripadvisor.com/ShowUserReviews-g298570-d2689186-r629007156-National_Textile_Museum-Kuala_Lumpur_Wilayah_Persekutuan.html,Contains four main,galleries,on the ground and first floors plus a small cinema.
100,https://www.tripadvisor.com/Attraction_Review-g298570-d12000074-Reviews-Sunway_Velocity_Mall-Kuala_Lumpur_Wilayah_Persekutuan.html,https://dynamic-media-cdn.tripadvisor.com/media/photo-o/13/22/1d/39/sunway-velocity-mall.jpg?w=500&h=400&s=1,Sunway Velocity Mall,53.,https://www.tripadvisor.com/Attraction_Review-g298570-d12000074-Reviews-Sunway_Velocity_Mall-Kuala_Lumpur_Wilayah_Persekutuan.html#REVIEWS,Shopping Malls,Open now,,,,,,,,
513,https://www.tripadvisor.com/Attraction_Review-g298570-d2335279-Reviews-Low_Yat_Plaza-Kuala_Lumpur_Wilayah_Persekutuan.html,https://dynamic-media-cdn.tripadvisor.com/media/photo-o/17/3c/6b/eb/caption.jpg?w=500&h=-1&s=1,Low Yat Plaza,54.,https://www.tripadvisor.com/Attraction_Review-g298570-d2335279-Reviews-Low_Yat_Plaza-Kuala_Lumpur_Wilayah_Persekutuan.html#REVIEWS,Shopping Malls,Open now,https://www.tripadvisor.com/Profile/ponnuswamy,https://dynamic-media-cdn.tripadvisor.com/media/photo-o/14/d4/65/da/ponnuswamy.jpg?w=100&h=-1&s=1,By,ponnuswamy,https://www.tripadvisor.com/ShowUserReviews-g298570-d2335279-r723691061-Low_Yat_Plaza-Kuala_Lumpur_Wilayah_Persekutuan.html,you can get genuine electronics,gadgets,"right from TV, mobiles, sound bar, security cameras and other cool gadgets.So..."
111,https://www.tripadvisor.com/Attraction_Review-g298570-d454878-Reviews-National_Visual_Arts_Gallery-Kuala_Lumpur_Wilayah_Persekutuan.html,https://dynamic-media-cdn.tripadvisor.com/media/photo-o/12/b4/4f/6e/national-visual-arts.jpg?w=500&h=400&s=1,National Visual Arts Gallery,55.,https://www.tripadvisor.com/Attraction_Review-g298570-d454878-Reviews-National_Visual_Arts_Gallery-Kuala_Lumpur_Wilayah_Persekutuan.html#REVIEWS,Speciality Museums,,,,,,,,,
399,https://www.tripadvisor.com/Attraction_Review-g298570-d3522278-Reviews-Lot_10_Shopping_Centre-Kuala_Lumpur_Wilayah_Persekutuan.html,https://dynamic-media-cdn.tripadvisor.com/media/photo-o/11/c8/f1/a9/atrium-of-lot-10-shopping.jpg?w=500&h=400&s=1,Lot 10 Shopping Centre,56.,https://www.tripadvisor.com/Attraction_Review-g298570-d3522278-Reviews-Lot_10_Shopping_Centre-Kuala_Lumpur_Wilayah_Persekutuan.html#REVIEWS,Shopping Malls,Open now,,,,,,,,
55,https://www.tripadvisor.com/Attraction_Review-g298570-d13441930-Reviews-LuLu_Hypermarket-Kuala_Lumpur_Wilayah_Persekutuan.html,https://dynamic-media-cdn.tripadvisor.com/media/photo-o/11/f7/b6/5f/interior-of-lulu-hypermarket.jpg?w=500&h=400&s=1,LuLu Hypermarket,57.,https://www.tripadvisor.com/Attraction_Review-g298570-d13441930-Reviews-LuLu_Hypermarket-Kuala_Lumpur_Wilayah_Persekutuan.html#REVIEWS,Department Stores,,,,,,,,,
780,https://www.tripadvisor.com/Attraction_Review-g298570-d455100-Reviews-Bintang_Walk-Kuala_Lumpur_Wilayah_Persekutuan.html,https://dynamic-media-cdn.tripadvisor.com/media/photo-o/17/3f/62/2f/caption.jpg?w=500&h=-1&s=1,Bintang Walk,58.,https://www.tripadvisor.com/Attraction_Review-g298570-d455100-Reviews-Bintang_Walk-Kuala_Lumpur_Wilayah_Persekutuan.html#REVIEWS,Neighborhoods,,https://www.tripadvisor.com/Profile/malabarber,https://dynamic-media-cdn.tripadvisor.com/media/photo-o/1a/f6/eb/a3/default-avatar-2020-38.jpg?w=100&h=-1&s=1,By,malabarber,https://www.tripadvisor.com/ShowUserReviews-g298570-d455100-r590494048-Bintang_Walk-Kuala_Lumpur_Wilayah_Persekutuan.html,"malls, restaurants, bars, cafe , massage places & grt hawker food at night.",Shopping,
229,https://www.tripadvisor.com/Attraction_Review-g298570-d456595-Reviews-Royal_Malaysia_Police_Museum-Kuala_Lumpur_Wilayah_Persekutuan.html,https://dynamic-media-cdn.tripadvisor.com/media/photo-o/10/74/a4/8d/royal-malaysia-police.jpg?w=500&h=400&s=1,Royal Malaysia Police Museum,59.,https://www.tripadvisor.com/Attraction_Review-g298570-d456595-Reviews-Royal_Malaysia_Police_Museum-Kuala_Lumpur_Wilayah_Persekutuan.html#REVIEWS,Speciality Museums,,https://www.tripadvisor.com/Profile/FeliciaS249,https://dynamic-media-cdn.tripadvisor.com/media/photo-o/1a/f6/e5/2b/default-avatar-2020-52.jpg?w=100&h=-1&s=1,By,FeliciaS249,https://www.tripadvisor.com/ShowUserReviews-g298570-d456595-r683827051-Royal_Malaysia_Police_Museum-Kuala_Lumpur_Wilayah_Persekutuan.html,you never knew there is so much history to our,police force,.
198,https://www.tripadvisor.com/Attraction_Review-g298570-d6898201-Reviews-Avenue_K_Shopping_Mall-Kuala_Lumpur_Wilayah_Persekutuan.html,https://dynamic-media-cdn.tripadvisor.com/media/photo-o/0d/c5/eb/9b/caption.jpg?w=500&h=-1&s=1,Avenue K Shopping Mall,60.,https://www.tripadvisor.com/Attraction_Review-g298570-d6898201-Reviews-Avenue_K_Shopping_Mall-Kuala_Lumpur_Wilayah_Persekutuan.html#REVIEWS,Shopping Malls,,,,,,,,,
3,,,,,,1,2,,,,,,,,
"1,373",https://www.tripadvisor.com/Attraction_Review-g298570-d456574-Reviews-Kuala_Lumpur_Butterfly_Park-Kuala_Lumpur_Wilayah_Persekutuan.html,https://dynamic-media-cdn.tripadvisor.com/media/photo-o/0e/a8/e9/0a/vegetationen-i-fjarilsparken.jpg?w=500&h=-1&s=1,Kuala Lumpur Butterfly Park,31.,https://www.tripadvisor.com/Attraction_Review-g298570-d456574-Reviews-Kuala_Lumpur_Butterfly_Park-Kuala_Lumpur_Wilayah_Persekutuan.html#REVIEWS,Parks,,https://www.tripadvisor.com/Profile/535carmeny,https://dynamic-media-cdn.tripadvisor.com/media/photo-o/1a/f6/ee/db/default-avatar-2020-10.jpg?w=100&h=-1&s=1,By,535carmeny,https://www.tripadvisor.com/ShowUserReviews-g298570-d456574-r615595888-Kuala_Lumpur_Butterfly_Park-Kuala_Lumpur_Wilayah_Persekutuan.html,We spent good 2 hrs staying up close and taking photos of,beautiful butterflies,.
"1,146",https://www.tripadvisor.com/Attraction_Review-g298570-d456587-Reviews-Little_India_Brickfields-Kuala_Lumpur_Wilayah_Persekutuan.html,https://dynamic-media-cdn.tripadvisor.com/media/photo-o/12/6d/a5/0d/little-india-calle-principal.jpg?w=500&h=400&s=1,Little India Brickfields,32.,https://www.tripadvisor.com/Attraction_Review-g298570-d456587-Reviews-Little_India_Brickfields-Kuala_Lumpur_Wilayah_Persekutuan.html#REVIEWS,Neighborhoods,,https://www.tripadvisor.com/Profile/GordonR229,https://dynamic-media-cdn.tripadvisor.com/media/photo-o/1a/f6/de/5a/default-avatar-2020-36.jpg?w=100&h=-1&s=1,By,GordonR229,https://www.tripadvisor.com/ShowUserReviews-g298570-d456587-r612438430-Little_India_Brickfields-Kuala_Lumpur_Wilayah_Persekutuan.html,"Wear a hat, take plenty of water as it can be hot and humid; but that is true all over",KL,.
154,https://www.tripadvisor.com/Attraction_Review-g298570-d3618743-Reviews-Bukit_Tabur-Kuala_Lumpur_Wilayah_Persekutuan.html,https://dynamic-media-cdn.tripadvisor.com/media/photo-o/1a/9d/75/91/photo0jpg.jpg?w=500&h=-1&s=1,Bukit Tabur,33.,https://www.tripadvisor.com/Attraction_Review-g298570-d3618743-Reviews-Bukit_Tabur-Kuala_Lumpur_Wilayah_Persekutuan.html#REVIEWS,Mountains,,,,,,,,,
710,https://www.tripadvisor.com/Attraction_Review-g298570-d456582-Reviews-Jalan_Masjid_India-Kuala_Lumpur_Wilayah_Persekutuan.html,https://dynamic-media-cdn.tripadvisor.com/media/photo-o/07/db/03/17/jalan-masjid-india.jpg?w=500&h=400&s=1,Jalan Masjid India,34.,https://www.tripadvisor.com/Attraction_Review-g298570-d456582-Reviews-Jalan_Masjid_India-Kuala_Lumpur_Wilayah_Persekutuan.html#REVIEWS,Points of Interest & Landmarks • Flea & Street Markets,,,,,,,,,
638,https://www.tripadvisor.com/Attraction_Review-g298570-d7211856-Reviews-SOGO-Kuala_Lumpur_Wilayah_Persekutuan.html,https://dynamic-media-cdn.tripadvisor.com/media/photo-o/0a/cc/c6/d2/main-entrance-of-kl-sogo.jpg?w=500&h=400&s=1,SOGO,35.,https://www.tripadvisor.com/Attraction_Review-g298570-d7211856-Reviews-SOGO-Kuala_Lumpur_Wilayah_Persekutuan.html#REVIEWS,Shopping Malls,Open now,https://www.tripadvisor.com/Profile/slcha,https://dynamic-media-cdn.tripadvisor.com/media/photo-o/1a/f6/f2/eb/default-avatar-2020-27.jpg?w=100&h=-1&s=1,By,slcha,https://www.tripadvisor.com/ShowUserReviews-g298570-d7211856-r588642175-SOGO-Kuala_Lumpur_Wilayah_Persekutuan.html,This is one of the,shopping mall,"within the klang valley that every ""outstationers"" should visit especially during th..."
4,,,,,,1,3,,,,,,,,
67,https://www.tripadvisor.com/Attraction_Review-g298570-d10735415-Reviews-The_Intermark_Mall-Kuala_Lumpur_Wilayah_Persekutuan.html,https://dynamic-media-cdn.tripadvisor.com/media/photo-o/0d/b1/58/47/photo0jpg.jpg?w=500&h=-1&s=1,The Intermark Mall,91.,https://www.tripadvisor.com/Attraction_Review-g298570-d10735415-Reviews-The_Intermark_Mall-Kuala_Lumpur_Wilayah_Persekutuan.html#REVIEWS,Shopping Malls,,https://www.tripadvisor.com/Profile/aidakl2018,https://dynamic-media-cdn.tripadvisor.com/media/photo-o/15/40/a1/0e/aidakl2018.jpg?w=100&h=-1&s=1,By,aidakl2018,https://www.tripadvisor.com/ShowUserReviews-g298570-d10735415-r631458492-The_Intermark_Mall-Kuala_Lumpur_Wilayah_Persekutuan.html,"If you need to to cook, come to Jaya Grocer just next door the",food court,", a lot of stuff locally and international."
17,https://www.tripadvisor.com/Attraction_Review-g298570-d10717635-Reviews-Taman_Tasik_Permaisuri-Kuala_Lumpur_Wilayah_Persekutuan.html,https://dynamic-media-cdn.tripadvisor.com/media/photo-o/0f/67/7c/f2/taman-tasik-permaisuri.jpg?w=500&h=400&s=1,Taman Tasik Permaisuri,92.,https://www.tripadvisor.com/Attraction_Review-g298570-d10717635-Reviews-Taman_Tasik_Permaisuri-Kuala_Lumpur_Wilayah_Persekutuan.html#REVIEWS,Parks • Playgrounds,,,,,,,,,
114,https://www.tripadvisor.com/Attraction_Review-g298570-d13439020-Reviews-Air_Asia_Premium_Red_Lounge_klia2-Kuala_Lumpur_Wilayah_Persekutuan.html,https://dynamic-media-cdn.tripadvisor.com/media/photo-o/16/45/18/1a/airasia-red-lounge.jpg?w=500&h=-1&s=1,Air Asia Premium Red Lounge klia2,93.,https://www.tripadvisor.com/Attraction_Review-g298570-d13439020-Reviews-Air_Asia_Premium_Red_Lounge_klia2-Kuala_Lumpur_Wilayah_Persekutuan.html#REVIEWS,Airport Lounges,,,,,,,,,
31,https://www.tripadvisor.com/Attraction_Review-g298570-d10109761-Reviews-Istana_Budaya-Kuala_Lumpur_Wilayah_Persekutuan.html,https://dynamic-media-cdn.tripadvisor.com/media/photo-o/0c/14/42/c7/istana-budaya-2015.jpg?w=500&h=400&s=1,Istana Budaya,94.,https://www.tripadvisor.com/Attraction_Review-g298570-d10109761-Reviews-Istana_Budaya-Kuala_Lumpur_Wilayah_Persekutuan.html#REVIEWS,Points of Interest & Landmarks • Architectural Buildings,,,,,,,,,
134,https://www.tripadvisor.com/Attraction_Review-g298570-d1460665-Reviews-Semua_House-Kuala_Lumpur_Wilayah_Persekutuan.html,https://dynamic-media-cdn.tripadvisor.com/media/photo-o/0b/21/e3/a9/20160506-170848-largejpg.jpg?w=500&h=400&s=1,Semua House,95.,https://www.tripadvisor.com/Attraction_Review-g298570-d1460665-Reviews-Semua_House-Kuala_Lumpur_Wilayah_Persekutuan.html#REVIEWS,Shopping Malls,,,,,,,,,
82,https://www.tripadvisor.com/Attraction_Review-g298570-d17630197-Reviews-Sky_Deck_KL_Tower-Kuala_Lumpur_Wilayah_Persekutuan.html,https://dynamic-media-cdn.tripadvisor.com/media/photo-o/1a/36/0c/30/img-20191128-115838-largejpg.jpg?w=500&h=400&s=1,Sky Deck KL Tower,96.,https://www.tripadvisor.com/Attraction_Review-g298570-d17630197-Reviews-Sky_Deck_KL_Tower-Kuala_Lumpur_Wilayah_Persekutuan.html#REVIEWS,Observation Decks & Towers,,https://www.tripadvisor.com/Profile/LauraT404,https://dynamic-media-cdn.tripadvisor.com/media/photo-o/1b/2e/f5/96/laura-t.jpg?w=100&h=-1&s=1,By,LauraT404,https://www.tripadvisor.com/ShowUserReviews-g298570-d17630197-r750819150-Sky_Deck_KL_Tower-Kuala_Lumpur_Wilayah_Persekutuan.html,The,KL Tower,offers spectacular views of Kuala Lumpur City skyline.
51,https://www.tripadvisor.com/Attraction_Review-g298570-d10284527-Reviews-Bangsar_Village_2_Shopping_Mall-Kuala_Lumpur_Wilayah_Persekutuan.html,https://dynamic-media-cdn.tripadvisor.com/media/photo-o/0b/82/18/27/cute-and-gorgeous-cafes.jpg?w=500&h=-1&s=1,Bangsar Village 2 Shopping Mall,97.,https://www.tripadvisor.com/Attraction_Review-g298570-d10284527-Reviews-Bangsar_Village_2_Shopping_Mall-Kuala_Lumpur_Wilayah_Persekutuan.html#REVIEWS,Shopping Malls,,,,,,,,,
33,https://www.tripadvisor.com/Attraction_Review-g298570-d12731705-Reviews-Melawati_Mall-Kuala_Lumpur_Wilayah_Persekutuan.html,https://dynamic-media-cdn.tripadvisor.com/media/photo-o/10/4f/d6/d6/melawati-mall.jpg?w=500&h=-1&s=1,Melawati Mall,98.,https://www.tripadvisor.com/Attraction_Review-g298570-d12731705-Reviews-Melawati_Mall-Kuala_Lumpur_Wilayah_Persekutuan.html#REVIEWS,Shopping Malls,,,,,,,,,
34,https://www.tripadvisor.com/Attraction_Review-g298570-d9608627-Reviews-Ilham_Gallery-Kuala_Lumpur_Wilayah_Persekutuan.html,https://dynamic-media-cdn.tripadvisor.com/media/photo-o/0e/54/50/d4/ilham-display-1.jpg?w=500&h=400&s=1,Ilham Gallery,99.,https://www.tripadvisor.com/Attraction_Review-g298570-d9608627-Reviews-Ilham_Gallery-Kuala_Lumpur_Wilayah_Persekutuan.html#REVIEWS,Art Galleries,,,,,,,,,
277,https://www.tripadvisor.com/Attraction_Review-g298570-d2401526-Reviews-Malayan_Railways_Limited_Building-Kuala_Lumpur_Wilayah_Persekutuan.html,https://dynamic-media-cdn.tripadvisor.com/media/photo-o/0e/48/4f/1a/caption.jpg?w=500&h=400&s=1,Malayan Railways Limited Building,100.,https://www.tripadvisor.com/Attraction_Review-g298570-d2401526-Reviews-Malayan_Railways_Limited_Building-Kuala_Lumpur_Wilayah_Persekutuan.html#REVIEWS,Architectural Buildings,,,,,,,,,
84,https://www.tripadvisor.com/Attraction_Review-g298570-d456579-Reviews-Hibiscus_Garden-Kuala_Lumpur_Wilayah_Persekutuan.html,https://dynamic-media-cdn.tripadvisor.com/media/photo-o/10/c2/97/47/the-hibiscus-park.jpg?w=500&h=400&s=1,Hibiscus Garden,101.,https://www.tripadvisor.com/Attraction_Review-g298570-d456579-Reviews-Hibiscus_Garden-Kuala_Lumpur_Wilayah_Persekutuan.html#REVIEWS,Gardens,,,,,,,,,
30,https://www.tripadvisor.com/Attraction_Review-g298570-d6563570-Reviews-Kortumalai_Sri_Ganesar_Temple-Kuala_Lumpur_Wilayah_Persekutuan.html,https://dynamic-media-cdn.tripadvisor.com/media/photo-o/07/c2/5c/a2/the-front.jpg?w=500&h=400&s=1,Kortumalai Sri Ganesar Temple,102.,https://www.tripadvisor.com/Attraction_Review-g298570-d6563570-Reviews-Kortumalai_Sri_Ganesar_Temple-Kuala_Lumpur_Wilayah_Persekutuan.html#REVIEWS,Religious Sites,,,,,,,,,
63,https://www.tripadvisor.com/Attraction_Review-g298570-d12653358-Reviews-KLIA_Transit-Kuala_Lumpur_Wilayah_Persekutuan.html,https://dynamic-media-cdn.tripadvisor.com/media/photo-o/10/0f/46/14/caption.jpg?w=500&h=-1&s=1,KLIA Transit,103.,https://www.tripadvisor.com/Attraction_Review-g298570-d12653358-Reviews-KLIA_Transit-Kuala_Lumpur_Wilayah_Persekutuan.html#REVIEWS,Public Transportation Systems,,,,,,,,,
49,https://www.tripadvisor.com/Attraction_Review-g298570-d8527289-Reviews-Jalan_Sayur_Food_Street-Kuala_Lumpur_Wilayah_Persekutuan.html,https://dynamic-media-cdn.tripadvisor.com/media/photo-o/16/a2/9b/2b/jalan-sayur-food-street.jpg?w=500&h=400&s=1,Jalan Sayur Food Street,104.,https://www.tripadvisor.com/Attraction_Review-g298570-d8527289-Reviews-Jalan_Sayur_Food_Street-Kuala_Lumpur_Wilayah_Persekutuan.html#REVIEWS,Flea & Street Markets,,,,,,,,,
33,https://www.tripadvisor.com/Attraction_Review-g298570-d456583-Reviews-Jalan_Pasar_Market-Kuala_Lumpur_Wilayah_Persekutuan.html,https://dynamic-media-cdn.tripadvisor.com/media/photo-o/16/2a/d7/4a/jalan-pasar.jpg?w=500&h=-1&s=1,Jalan Pasar Market,105.,https://www.tripadvisor.com/Attraction_Review-g298570-d456583-Reviews-Jalan_Pasar_Market-Kuala_Lumpur_Wilayah_Persekutuan.html#REVIEWS,Flea & Street Markets,,,,,,,,,
41,https://www.tripadvisor.com/Attraction_Review-g298570-d3702562-Reviews-Asean_Sculpture_Garden-Kuala_Lumpur_Wilayah_Persekutuan.html,https://dynamic-media-cdn.tripadvisor.com/media/photo-o/0c/a6/5f/e3/asean-sculpture-garden.jpg?w=500&h=400&s=1,Asean Sculpture Garden,106.,https://www.tripadvisor.com/Attraction_Review-g298570-d3702562-Reviews-Asean_Sculpture_Garden-Kuala_Lumpur_Wilayah_Persekutuan.html#REVIEWS,Gardens,,,,,,,,,
17,https://www.tripadvisor.com/Attraction_Review-g298570-d12414862-Reviews-1_Mont_Kiara-Kuala_Lumpur_Wilayah_Persekutuan.html,https://dynamic-media-cdn.tripadvisor.com/media/photo-o/0f/50/ff/99/1-mont-kiara-shopping.jpg?w=500&h=400&s=1,1 Mont' Kiara,107.,https://www.tripadvisor.com/Attraction_Review-g298570-d12414862-Reviews-1_Mont_Kiara-Kuala_Lumpur_Wilayah_Persekutuan.html#REVIEWS,Shopping Malls,,,,,,,,,
43,https://www.tripadvisor.com/Attraction_Review-g298570-d9803724-Reviews-St_John_s_Cathedral-Kuala_Lumpur_Wilayah_Persekutuan.html,https://dynamic-media-cdn.tripadvisor.com/media/photo-o/14/66/23/be/st-john-s-cathedral.jpg?w=500&h=400&s=1,St. John's Cathedral,108.,https://www.tripadvisor.com/Attraction_Review-g298570-d9803724-Reviews-St_John_s_Cathedral-Kuala_Lumpur_Wilayah_Persekutuan.html#REVIEWS,Churches & Cathedrals,,,,,,,,,
12,https://www.tripadvisor.com/Attraction_Review-g298570-d2642902-Reviews-Ampang_Hilir_Park-Kuala_Lumpur_Wilayah_Persekutuan.html,https://dynamic-media-cdn.tripadvisor.com/media/photo-o/0f/30/d2/b8/ampang-hilir-park.jpg?w=500&h=400&s=1,Ampang Hilir Park,109.,https://www.tripadvisor.com/Attraction_Review-g298570-d2642902-Reviews-Ampang_Hilir_Park-Kuala_Lumpur_Wilayah_Persekutuan.html#REVIEWS,Parks,,,,,,,,,
18,https://www.tripadvisor.com/Attraction_Review-g298570-d12945883-Reviews-Malaysia_International_Trade_Exhibition_Centre-Kuala_Lumpur_Wilayah_Persekutuan.html,https://dynamic-media-cdn.tripadvisor.com/media/photo-o/10/fe/1d/a2/will-be-looking-more.jpg?w=500&h=400&s=1,Malaysia International Trade & Exhibition Centre,110.,https://www.tripadvisor.com/Attraction_Review-g298570-d12945883-Reviews-Malaysia_International_Trade_Exhibition_Centre-Kuala_Lumpur_Wilayah_Persekutuan.html#REVIEWS,Convention Centers,,,,,,,,,
61,https://www.tripadvisor.com/Attraction_Review-g298570-d3619164-Reviews-Muzium_Telekom-Kuala_Lumpur_Wilayah_Persekutuan.html,https://dynamic-media-cdn.tripadvisor.com/media/photo-o/10/59/85/1b/muzium-telekom.jpg?w=500&h=400&s=1,Muzium Telekom,111.,https://www.tripadvisor.com/Attraction_Review-g298570-d3619164-Reviews-Muzium_Telekom-Kuala_Lumpur_Wilayah_Persekutuan.html#REVIEWS,Speciality Museums,,,,,,,,,
28,https://www.tripadvisor.com/Attraction_Review-g298570-d10112490-Reviews-Wangsa_Walk_Mall-Kuala_Lumpur_Wilayah_Persekutuan.html,https://dynamic-media-cdn.tripadvisor.com/media/photo-o/0d/bd/51/8d/a-w-wangsa-walk-mall.jpg?w=500&h=400&s=1,Wangsa Walk Mall,112.,https://www.tripadvisor.com/Attraction_Review-g298570-d10112490-Reviews-Wangsa_Walk_Mall-Kuala_Lumpur_Wilayah_Persekutuan.html#REVIEWS,Shopping Malls,,,,,,,,,
91,https://www.tripadvisor.com/Attraction_Review-g298570-d456576-Reviews-Kuala_Lumpur_Deer_Park-Kuala_Lumpur_Wilayah_Persekutuan.html,https://dynamic-media-cdn.tripadvisor.com/media/photo-o/08/22/ec/58/deer-park.jpg?w=500&h=-1&s=1,Kuala Lumpur Deer Park,113.,https://www.tripadvisor.com/Attraction_Review-g298570-d456576-Reviews-Kuala_Lumpur_Deer_Park-Kuala_Lumpur_Wilayah_Persekutuan.html#REVIEWS,Parks,,,,,,,,,
9,https://www.tripadvisor.com/Attraction_Review-g298570-d12660078-Reviews-Kepong_Botanical_Garden-Kuala_Lumpur_Wilayah_Persekutuan.html,https://dynamic-media-cdn.tripadvisor.com/media/photo-o/0f/fa/fd/30/kepong-botanical-garden.jpg?w=500&h=400&s=1,Kepong Botanical Garden,114.,https://www.tripadvisor.com/Attraction_Review-g298570-d12660078-Reviews-Kepong_Botanical_Garden-Kuala_Lumpur_Wilayah_Persekutuan.html#REVIEWS,Gardens,,,,,,,,,
58,https://www.tripadvisor.com/Attraction_Review-g298570-d2400609-Reviews-Chan_See_Shu_Yuen_Temple-Kuala_Lumpur_Wilayah_Persekutuan.html,https://dynamic-media-cdn.tripadvisor.com/media/photo-o/08/a9/bb/16/chan-see-shu-yuen-temple.jpg?w=500&h=-1&s=1,Chan See Shu Yuen Temple,115.,https://www.tripadvisor.com/Attraction_Review-g298570-d2400609-Reviews-Chan_See_Shu_Yuen_Temple-Kuala_Lumpur_Wilayah_Persekutuan.html#REVIEWS,Religious Sites,,,,,,,,,
54,https://www.tripadvisor.com/Attraction_Review-g298570-d6104102-Reviews-Church_of_the_Holy_Rosary-Kuala_Lumpur_Wilayah_Persekutuan.html,https://dynamic-media-cdn.tripadvisor.com/media/photo-o/06/06/87/e3/church-of-the-holy-rosary.jpg?w=500&h=-1&s=1,Church of the Holy Rosary,116.,https://www.tripadvisor.com/Attraction_Review-g298570-d6104102-Reviews-Church_of_the_Holy_Rosary-Kuala_Lumpur_Wilayah_Persekutuan.html#REVIEWS,Churches & Cathedrals,,,,,,,,,
15,https://www.tripadvisor.com/Attraction_Review-g298570-d13290367-Reviews-Damansara_City_Mall_DC_Mall-Kuala_Lumpur_Wilayah_Persekutuan.html,https://dynamic-media-cdn.tripadvisor.com/media/photo-o/11/99/cf/51/symphony-by-chef-jo.jpg?w=500&h=400&s=1,Damansara City Mall (DC Mall),117.,https://www.tripadvisor.com/Attraction_Review-g298570-d13290367-Reviews-Damansara_City_Mall_DC_Mall-Kuala_Lumpur_Wilayah_Persekutuan.html#REVIEWS,Shopping Malls,Open now,,,,,,,,
116,https://www.tripadvisor.com/Attraction_Review-g298570-d457125-Reviews-St_Mary_s_Cathedral-Kuala_Lumpur_Wilayah_Persekutuan.html,https://dynamic-media-cdn.tripadvisor.com/media/photo-o/0e/18/bb/3e/caption.jpg?w=500&h=400&s=1,St. Mary's Cathedral,118.,https://www.tripadvisor.com/Attraction_Review-g298570-d457125-Reviews-St_Mary_s_Cathedral-Kuala_Lumpur_Wilayah_Persekutuan.html#REVIEWS,Religious Sites • Churches & Cathedrals,Open now,,,,,,,,
11,https://www.tripadvisor.com/Attraction_Review-g298570-d15096209-Reviews-Selfie_Museum_KL-Kuala_Lumpur_Wilayah_Persekutuan.html,https://dynamic-media-cdn.tripadvisor.com/media/photo-o/14/bf/ab/b6/5-free-desserts.jpg?w=500&h=400&s=1,Selfie Museum KL,119.,https://www.tripadvisor.com/Attraction_Review-g298570-d15096209-Reviews-Selfie_Museum_KL-Kuala_Lumpur_Wilayah_Persekutuan.html#REVIEWS,Speciality Museums,,,,,,,,,
42,https://www.tripadvisor.com/Attraction_Review-g298570-d8035393-Reviews-Masjid_As_Syakirin-Kuala_Lumpur_Wilayah_Persekutuan.html,https://dynamic-media-cdn.tripadvisor.com/media/photo-o/0f/0c/aa/0f/fb-img-1492851458511.jpg?w=500&h=400&s=1,Masjid As-Syakirin,120.,https://www.tripadvisor.com/Attraction_Review-g298570-d8035393-Reviews-Masjid_As_Syakirin-Kuala_Lumpur_Wilayah_Persekutuan.html#REVIEWS,Religious Sites,,,,,,,,,
5,,,,,,1,4,,,,,,,,
20,https://www.tripadvisor.com/Attraction_Review-g298570-d10335306-Reviews-Setapak_Central-Kuala_Lumpur_Wilayah_Persekutuan.html,https://dynamic-media-cdn.tripadvisor.com/media/photo-o/0e/4e/8c/d6/setapak-central.jpg?w=500&h=400&s=1,Setapak Central,121.,https://www.tripadvisor.com/Attraction_Review-g298570-d10335306-Reviews-Setapak_Central-Kuala_Lumpur_Wilayah_Persekutuan.html#REVIEWS,Shopping Malls,Open now,,,,,,,,
84,https://www.tripadvisor.com/Attraction_Review-g298570-d456581-Reviews-Jalan_Ampang-Kuala_Lumpur_Wilayah_Persekutuan.html,https://dynamic-media-cdn.tripadvisor.com/media/photo-o/08/8d/e3/25/jalan-ampang.jpg?w=500&h=400&s=1,Jalan Ampang,122.,https://www.tripadvisor.com/Attraction_Review-g298570-d456581-Reviews-Jalan_Ampang-Kuala_Lumpur_Wilayah_Persekutuan.html#REVIEWS,Points of Interest & Landmarks,,,,,,,,,
8,https://www.tripadvisor.com/Attraction_Review-g298570-d10079280-Reviews-Axiata_Arena-Kuala_Lumpur_Wilayah_Persekutuan.html,https://dynamic-media-cdn.tripadvisor.com/media/photo-o/0b/da/0e/86/the-thriller-cast-came.jpg?w=500&h=400&s=1,Axiata Arena,123.,https://www.tripadvisor.com/Attraction_Review-g298570-d10079280-Reviews-Axiata_Arena-Kuala_Lumpur_Wilayah_Persekutuan.html#REVIEWS,Arenas & Stadiums,,,,,,,,,
58,https://www.tripadvisor.com/Attraction_Review-g298570-d12989241-Reviews-Pavilion_Crystal_Fountain-Kuala_Lumpur_Wilayah_Persekutuan.html,https://dynamic-media-cdn.tripadvisor.com/media/photo-o/15/64/c6/75/pavilion-crystal-fountain.jpg?w=500&h=-1&s=1,Pavilion Crystal Fountain,124.,https://www.tripadvisor.com/Attraction_Review-g298570-d12989241-Reviews-Pavilion_Crystal_Fountain-Kuala_Lumpur_Wilayah_Persekutuan.html#REVIEWS,Fountains,,,,,,,,,
39,https://www.tripadvisor.com/Attraction_Review-g298570-d8549486-Reviews-Kun_Yam_Thong_Temple-Kuala_Lumpur_Wilayah_Persekutuan.html,https://dynamic-media-cdn.tripadvisor.com/media/photo-o/15/38/30/82/kun-yam-thong-temple.jpg?w=500&h=-1&s=1,Kun Yam Thong Temple,125.,https://www.tripadvisor.com/Attraction_Review-g298570-d8549486-Reviews-Kun_Yam_Thong_Temple-Kuala_Lumpur_Wilayah_Persekutuan.html#REVIEWS,Religious Sites,,,,,,,,,
73,https://www.tripadvisor.com/Attraction_Review-g298570-d4662787-Reviews-Blue_Coral_Aquarium-Kuala_Lumpur_Wilayah_Persekutuan.html,https://dynamic-media-cdn.tripadvisor.com/media/photo-o/05/5a/39/5b/aquarium.jpg?w=500&h=400&s=1,Blue Coral Aquarium,126.,https://www.tripadvisor.com/Attraction_Review-g298570-d4662787-Reviews-Blue_Coral_Aquarium-Kuala_Lumpur_Wilayah_Persekutuan.html#REVIEWS,Aquariums,,,,,,,,,
46,https://www.tripadvisor.com/Attraction_Review-g298570-d12077814-Reviews-Royal_Selangor_Club-Kuala_Lumpur_Wilayah_Persekutuan.html,https://dynamic-media-cdn.tripadvisor.com/media/photo-o/0e/4a/d8/f8/royal-selangor-club-building.jpg?w=500&h=400&s=1,Royal Selangor Club,127.,https://www.tripadvisor.com/Attraction_Review-g298570-d12077814-Reviews-Royal_Selangor_Club-Kuala_Lumpur_Wilayah_Persekutuan.html#REVIEWS,Historic Sites,,,,,,,,,
11,https://www.tripadvisor.com/Attraction_Review-g298570-d12356143-Reviews-Malaysia_Cartoon_Comic_House-Kuala_Lumpur_Wilayah_Persekutuan.html,https://dynamic-media-cdn.tripadvisor.com/media/photo-o/10/c4/1d/50/malaysia-cartoon-comic.jpg?w=500&h=400&s=1,Malaysia Cartoon & Comic House,128.,https://www.tripadvisor.com/Attraction_Review-g298570-d12356143-Reviews-Malaysia_Cartoon_Comic_House-Kuala_Lumpur_Wilayah_Persekutuan.html#REVIEWS,Art Galleries,,,,,,,,,
22,https://www.tripadvisor.com/Attraction_Review-g298570-d11892443-Reviews-Buddhist_Maha_Vihara-Kuala_Lumpur_Wilayah_Persekutuan.html,https://dynamic-media-cdn.tripadvisor.com/media/photo-o/0d/d8/d3/a8/20161211-101902-largejpg.jpg?w=500&h=-1&s=1,Buddhist Maha Vihara,129.,https://www.tripadvisor.com/Attraction_Review-g298570-d11892443-Reviews-Buddhist_Maha_Vihara-Kuala_Lumpur_Wilayah_Persekutuan.html#REVIEWS,Religious Sites,,,,,,,,,
21,https://www.tripadvisor.com/Attraction_Review-g298570-d16216197-Reviews-The_LINC_KL-Kuala_Lumpur_Wilayah_Persekutuan.html,https://dynamic-media-cdn.tripadvisor.com/media/photo-o/1d/27/6d/19/street-view.jpg?w=500&h=400&s=1,The LINC KL,130.,https://www.tripadvisor.com/Attraction_Review-g298570-d16216197-Reviews-The_LINC_KL-Kuala_Lumpur_Wilayah_Persekutuan.html#REVIEWS,Shopping Malls,Open now,https://www.tripadvisor.com/Profile/Jo-AnnKYTan,https://dynamic-media-cdn.tripadvisor.com/media/photo-o/19/9a/53/6d/caption.jpg?w=100&h=-1&s=1,By,Jo-AnnKYTan,https://www.tripadvisor.com/ShowUserReviews-g298570-d16216197-r717912283-The_LINC_KL-Kuala_Lumpur_Wilayah_Persekutuan.html,Parking is limited though but it is just across the road from The Intermark,Mall,; right downtown of KL.
22,https://www.tripadvisor.com/Attraction_Review-g298570-d4444138-Reviews-Orang_Asli_Craft_Museum-Kuala_Lumpur_Wilayah_Persekutuan.html,https://dynamic-media-cdn.tripadvisor.com/media/photo-o/0a/13/02/61/20160118-150233-largejpg.jpg?w=500&h=400&s=1,Orang Asli Craft Museum,131.,https://www.tripadvisor.com/Attraction_Review-g298570-d4444138-Reviews-Orang_Asli_Craft_Museum-Kuala_Lumpur_Wilayah_Persekutuan.html#REVIEWS,Speciality Museums,,,,,,,,,
7,https://www.tripadvisor.com/Attraction_Review-g298570-d10024798-Reviews-National_Aquatic_Centre-Kuala_Lumpur_Wilayah_Persekutuan.html,https://dynamic-media-cdn.tripadvisor.com/media/photo-o/11/79/89/fb/national-aquatic-centre.jpg?w=500&h=400&s=1,National Aquatic Centre,132.,https://www.tripadvisor.com/Attraction_Review-g298570-d10024798-Reviews-National_Aquatic_Centre-Kuala_Lumpur_Wilayah_Persekutuan.html#REVIEWS,Sports Complexes,,,,,,,,,
23,https://www.tripadvisor.com/Attraction_Review-g298570-d13565322-Reviews-Pertama_Complex-Kuala_Lumpur_Wilayah_Persekutuan.html,https://dynamic-media-cdn.tripadvisor.com/media/photo-o/12/33/c1/b8/pertama-complex.jpg?w=500&h=400&s=1,Pertama Complex,133.,https://www.tripadvisor.com/Attraction_Review-g298570-d13565322-Reviews-Pertama_Complex-Kuala_Lumpur_Wilayah_Persekutuan.html#REVIEWS,Shopping Malls,,,,,,,,,
30,https://www.tripadvisor.com/Attraction_Review-g298570-d10024773-Reviews-The_Weld_Shopping_Centre-Kuala_Lumpur_Wilayah_Persekutuan.html,https://dynamic-media-cdn.tripadvisor.com/media/photo-o/0b/4e/72/f0/the-weld-shopping-centre.jpg?w=500&h=400&s=1,The Weld Shopping Centre,134.,https://www.tripadvisor.com/Attraction_Review-g298570-d10024773-Reviews-The_Weld_Shopping_Centre-Kuala_Lumpur_Wilayah_Persekutuan.html#REVIEWS,Shopping Malls,,,,,,,,,
64,https://www.tripadvisor.com/Attraction_Review-g298570-d456575-Reviews-Dayabumi_Complex-Kuala_Lumpur_Wilayah_Persekutuan.html,https://dynamic-media-cdn.tripadvisor.com/media/photo-o/05/7d/d8/de/dayabumi-complex.jpg?w=500&h=400&s=1,Dayabumi Complex,135.,https://www.tripadvisor.com/Attraction_Review-g298570-d456575-Reviews-Dayabumi_Complex-Kuala_Lumpur_Wilayah_Persekutuan.html#REVIEWS,Architectural Buildings,,,,,,,,,
43,https://www.tripadvisor.com/Attraction_Review-g298570-d10533919-Reviews-RapidKL_Bus-Kuala_Lumpur_Wilayah_Persekutuan.html,https://dynamic-media-cdn.tripadvisor.com/media/photo-o/13/7e/92/71/rapidkl-bus.jpg?w=500&h=-1&s=1,RapidKL Bus,136.,https://www.tripadvisor.com/Attraction_Review-g298570-d10533919-Reviews-RapidKL_Bus-Kuala_Lumpur_Wilayah_Persekutuan.html#REVIEWS,Public Transportation Systems,,,,,,,,,
27,https://www.tripadvisor.com/Attraction_Review-g298570-d10196266-Reviews-Old_High_Court_Building-Kuala_Lumpur_Wilayah_Persekutuan.html,https://dynamic-media-cdn.tripadvisor.com/media/photo-o/0b/32/2c/d9/old-high-court-building.jpg?w=500&h=400&s=1,Old High Court Building,137.,https://www.tripadvisor.com/Attraction_Review-g298570-d10196266-Reviews-Old_High_Court_Building-Kuala_Lumpur_Wilayah_Persekutuan.html#REVIEWS,Points of Interest & Landmarks • Architectural Buildings,,,,,,,,,
12,https://www.tripadvisor.com/Attraction_Review-g298570-d17694839-Reviews-Marvel_Studios_Ten_Years_of_Heroes_Malaysia-Kuala_Lumpur_Wilayah_Persekutuan.html,https://dynamic-media-cdn.tripadvisor.com/media/photo-o/18/4e/f2/a5/doctor-strange-s-costume.jpg?w=500&h=400&s=1,Marvel Studios Ten Years of Heroes Malaysia,138.,https://www.tripadvisor.com/Attraction_Review-g298570-d17694839-Reviews-Marvel_Studios_Ten_Years_of_Heroes_Malaysia-Kuala_Lumpur_Wilayah_Persekutuan.html#REVIEWS,Art Galleries,,,,,,,,,
8,https://www.tripadvisor.com/Attraction_Review-g298570-d13219709-Reviews-Bukit_Jalil_National_Stadium-Kuala_Lumpur_Wilayah_Persekutuan.html,https://dynamic-media-cdn.tripadvisor.com/media/photo-o/11/79/89/c5/bukit-jalil-national.jpg?w=500&h=400&s=1,Bukit Jalil National Stadium,139.,https://www.tripadvisor.com/Attraction_Review-g298570-d13219709-Reviews-Bukit_Jalil_National_Stadium-Kuala_Lumpur_Wilayah_Persekutuan.html#REVIEWS,Arenas & Stadiums,,,,,,,,,
24,https://www.tripadvisor.com/Attraction_Review-g298570-d8544772-Reviews-Medan_Pasar-Kuala_Lumpur_Wilayah_Persekutuan.html,https://dynamic-media-cdn.tripadvisor.com/media/photo-o/0b/58/4e/3c/medan-pasar.jpg?w=500&h=400&s=1,Medan Pasar,140.,https://www.tripadvisor.com/Attraction_Review-g298570-d8544772-Reviews-Medan_Pasar-Kuala_Lumpur_Wilayah_Persekutuan.html#REVIEWS,Points of Interest & Landmarks • Scenic Walking Areas,,,,,,,,,
3,https://www.tripadvisor.com/Attraction_Review-g298570-d13206513-Reviews-Dinosaurs_Alive-Kuala_Lumpur_Wilayah_Persekutuan.html,https://dynamic-media-cdn.tripadvisor.com/media/photo-o/11/be/1d/1e/you-can-ride-the-dino.jpg?w=500&h=-1&s=1,Dinosaurs Alive,141.,https://www.tripadvisor.com/Attraction_Review-g298570-d13206513-Reviews-Dinosaurs_Alive-Kuala_Lumpur_Wilayah_Persekutuan.html#REVIEWS,Zoos • Other Zoos & Aquariums,,,,,,,,,
19,https://www.tripadvisor.com/Attraction_Review-g298570-d591017-Reviews-Arulmigu_Sri_Ramalinga_Eeswarar_Temple-Kuala_Lumpur_Wilayah_Persekutuan.html,https://dynamic-media-cdn.tripadvisor.com/media/photo-o/0c/3e/2c/49/img-20160719-wa0035-largejpg.jpg?w=500&h=400&s=1,Arulmigu Sri Ramalinga Eeswarar Temple,142.,https://www.tripadvisor.com/Attraction_Review-g298570-d591017-Reviews-Arulmigu_Sri_Ramalinga_Eeswarar_Temple-Kuala_Lumpur_Wilayah_Persekutuan.html#REVIEWS,Points of Interest & Landmarks • Religious Sites,,,,,,,,,
11,https://www.tripadvisor.com/Attraction_Review-g298570-d12492208-Reviews-NSK_Trade_City-Kuala_Lumpur_Wilayah_Persekutuan.html,https://dynamic-media-cdn.tripadvisor.com/media/photo-o/16/21/f1/22/nsk-trade-city.jpg?w=500&h=-1&s=1,NSK Trade City,143.,https://www.tripadvisor.com/Attraction_Review-g298570-d12492208-Reviews-NSK_Trade_City-Kuala_Lumpur_Wilayah_Persekutuan.html#REVIEWS,Shopping Malls,,,,,,,,,
19,https://www.tripadvisor.com/Attraction_Review-g298570-d12349336-Reviews-Sri_Kandaswamy_Temple-Kuala_Lumpur_Wilayah_Persekutuan.html,https://dynamic-media-cdn.tripadvisor.com/media/photo-o/13/74/50/7d/kandaswamy-temple-at.jpg?w=500&h=-1&s=1,Sri Kandaswamy Temple,144.,https://www.tripadvisor.com/Attraction_Review-g298570-d12349336-Reviews-Sri_Kandaswamy_Temple-Kuala_Lumpur_Wilayah_Persekutuan.html#REVIEWS,Religious Sites,,,,,,,,,
21,https://www.tripadvisor.com/Attraction_Review-g298570-d12712854-Reviews-Lost_In_China_Town-Kuala_Lumpur_Wilayah_Persekutuan.html,https://dynamic-media-cdn.tripadvisor.com/media/photo-o/1a/27/73/2b/lost-in-chinatown-kuala.jpg?w=500&h=400&s=1,Lost In China Town,145.,https://www.tripadvisor.com/Attraction_Review-g298570-d12712854-Reviews-Lost_In_China_Town-Kuala_Lumpur_Wilayah_Persekutuan.html#REVIEWS,Art Galleries • Points of Interest & Landmarks,Open now,,,,,,,,
16,https://www.tripadvisor.com/Attraction_Review-g298570-d14996155-Reviews-Shoppes_at_Four_Seasons_Place-Kuala_Lumpur_Wilayah_Persekutuan.html,https://dynamic-media-cdn.tripadvisor.com/media/photo-o/14/16/91/25/img-20180807-121714-largejpg.jpg?w=500&h=-1&s=1,Shoppes at Four Seasons Place,146.,https://www.tripadvisor.com/Attraction_Review-g298570-d14996155-Reviews-Shoppes_at_Four_Seasons_Place-Kuala_Lumpur_Wilayah_Persekutuan.html#REVIEWS,Shopping Malls,,,,,,,,,
43,https://www.tripadvisor.com/Attraction_Review-g298570-d8839222-Reviews-Klang_River-Kuala_Lumpur_Wilayah_Persekutuan.html,https://dynamic-media-cdn.tripadvisor.com/media/photo-o/11/de/3c/e8/caption.jpg?w=500&h=400&s=1,Klang River,147.,https://www.tripadvisor.com/Attraction_Review-g298570-d8839222-Reviews-Klang_River-Kuala_Lumpur_Wilayah_Persekutuan.html#REVIEWS,Bodies of Water • Points of Interest & Landmarks,,,,,,,,,
16,https://www.tripadvisor.com/Attraction_Review-g298570-d2385208-Reviews-Wat_Meh_Liew_Buddhist_Temple-Kuala_Lumpur_Wilayah_Persekutuan.html,https://dynamic-media-cdn.tripadvisor.com/media/photo-o/05/3c/57/d4/wat-meh-liew-buddhist.jpg?w=500&h=-1&s=1,Wat Meh Liew Buddhist Temple,148.,https://www.tripadvisor.com/Attraction_Review-g298570-d2385208-Reviews-Wat_Meh_Liew_Buddhist_Temple-Kuala_Lumpur_Wilayah_Persekutuan.html#REVIEWS,Religious Sites,,,,,,,,,
3,https://www.tripadvisor.com/Attraction_Review-g298570-d15105033-Reviews-Kepong_Metropolitan_Lake_Garden-Kuala_Lumpur_Wilayah_Persekutuan.html,https://dynamic-media-cdn.tripadvisor.com/media/photo-o/15/54/e5/c6/scenery-round-the-lake.jpg?w=500&h=-1&s=1,Kepong Metropolitan Lake-Garden,149.,https://www.tripadvisor.com/Attraction_Review-g298570-d15105033-Reviews-Kepong_Metropolitan_Lake_Garden-Kuala_Lumpur_Wilayah_Persekutuan.html#REVIEWS,Bodies of Water • Parks,,,,,,,,,
8,https://www.tripadvisor.com/Attraction_Review-g298570-d11949782-Reviews-Bamboo_Playhouse-Kuala_Lumpur_Wilayah_Persekutuan.html,https://dynamic-media-cdn.tripadvisor.com/media/photo-o/0e/08/7d/21/bamboo-playhouse.jpg?w=500&h=400&s=1,Bamboo Playhouse,150.,https://www.tripadvisor.com/Attraction_Review-g298570-d11949782-Reviews-Bamboo_Playhouse-Kuala_Lumpur_Wilayah_Persekutuan.html#REVIEWS,Playgrounds,,,,,,,,,
6,,,,,,1,5,,,,,,,,
19,https://www.tripadvisor.com/Attraction_Review-g298570-d15183186-Reviews-Malaysian_Houses_of_Parliament-Kuala_Lumpur_Wilayah_Persekutuan.html,https://dynamic-media-cdn.tripadvisor.com/media/photo-o/04/b8/23/19/parliament-house.jpg?w=500&h=400&s=1,Malaysian Houses of Parliament,181.,https://www.tripadvisor.com/Attraction_Review-g298570-d15183186-Reviews-Malaysian_Houses_of_Parliament-Kuala_Lumpur_Wilayah_Persekutuan.html#REVIEWS,Government Buildings,,,,,,,,,
14,https://www.tripadvisor.com/Attraction_Review-g298570-d4559726-Reviews-MO_Outlet-Kuala_Lumpur_Wilayah_Persekutuan.html,https://dynamic-media-cdn.tripadvisor.com/media/photo-o/04/3a/0a/b9/getlstd-property-photo.jpg?w=500&h=400&s=1,MO Outlet,182.,https://www.tripadvisor.com/Attraction_Review-g298570-d4559726-Reviews-MO_Outlet-Kuala_Lumpur_Wilayah_Persekutuan.html#REVIEWS,Factory Outlets,,,,,,,,,
3,https://www.tripadvisor.com/Attraction_Review-g298570-d15590959-Reviews-Glasshouse_at_Seputeh-Kuala_Lumpur_Wilayah_Persekutuan.html,https://dynamic-media-cdn.tripadvisor.com/media/photo-o/15/a8/b4/90/full-table.jpg?w=500&h=-1&s=1,Glasshouse at Seputeh,183.,https://www.tripadvisor.com/Attraction_Review-g298570-d15590959-Reviews-Glasshouse_at_Seputeh-Kuala_Lumpur_Wilayah_Persekutuan.html#REVIEWS,Convention Centers,,,,,,,,,
5,https://www.tripadvisor.com/Attraction_Review-g298570-d12102029-Reviews-Padang_Merbok-Kuala_Lumpur_Wilayah_Persekutuan.html,https://dynamic-media-cdn.tripadvisor.com/media/photo-o/0e/58/ec/a4/padang-merbok.jpg?w=500&h=400&s=1,Padang Merbok,184.,https://www.tripadvisor.com/Attraction_Review-g298570-d12102029-Reviews-Padang_Merbok-Kuala_Lumpur_Wilayah_Persekutuan.html#REVIEWS,Parks,,,,,,,,,
11,https://www.tripadvisor.com/Attraction_Review-g298570-d10209680-Reviews-Tunku_Abdul_Rahman_Putra_Memorial-Kuala_Lumpur_Wilayah_Persekutuan.html,https://dynamic-media-cdn.tripadvisor.com/media/photo-o/0b/51/da/a3/tunku-abdul-rahman-putra.jpg?w=500&h=400&s=1,Tunku Abdul Rahman Putra Memorial,185.,https://www.tripadvisor.com/Attraction_Review-g298570-d10209680-Reviews-Tunku_Abdul_Rahman_Putra_Memorial-Kuala_Lumpur_Wilayah_Persekutuan.html#REVIEWS,History Museums,,,,,,,,,
10,https://www.tripadvisor.com/Attraction_Review-g298570-d8727542-Reviews-Stadium_Merdeka-Kuala_Lumpur_Wilayah_Persekutuan.html,https://dynamic-media-cdn.tripadvisor.com/media/photo-o/11/2b/2d/6c/merdeka-stadium.jpg?w=500&h=-1&s=1,Stadium Merdeka,186.,https://www.tripadvisor.com/Attraction_Review-g298570-d8727542-Reviews-Stadium_Merdeka-Kuala_Lumpur_Wilayah_Persekutuan.html#REVIEWS,Arenas & Stadiums,,,,,,,,,
10,https://www.tripadvisor.com/Attraction_Review-g298570-d16824874-Reviews-Orchid_Hibiscus_Gardens-Kuala_Lumpur_Wilayah_Persekutuan.html,https://dynamic-media-cdn.tripadvisor.com/media/photo-o/17/86/17/fa/photo1jpg.jpg?w=500&h=-1&s=1,Orchid & Hibiscus Gardens,187.,https://www.tripadvisor.com/Attraction_Review-g298570-d16824874-Reviews-Orchid_Hibiscus_Gardens-Kuala_Lumpur_Wilayah_Persekutuan.html#REVIEWS,Gardens,,,,,,,,,
12,https://www.tripadvisor.com/Attraction_Review-g298570-d9801239-Reviews-Makam_Pahlawan-Kuala_Lumpur_Wilayah_Persekutuan.html,https://dynamic-media-cdn.tripadvisor.com/media/photo-o/0a/3d/47/88/the-tombs-inside-the.jpg?w=500&h=400&s=1,Makam Pahlawan,188.,https://www.tripadvisor.com/Attraction_Review-g298570-d9801239-Reviews-Makam_Pahlawan-Kuala_Lumpur_Wilayah_Persekutuan.html#REVIEWS,Points of Interest & Landmarks • Cemeteries,,,,,,,,,
6,https://www.tripadvisor.com/Attraction_Review-g298570-d13587786-Reviews-Church_Of_Our_Lady_Of_Fatima-Kuala_Lumpur_Wilayah_Persekutuan.html,https://dynamic-media-cdn.tripadvisor.com/media/photo-o/13/5c/04/9d/front-side-of-the-church.jpg?w=500&h=-1&s=1,Church Of Our Lady Of Fatima,189.,https://www.tripadvisor.com/Attraction_Review-g298570-d13587786-Reviews-Church_Of_Our_Lady_Of_Fatima-Kuala_Lumpur_Wilayah_Persekutuan.html#REVIEWS,Religious Sites • Churches & Cathedrals,,,,,,,,,
17,https://www.tripadvisor.com/Attraction_Review-g298570-d8439667-Reviews-1_Shamelin_Mall-Kuala_Lumpur_Wilayah_Persekutuan.html,https://dynamic-media-cdn.tripadvisor.com/media/photo-o/08/90/4f/3d/exterior.jpg?w=500&h=400&s=1,1 Shamelin Mall,190.,https://www.tripadvisor.com/Attraction_Review-g298570-d8439667-Reviews-1_Shamelin_Mall-Kuala_Lumpur_Wilayah_Persekutuan.html#REVIEWS,Shopping Malls,Open now,,,,,,,,
6,https://www.tripadvisor.com/Attraction_Review-g298570-d16760318-Reviews-Plaza_Arkadia-Kuala_Lumpur_Wilayah_Persekutuan.html,https://dynamic-media-cdn.tripadvisor.com/media/photo-o/17/70/76/3b/lrm-export-57813228343107.jpg?w=500&h=400&s=1,Plaza Arkadia,191.,https://www.tripadvisor.com/Attraction_Review-g298570-d16760318-Reviews-Plaza_Arkadia-Kuala_Lumpur_Wilayah_Persekutuan.html#REVIEWS,Shopping Malls,,,,,,,,,
9,https://www.tripadvisor.com/Attraction_Review-g298570-d10230864-Reviews-Torana_Gate-Kuala_Lumpur_Wilayah_Persekutuan.html,https://dynamic-media-cdn.tripadvisor.com/media/photo-o/14/77/d9/45/the-torana-gate.jpg?w=500&h=400&s=1,‘Torana’ Gate,192.,https://www.tripadvisor.com/Attraction_Review-g298570-d10230864-Reviews-Torana_Gate-Kuala_Lumpur_Wilayah_Persekutuan.html#REVIEWS,Monuments & Statues,,,,,,,,,
8,https://www.tripadvisor.com/Attraction_Review-g298570-d12078447-Reviews-Kampong_Bharu-Kuala_Lumpur_Wilayah_Persekutuan.html,https://dynamic-media-cdn.tripadvisor.com/media/photo-o/0e/4a/d9/e7/night-in-kampong-bharu.jpg?w=500&h=400&s=1,Kampong Bharu,193.,https://www.tripadvisor.com/Attraction_Review-g298570-d12078447-Reviews-Kampong_Bharu-Kuala_Lumpur_Wilayah_Persekutuan.html#REVIEWS,Neighborhoods,,,,,,,,,
5,https://www.tripadvisor.com/Attraction_Review-g298570-d10244722-Reviews-Stadium_Badminton_Kuala_Lumpur-Kuala_Lumpur_Wilayah_Persekutuan.html,https://dynamic-media-cdn.tripadvisor.com/media/photo-o/0e/25/62/99/the-entrance.jpg?w=500&h=400&s=1,Stadium Badminton Kuala Lumpur,194.,https://www.tripadvisor.com/Attraction_Review-g298570-d10244722-Reviews-Stadium_Badminton_Kuala_Lumpur-Kuala_Lumpur_Wilayah_Persekutuan.html#REVIEWS,Sports Complexes,,,,,,,,,
12,https://www.tripadvisor.com/Attraction_Review-g298570-d12851014-Reviews-Old_Market_Square_Clock_Tower-Kuala_Lumpur_Wilayah_Persekutuan.html,https://dynamic-media-cdn.tripadvisor.com/media/photo-o/12/b9/8c/a6/old-market-square-clock.jpg?w=500&h=-1&s=1,Old Market Square Clock Tower,195.,https://www.tripadvisor.com/Attraction_Review-g298570-d12851014-Reviews-Old_Market_Square_Clock_Tower-Kuala_Lumpur_Wilayah_Persekutuan.html#REVIEWS,Points of Interest & Landmarks • Architectural Buildings,,,,,,,,,
5,https://www.tripadvisor.com/Attraction_Review-g298570-d14086545-Reviews-APW_Bangsar-Kuala_Lumpur_Wilayah_Persekutuan.html,https://dynamic-media-cdn.tripadvisor.com/media/photo-o/13/53/f8/db/kaiju-serves-a-fusion.jpg?w=500&h=400&s=1,APW Bangsar,196.,https://www.tripadvisor.com/Attraction_Review-g298570-d14086545-Reviews-APW_Bangsar-Kuala_Lumpur_Wilayah_Persekutuan.html#REVIEWS,Points of Interest & Landmarks • Scenic Walking Areas,,,,,,,,,
15,https://www.tripadvisor.com/Attraction_Review-g298570-d10188003-Reviews-Kampong_Bharu_Jamek_Mosque-Kuala_Lumpur_Wilayah_Persekutuan.html,https://dynamic-media-cdn.tripadvisor.com/media/photo-o/0e/94/2c/fd/the-main-entrance-to.jpg?w=500&h=400&s=1,Kampong Bharu Jamek Mosque,197.,https://www.tripadvisor.com/Attraction_Review-g298570-d10188003-Reviews-Kampong_Bharu_Jamek_Mosque-Kuala_Lumpur_Wilayah_Persekutuan.html#REVIEWS,Religious Sites,,,,,,,,,
25,https://www.tripadvisor.com/Attraction_Review-g298570-d9995735-Reviews-Music_Museum-Kuala_Lumpur_Wilayah_Persekutuan.html,https://dynamic-media-cdn.tripadvisor.com/media/photo-o/0c/36/df/46/music-museum-building.jpg?w=500&h=400&s=1,Music Museum,198.,https://www.tripadvisor.com/Attraction_Review-g298570-d9995735-Reviews-Music_Museum-Kuala_Lumpur_Wilayah_Persekutuan.html#REVIEWS,Speciality Museums • Art Museums,,,,,,,,,
6,https://www.tripadvisor.com/Attraction_Review-g298570-d12362823-Reviews-Panggung_Anniversari-Kuala_Lumpur_Wilayah_Persekutuan.html,https://dynamic-media-cdn.tripadvisor.com/media/photo-o/10/c4/08/3a/panggung-anniversari.jpg?w=500&h=400&s=1,Panggung Anniversari,199.,https://www.tripadvisor.com/Attraction_Review-g298570-d12362823-Reviews-Panggung_Anniversari-Kuala_Lumpur_Wilayah_Persekutuan.html#REVIEWS,Arenas & Stadiums,,,,,,,,,
5,https://www.tripadvisor.com/Attraction_Review-g298570-d8705388-Reviews-Muzium_Orang_Asli-Kuala_Lumpur_Wilayah_Persekutuan.html,https://dynamic-media-cdn.tripadvisor.com/media/photo-o/09/30/e5/be/orang-asli-museum.jpg?w=500&h=400&s=1,Muzium Orang Asli,200.,https://www.tripadvisor.com/Attraction_Review-g298570-d8705388-Reviews-Muzium_Orang_Asli-Kuala_Lumpur_Wilayah_Persekutuan.html#REVIEWS,History Museums,,,,,,,,,
14,https://www.tripadvisor.com/Attraction_Review-g298570-d8492762-Reviews-Ikon_Connaught-Kuala_Lumpur_Wilayah_Persekutuan.html,https://dynamic-media-cdn.tripadvisor.com/media/photo-o/0e/0e/bf/0a/caption.jpg?w=500&h=-1&s=1,Ikon Connaught,201.,https://www.tripadvisor.com/Attraction_Review-g298570-d8492762-Reviews-Ikon_Connaught-Kuala_Lumpur_Wilayah_Persekutuan.html#REVIEWS,Shopping Malls,,,,,,,,,
4,https://www.tripadvisor.com/Attraction_Review-g298570-d15115053-Reviews-Acupost-Kuala_Lumpur_Wilayah_Persekutuan.html,https://dynamic-media-cdn.tripadvisor.com/media/photo-o/14/b6/93/77/carte-de-visite.jpg?w=500&h=400&s=1,Acupost,202.,https://www.tripadvisor.com/Attraction_Review-g298570-d15115053-Reviews-Acupost-Kuala_Lumpur_Wilayah_Persekutuan.html#REVIEWS,Sports Camps & Clinics,,,,,,,,,
6,https://www.tripadvisor.com/Attraction_Review-g298570-d10020442-Reviews-KL_Marathon-Kuala_Lumpur_Wilayah_Persekutuan.html,https://dynamic-media-cdn.tripadvisor.com/media/photo-o/0c/6f/84/0d/sckl-2016.jpg?w=500&h=-1&s=1,KL Marathon,203.,https://www.tripadvisor.com/Attraction_Review-g298570-d10020442-Reviews-KL_Marathon-Kuala_Lumpur_Wilayah_Persekutuan.html#REVIEWS,Sporting Events,,,,,,,,,
10,https://www.tripadvisor.com/Attraction_Review-g298570-d7622675-Reviews-Rabbit_Fun_Land_Lenggeng-Kuala_Lumpur_Wilayah_Persekutuan.html,https://dynamic-media-cdn.tripadvisor.com/media/photo-o/08/cd/4e/c7/rabbit-fun-land.jpg?w=500&h=400&s=1,Rabbit Fun Land (Lenggeng),204.,https://www.tripadvisor.com/Attraction_Review-g298570-d7622675-Reviews-Rabbit_Fun_Land_Lenggeng-Kuala_Lumpur_Wilayah_Persekutuan.html#REVIEWS,Farms,,,,,,,,,
4,https://www.tripadvisor.com/Attraction_Review-g298570-d17430863-Reviews-KL_CityWalk-Kuala_Lumpur_Wilayah_Persekutuan.html,https://dynamic-media-cdn.tripadvisor.com/media/photo-o/1a/ed/bd/42/photo1jpg.jpg?w=500&h=400&s=1,KL CityWalk,205.,https://www.tripadvisor.com/Attraction_Review-g298570-d17430863-Reviews-KL_CityWalk-Kuala_Lumpur_Wilayah_Persekutuan.html#REVIEWS,Shopping Malls,Open now,,,,,,,,
10,https://www.tripadvisor.com/Attraction_Review-g298570-d20078105-Reviews-Saloma_Link_Bridge-Kuala_Lumpur_Wilayah_Persekutuan.html,https://dynamic-media-cdn.tripadvisor.com/media/photo-o/21/fe/ab/82/even-though-built-in.jpg?w=500&h=-1&s=1,Saloma Link Bridge,206.,https://www.tripadvisor.com/Attraction_Review-g298570-d20078105-Reviews-Saloma_Link_Bridge-Kuala_Lumpur_Wilayah_Persekutuan.html#REVIEWS,Bridges,,https://www.tripadvisor.com/Profile/FaizaMatSaaid,https://dynamic-media-cdn.tripadvisor.com/media/photo-o/1a/f6/f2/b8/default-avatar-2020-26.jpg?w=100&h=-1&s=1,By,FaizaMatSaaid,https://www.tripadvisor.com/ShowUserReviews-g298570-d20078105-r771076014-Saloma_Link_Bridge-Kuala_Lumpur_Wilayah_Persekutuan.html,I went for a dinner in,Kg Baru,and decided to take a look at the newly-open RM30mil ++ bridge.
3,https://www.tripadvisor.com/Attraction_Review-g298570-d13587709-Reviews-MABA_Basketball_Stadium-Kuala_Lumpur_Wilayah_Persekutuan.html,https://dynamic-media-cdn.tripadvisor.com/media/photo-o/12/43/8c/74/maba-basketball-stadium.jpg?w=500&h=400&s=1,MABA Basketball Stadium,207.,https://www.tripadvisor.com/Attraction_Review-g298570-d13587709-Reviews-MABA_Basketball_Stadium-Kuala_Lumpur_Wilayah_Persekutuan.html#REVIEWS,Arenas & Stadiums,,,,,,,,,
5,https://www.tripadvisor.com/Attraction_Review-g298570-d2233575-Reviews-Wei_Ling_Gallery-Kuala_Lumpur_Wilayah_Persekutuan.html,https://dynamic-media-cdn.tripadvisor.com/media/photo-o/0f/4e/8c/6c/juhari-said-the-solitude.jpg?w=500&h=400&s=1,Wei-Ling Gallery,208.,https://www.tripadvisor.com/Attraction_Review-g298570-d2233575-Reviews-Wei_Ling_Gallery-Kuala_Lumpur_Wilayah_Persekutuan.html#REVIEWS,Art Galleries,,,,,,,,,
12,https://www.tripadvisor.com/Attraction_Review-g298570-d6481994-Reviews-The_Jade_Museum-Kuala_Lumpur_Wilayah_Persekutuan.html,https://dynamic-media-cdn.tripadvisor.com/media/photo-o/09/7a/f0/6f/the-jade-museum.jpg?w=500&h=400&s=1,The Jade Museum,209.,https://www.tripadvisor.com/Attraction_Review-g298570-d6481994-Reviews-The_Jade_Museum-Kuala_Lumpur_Wilayah_Persekutuan.html#REVIEWS,Speciality Museums,,,,,,,,,
6,https://www.tripadvisor.com/Attraction_Review-g298570-d12427817-Reviews-Sri_Veera_Hanuman_Temple-Kuala_Lumpur_Wilayah_Persekutuan.html,https://dynamic-media-cdn.tripadvisor.com/media/photo-o/12/c1/b1/73/sri-veera-hanuman-temple.jpg?w=500&h=400&s=1,Sri Veera Hanuman Temple,210.,https://www.tripadvisor.com/Attraction_Review-g298570-d12427817-Reviews-Sri_Veera_Hanuman_Temple-Kuala_Lumpur_Wilayah_Persekutuan.html#REVIEWS,Religious Sites,,,,,,,,,
7,,,,,,1,6,,,,,,,,
8,,,,,,1,7,,,,,,,,